session_id,subject_id,segment,key_id,key_category,press_time_ms,release_time_ms,dwell_ms,shift_held,shift_hold_ms
session_003,candidate_09,pangram,key_17,alphanum,0,117.5,117.5,False,0
session_003,candidate_09,pangram,key_15,alphanum,66,165.8,99.8,False,0
session_003,candidate_09,pangram,key_06,alphanum,181.6,319.3,137.7,False,0
session_003,candidate_09,pangram,key_18,space,286.1,412.9,126.8,False,0
session_003,candidate_09,pangram,key_27,alphanum,450.4,598,147.6,False,0
session_003,candidate_09,pangram,key_23,alphanum,514.9,658.4,143.5,False,0
session_003,candidate_09,pangram,key_22,alphanum,622.7,706.3,83.6,False,0
session_003,candidate_09,pangram,key_02,alphanum,691,787.1,96.1,False,0
session_003,candidate_09,pangram,key_08,alphanum,851.9,968.5,116.6,False,0
session_003,candidate_09,pangram,key_18,space,956.7,1076.4,119.7,False,0
session_003,candidate_09,pangram,key_12,alphanum,1110,1183,73,False,0
session_003,candidate_09,pangram,key_01,alphanum,1265.1,1376.5,111.4,False,0
session_003,candidate_09,pangram,key_24,alphanum,1389,1493.4,104.4,False,0
session_003,candidate_09,pangram,key_10,alphanum,1523.4,1632.4,109,False,0
session_003,candidate_09,pangram,key_03,alphanum,1650.5,1735.9,85.4,False,0
session_003,candidate_09,pangram,key_18,space,1741.9,1856.8,114.9,False,0
session_003,candidate_09,pangram,key_14,alphanum,1872.7,1998.6,125.9,False,0
session_003,candidate_09,pangram,key_24,alphanum,1909,1999.3,90.3,False,0
session_003,candidate_09,pangram,key_26,alphanum,2132.3,2264.8,132.5,False,0
session_003,candidate_09,pangram,key_18,space,2200.2,2317,116.8,False,0
session_003,candidate_09,pangram,key_29,alphanum,2384.2,2500.7,116.5,False,0
session_003,candidate_09,pangram,key_23,alphanum,2572.2,2656.7,84.5,False,0
session_003,candidate_09,pangram,key_20,alphanum,2819.2,2900.3,81.1,False,0
session_003,candidate_09,pangram,key_09,alphanum,3009.1,3088.9,79.8,False,0
session_003,candidate_09,pangram,key_07,alphanum,3120.3,3218.8,98.5,False,0
session_003,candidate_09,pangram,key_18,space,3223.5,3334.5,111,False,0
session_003,candidate_09,pangram,key_24,alphanum,3387.5,3475.5,88,False,0
session_003,candidate_09,pangram,key_25,alphanum,3538.8,3651,112.2,False,0
session_003,candidate_09,pangram,key_06,alphanum,3617.5,3783.1,165.6,False,0
session_003,candidate_09,pangram,key_01,alphanum,3732.9,3883,150.1,False,0
session_003,candidate_09,pangram,key_18,space,3866.2,3958.7,92.5,False,0
session_003,candidate_09,pangram,key_15,alphanum,4050.2,4137.5,87.3,False,0
session_003,candidate_09,pangram,key_17,alphanum,4199.8,4307.7,107.9,False,0
session_003,candidate_09,pangram,key_06,alphanum,4366,4464.9,98.9,False,0
session_003,candidate_09,pangram,key_18,space,4386.4,4465.7,79.3,False,0
session_003,candidate_09,pangram,key_30,alphanum,4938.8,5038.8,100,False,0
session_003,candidate_09,pangram,key_16,alphanum,5059.7,5187.9,128.2,False,0
session_003,candidate_09,pangram,key_26,alphanum,5221.6,5365.8,144.2,False,0
session_003,candidate_09,pangram,key_19,alphanum,5382.7,5482.4,99.7,False,0
session_003,candidate_09,pangram,key_18,space,5548.5,5666.5,118,False,0
session_003,candidate_09,pangram,key_28,alphanum,5690.6,5815.9,125.3,False,0
session_003,candidate_09,pangram,key_24,alphanum,5791.3,5867.2,75.9,False,0
session_003,candidate_09,pangram,key_11,alphanum,5875,5998.2,123.2,False,0
session_003,candidate_09,pangram,key_09,alphanum,6668.1,6775.9,107.8,False,0
session_003,candidate_09,pangram,key_16,alphanum,6799.2,6932.1,132.9,False,0
session_003,candidate_09,pangram,key_02,alphanum,6933.7,7035.3,101.6,False,0
session_003,candidate_09,pangram,key_08,alphanum,7032.9,7131.8,98.9,False,0
session_003,candidate_09,pangram,key_18,space,7135.9,7266.3,130.4,False,0
session_003,candidate_09,pangram,key_20,alphanum,7252.1,7364.8,112.7,False,0
session_003,candidate_09,pangram,key_19,alphanum,7450.9,7526.5,75.6,False,0
session_003,candidate_09,pangram,key_18,space,7576.4,7683.5,107.1,False,0
session_003,candidate_09,pangram,key_12,alphanum,7751.9,7825.7,73.8,False,0
session_003,candidate_09,pangram,key_24,alphanum,7925.4,8018.3,92.9,False,0
session_003,candidate_09,pangram,key_26,alphanum,8066.3,8171.4,105.1,False,0
session_003,candidate_09,pangram,key_18,space,8198.5,8271.6,73.1,False,0
session_003,candidate_09,pangram,key_10,alphanum,8451.5,8586.7,135.2,False,0
session_003,candidate_09,pangram,key_22,alphanum,8555.1,8643.1,88,False,0
session_003,candidate_09,pangram,key_17,alphanum,8671.3,8767.4,96.1,False,0
session_003,candidate_09,pangram,key_15,alphanum,8806.7,8858.7,52,False,0
session_003,candidate_09,pangram,key_18,space,8832.2,8932.3,100.1,False,0
session_003,candidate_09,pangram,key_14,alphanum,9032,9149.4,117.4,False,0
session_003,candidate_09,pangram,key_22,alphanum,9104.4,9207.5,103.1,False,0
session_003,candidate_09,pangram,key_25,alphanum,9332.9,9450.8,117.9,False,0
session_003,candidate_09,pangram,key_06,alphanum,9416,9550.9,134.9,False,0
session_003,candidate_09,pangram,key_18,space,9515.8,9651.3,135.5,False,0
session_003,candidate_09,pangram,key_28,alphanum,9717.9,9798.2,80.3,False,0
session_003,candidate_09,pangram,key_24,alphanum,9768.1,9876.7,108.6,False,0
session_003,candidate_09,pangram,key_26,alphanum,10051.3,10198.4,147.1,False,0
session_003,candidate_09,pangram,key_06,alphanum,10204,10339.6,135.6,False,0
session_003,candidate_09,pangram,key_03,alphanum,10348.6,10432,83.4,False,0
session_003,candidate_09,pangram,key_18,space,10424.2,10552.3,128.1,False,0
session_003,candidate_09,pangram,key_30,alphanum,10589.2,10724.2,135,False,0
session_003,candidate_09,pangram,key_22,alphanum,10708.2,10832.7,124.5,False,0
session_003,candidate_09,pangram,key_06,alphanum,10852.3,10932.9,80.6,False,0
session_003,candidate_09,pangram,key_23,alphanum,11049.5,11140.8,91.3,False,0
session_003,candidate_09,pangram,key_27,alphanum,11182.6,11265.1,82.5,False,0
session_003,candidate_09,pangram,key_24,alphanum,11275.7,11391.7,116,False,0
session_003,candidate_09,pangram,key_18,space,11441.9,11583.2,141.3,False,0
session_003,candidate_09,pangram,key_29,alphanum,11820,11890.1,70.1,False,0
session_003,candidate_09,pangram,key_23,alphanum,12004.4,12085.6,81.2,False,0
session_003,candidate_09,pangram,key_11,alphanum,12189.3,12318.4,129.1,False,0
session_003,candidate_09,pangram,key_07,alphanum,12277.2,12452.9,175.7,False,0
session_003,candidate_09,pangram,key_18,space,12440.8,12552.6,111.8,False,0
session_003,candidate_09,pangram,key_13,backspace,13086.1,13152.6,66.5,False,0
session_003,candidate_09,pangram,key_15,alphanum,13334.3,13421.3,87,False,0
session_003,candidate_09,pangram,key_24,alphanum,13384.1,13505.2,121.1,False,0
session_003,candidate_09,pangram,key_10,alphanum,13483.8,13609,125.2,False,0
session_003,candidate_09,pangram,key_18,space,13586.7,13703.8,117.1,False,0
session_003,candidate_09,pangram,key_25,alphanum,13701.5,13832.2,130.7,False,0
session_003,candidate_09,pangram,key_06,alphanum,13822.1,13951.6,129.5,False,0
session_003,candidate_09,pangram,key_05,alphanum,14282.1,14402.9,120.8,False,0
session_003,candidate_09,pangram,key_22,alphanum,14398.7,14521.1,122.4,False,0
session_003,candidate_09,pangram,key_03,alphanum,14457.8,14573.7,115.9,False,0
session_003,candidate_09,pangram,key_11,alphanum,14601.5,14722.2,120.7,False,0
session_003,candidate_09,pangram,key_30,alphanum,14766.2,14866.2,100,False,0
session_003,candidate_09,pangram,key_19,alphanum,14887.8,14975.7,87.9,False,0
session_003,candidate_09,pangram,key_18,space,15022.2,15117.7,95.5,False,0
session_003,candidate_09,pangram,key_27,alphanum,15522.1,15649.6,127.5,False,0
session_003,candidate_09,pangram,key_23,alphanum,15598.2,15716.7,118.5,False,0
session_003,candidate_09,pangram,key_22,alphanum,15673.8,15784.5,110.7,False,0
session_003,candidate_09,pangram,key_02,alphanum,15741.5,15853.7,112.2,False,0
session_003,candidate_09,pangram,key_08,alphanum,15886.6,15986.5,99.9,False,0
session_003,candidate_09,pangram,key_18,space,15992,16124.2,132.2,False,0
session_003,candidate_09,pangram,key_28,alphanum,16156.4,16236.1,79.7,False,0
session_003,candidate_09,pangram,key_13,backspace,16499.4,16549.6,50.2,False,0
session_003,candidate_09,pangram,key_28,alphanum,17017.7,17153.1,135.4,False,0
session_003,candidate_09,pangram,key_16,alphanum,17151.7,17354.3,202.6,False,0
session_003,candidate_09,pangram,key_14,alphanum,17322.4,17386.5,64.1,False,0
session_003,candidate_09,pangram,key_17,alphanum,17527.1,17638.5,111.4,False,0
session_003,candidate_09,pangram,key_18,space,17602.9,17719.1,116.2,False,0
session_003,candidate_09,pangram,key_26,alphanum,17838.5,17969.7,131.2,False,0
session_003,candidate_09,pangram,key_06,alphanum,18006.4,18109.7,103.3,False,0
session_003,candidate_09,pangram,key_12,alphanum,18205.1,18285,79.9,False,0
session_003,candidate_09,pangram,key_01,alphanum,18420.7,18519.5,98.8,False,0
session_003,candidate_09,pangram,key_16,alphanum,18555.1,18691.1,136,False,0
session_003,candidate_09,pangram,key_07,alphanum,18699.2,18858.6,159.4,False,0
session_003,candidate_09,pangram,key_18,space,18833.1,18932.6,99.5,False,0
session_003,candidate_09,pangram,key_29,alphanum,18966.5,19084,117.5,False,0
session_003,candidate_09,pangram,key_23,alphanum,19166.5,19256.6,90.1,False,0
session_003,candidate_09,pangram,key_20,alphanum,19452.8,19598.8,146,False,0
session_003,candidate_09,pangram,key_09,alphanum,19566.3,19682.7,116.4,False,0
session_003,candidate_09,pangram,key_17,alphanum,20200.7,20264.5,63.8,False,0
session_003,candidate_09,pangram,key_15,alphanum,20277.1,20360.4,83.3,False,0
session_003,candidate_09,pangram,key_06,alphanum,20351,20469.3,118.3,False,0
session_003,candidate_09,pangram,key_18,space,20464.7,20572.7,108,False,0
session_003,candidate_09,pangram,key_14,alphanum,20599.3,20716.8,117.5,False,0
session_003,candidate_09,pangram,key_22,alphanum,20700.2,20784.2,84,False,0
session_003,candidate_09,pangram,key_25,alphanum,20869.1,21022,152.9,False,0
session_003,candidate_09,pangram,key_06,alphanum,21011.1,21118.2,107.1,False,0
session_003,candidate_09,pangram,key_18,space,21123.3,21198.8,75.5,False,0
session_003,candidate_09,pangram,key_12,alphanum,21315.5,21389.8,74.3,False,0
session_003,candidate_09,pangram,key_26,alphanum,21444.1,21559.8,115.7,False,0
session_003,candidate_09,pangram,key_24,alphanum,21566.5,21676.7,110.2,False,0
session_003,candidate_09,pangram,key_13,backspace,22121,22172.8,51.8,False,0
session_003,candidate_09,pangram,key_13,backspace,22258.8,22307.3,48.5,False,0
session_003,candidate_09,pangram,key_24,alphanum,22488.5,22620.7,132.2,False,0
session_003,candidate_09,pangram,key_26,alphanum,22600.7,22699.7,99,False,0
session_003,candidate_09,pangram,key_22,alphanum,22788.3,22955.2,166.9,False,0
session_003,candidate_09,pangram,key_03,alphanum,22892.2,23000,107.8,False,0
session_003,candidate_09,pangram,key_11,alphanum,23026,23133.5,107.5,False,0
session_003,candidate_09,pangram,key_18,space,23157,23256.7,99.7,False,0
session_003,candidate_09,pangram,key_10,alphanum,23326.7,23423.2,96.5,False,0
session_003,candidate_09,pangram,key_22,alphanum,23421.6,23499.3,77.7,False,0
session_003,candidate_09,pangram,key_26,alphanum,23573.2,23689.5,116.3,False,0
session_003,candidate_09,pangram,key_16,alphanum,23755.7,23960.4,204.7,False,0
session_003,candidate_09,pangram,key_01,alphanum,24005.9,24101.3,95.4,False,0
session_003,candidate_09,pangram,key_28,alphanum,24252.3,24392.4,140.1,False,0
session_003,candidate_09,pangram,key_07,alphanum,24333,24484.5,151.5,False,0
session_003,candidate_09,pangram,key_18,space,24460.9,24565.9,105,False,0
session_003,candidate_09,pangram,key_29,alphanum,24599.6,24706.1,106.5,False,0
session_003,candidate_09,pangram,key_23,alphanum,24799.5,24881.2,81.7,False,0
session_003,candidate_09,pangram,key_20,alphanum,25084.5,25171.9,87.4,False,0
session_003,candidate_09,pangram,key_09,alphanum,25186,25316.9,130.9,False,0
session_003,candidate_09,pangram,key_18,space,25272.3,25404.5,132.2,False,0
session_003,candidate_09,pangram,key_27,alphanum,25475.1,25599.4,124.3,False,0
session_003,candidate_09,pangram,key_23,alphanum,25555.3,25670.6,115.3,False,0
session_003,candidate_09,pangram,key_22,alphanum,25610.9,25717.8,106.9,False,0
session_003,candidate_09,pangram,key_02,alphanum,25690.9,25787.2,96.3,False,0
session_003,candidate_09,pangram,key_08,alphanum,25818.8,25905.1,86.3,False,0
session_003,candidate_09,pangram,key_30,alphanum,25987.3,26102.4,115.1,False,0
session_003,candidate_09,pangram,key_19,alphanum,26070.9,26186.9,116,False,0
session_003,candidate_09,pangram,key_07,alphanum,27036.5,27123.2,86.7,False,0
session_003,candidate_09,pangram,key_09,alphanum,27133.2,27219.5,86.3,False,0
session_003,candidate_09,pangram,key_15,alphanum,27417.7,27518.2,100.5,False,0
session_003,candidate_09,pangram,key_22,alphanum,27651.1,27720.9,69.8,False,0
session_003,candidate_09,pangram,key_03,alphanum,27857.5,27925,67.5,False,0
session_003,candidate_09,pangram,key_26,alphanum,28105.9,28235.3,129.4,False,0
session_003,candidate_09,pangram,key_18,space,28233.2,28365.7,132.5,False,0
session_003,candidate_09,pangram,key_24,alphanum,28393.8,28493.9,100.1,False,0
session_003,candidate_09,pangram,key_11,alphanum,28733.5,28898.7,165.2,False,0
session_003,candidate_09,pangram,key_18,space,28853.7,28953.3,99.6,False,0
session_003,candidate_09,pangram,key_12,alphanum,29306.3,29375,68.7,False,0
session_003,candidate_09,pangram,key_30,alphanum,29501.4,29601.4,100,False,0
session_003,candidate_09,pangram,key_16,alphanum,29584.8,29717.6,132.8,False,0
session_003,candidate_09,pangram,key_02,alphanum,29724,29852.8,128.8,False,0
session_003,candidate_09,pangram,key_08,alphanum,29836.3,29939.7,103.4,False,0
session_003,candidate_09,pangram,key_18,space,29951.7,30075.6,123.9,False,0
session_003,candidate_09,pangram,key_23,alphanum,30224.9,30266.2,41.3,False,0
session_003,candidate_09,pangram,key_13,backspace,30538,30594.4,56.4,False,0
session_003,candidate_09,pangram,key_27,alphanum,30684.6,30742.5,57.9,False,0
session_003,candidate_09,pangram,key_23,alphanum,30784.7,30832.1,47.4,False,0
session_003,candidate_09,pangram,key_16,alphanum,30915.8,31100.5,184.7,False,0
session_003,candidate_09,pangram,key_01,alphanum,31107.9,31156.3,48.4,False,0
session_003,candidate_09,pangram,key_17,alphanum,31359.6,31439.2,79.6,False,0
session_003,candidate_09,pangram,key_26,alphanum,31654.1,31753,98.9,False,0
session_003,candidate_09,pangram,key_18,space,31769.6,31900.2,130.6,False,0
session_003,candidate_09,pangram,key_29,alphanum,31973.1,32077.2,104.1,False,0
session_003,candidate_09,pangram,key_23,alphanum,32186.3,32255.9,69.6,False,0
session_003,candidate_09,pangram,key_28,alphanum,32341.2,32453.4,112.2,False,0
session_003,candidate_09,pangram,key_11,alphanum,32503.8,32643.6,139.8,False,0
session_003,candidate_09,pangram,key_06,alphanum,32650,32772.4,122.4,False,0
session_003,candidate_09,pangram,key_18,space,32776.6,32899.4,122.8,False,0
session_003,candidate_09,pangram,key_20,alphanum,32933.3,33042,108.7,False,0
session_003,candidate_09,pangram,key_19,alphanum,33021.4,33118.2,96.8,False,0
session_003,candidate_09,pangram,key_18,space,33166,33272.1,106.1,False,0
session_003,candidate_09,pangram,key_25,alphanum,33573.4,33685.2,111.8,False,0
session_003,candidate_09,pangram,key_24,alphanum,33720.3,33768.1,47.8,False,0
session_003,candidate_09,pangram,key_06,alphanum,33820.1,33923.5,103.4,False,0
session_003,candidate_09,pangram,key_17,alphanum,35152,35272,120,False,0
session_003,candidate_09,pangram,key_15,alphanum,35243.3,35322.4,79.1,False,0
session_003,candidate_09,pangram,key_06,alphanum,35299.2,35426.5,127.3,False,0
session_003,candidate_09,pangram,key_18,space,35406.3,35532.8,126.5,False,0
session_003,candidate_09,pangram,key_27,alphanum,35650.3,35716.1,65.8,False,0
session_003,candidate_09,pangram,key_23,alphanum,35691.1,35834.3,143.2,False,0
session_003,candidate_09,pangram,key_22,alphanum,35817.1,35926.7,109.6,False,0
session_003,candidate_09,pangram,key_02,alphanum,36220,36291.4,71.4,False,0
session_003,candidate_09,pangram,key_08,alphanum,36300.6,36383.2,82.6,False,0
session_003,candidate_09,pangram,key_18,space,36405.7,36518.5,112.8,False,0
session_003,candidate_09,pangram,key_12,alphanum,36561.4,36624.4,63,False,0
session_003,candidate_09,pangram,key_01,alphanum,36658.5,36758.7,100.2,False,0
session_003,candidate_09,pangram,key_24,alphanum,36800.2,36899.4,99.2,False,0
session_003,candidate_09,pangram,key_10,alphanum,36886.6,36999.1,112.5,False,0
session_003,candidate_09,pangram,key_03,alphanum,37023.5,37087.4,63.9,False,0
session_003,candidate_09,pangram,key_18,space,37082.5,37188.1,105.6,False,0
session_003,candidate_09,pangram,key_14,alphanum,37248.3,37354.1,105.8,False,0
session_003,candidate_09,pangram,key_24,alphanum,37357.9,37453.4,95.5,False,0
session_003,candidate_09,pangram,key_26,alphanum,37536.8,37635.8,99,False,0
session_003,candidate_09,pangram,key_18,space,37621.4,37733.1,111.7,False,0
session_003,candidate_09,pangram,key_29,alphanum,37769.2,37867.9,98.7,False,0
session_003,candidate_09,pangram,key_23,alphanum,37985.8,38033,47.2,False,0
session_003,candidate_09,pangram,key_20,alphanum,38223.1,38287.8,64.7,False,0
session_003,candidate_09,pangram,key_09,alphanum,38374.9,38452.5,77.6,False,0
session_003,candidate_09,pangram,key_07,alphanum,38492,38607.6,115.6,False,0
session_003,candidate_09,pangram,key_18,space,38601,38719.2,118.2,False,0
session_003,candidate_09,pangram,key_24,alphanum,38754.5,38860.4,105.9,False,0
session_003,candidate_09,pangram,key_25,alphanum,38900.6,39039.7,139.1,False,0
session_003,candidate_09,pangram,key_06,alphanum,39051.3,39185.6,134.3,False,0
session_003,candidate_09,pangram,key_18,space,39187.2,39285.3,98.1,False,0
session_003,candidate_09,pangram,key_13,backspace,39651.3,39719.6,68.3,False,0
session_003,candidate_09,pangram,key_01,alphanum,39789.2,39832.3,43.1,False,0
session_003,candidate_09,pangram,key_18,space,39851.5,39951.8,100.3,False,0
session_003,candidate_09,pangram,key_15,alphanum,40091,40186.9,95.9,False,0
session_003,candidate_09,pangram,key_13,backspace,40556.9,40620.4,63.5,False,0
session_003,candidate_09,pangram,key_17,alphanum,41308.6,41388.3,79.7,False,0
session_003,candidate_09,pangram,key_15,alphanum,41402.2,41472.8,70.6,False,0
session_003,candidate_09,pangram,key_06,alphanum,41487,41608.4,121.4,False,0
session_003,candidate_09,pangram,key_18,space,41574.7,41699.2,124.5,False,0
session_003,candidate_09,pangram,key_30,alphanum,41717.6,41819.8,102.2,False,0
session_003,candidate_09,pangram,key_16,alphanum,41851,41960.5,109.5,False,0
session_003,candidate_09,pangram,key_05,alphanum,41966,42083.6,117.6,False,0
session_003,candidate_09,pangram,key_19,alphanum,42119.8,42199,79.2,False,0
session_003,candidate_09,pangram,key_18,space,42209.3,42357.9,148.6,False,0
session_003,candidate_09,pangram,key_28,alphanum,42501.6,42557.4,55.8,False,0
session_003,candidate_09,pangram,key_24,alphanum,42755,42834.7,79.7,False,0
session_003,candidate_09,pangram,key_11,alphanum,42852.8,42951.4,98.6,False,0
session_003,candidate_09,pangram,key_09,alphanum,43553.8,43652.3,98.5,False,0
session_003,candidate_09,pangram,key_16,alphanum,43666.7,43833.9,167.2,False,0
session_003,candidate_09,pangram,key_02,alphanum,43800.5,43922.1,121.6,False,0
session_003,candidate_09,pangram,key_08,alphanum,43960.6,44040,79.4,False,0
session_003,candidate_09,pangram,key_18,space,44044.9,44136.2,91.3,False,0
session_003,candidate_09,pangram,key_20,alphanum,44187,44272.9,85.9,False,0
session_003,candidate_09,pangram,key_19,alphanum,44317,44366.7,49.7,False,0
session_003,candidate_09,pangram,key_18,space,44484.8,44566.1,81.3,False,0
session_003,candidate_09,pangram,key_12,alphanum,44675.2,44735.1,59.9,False,0
session_003,candidate_09,pangram,key_24,alphanum,44842.4,44942.1,99.7,False,0
session_003,candidate_09,pangram,key_05,alphanum,44952.1,45072.6,120.5,False,0
session_003,candidate_09,pangram,key_18,space,45099.2,45188.7,89.5,False,0
session_003,candidate_09,pangram,key_10,alphanum,45304.1,45414.3,110.2,False,0
session_003,candidate_09,pangram,key_22,alphanum,45398.9,45487.5,88.6,False,0
session_003,candidate_09,pangram,key_17,alphanum,45500.3,45576.6,76.3,False,0
session_003,candidate_09,pangram,key_15,alphanum,45617.3,45684.2,66.9,False,0
session_003,candidate_09,pangram,key_18,space,45653.4,45789.3,135.9,False,0
session_003,candidate_09,pangram,key_14,alphanum,45834.3,45954.2,119.9,False,0
session_003,candidate_09,pangram,key_22,alphanum,45966.1,46042.1,76,False,0
session_003,candidate_09,pangram,key_25,alphanum,46087.9,46220.4,132.5,False,0
session_003,candidate_09,pangram,key_06,alphanum,46199.4,46333.7,134.3,False,0
session_003,candidate_09,pangram,key_18,space,46335.6,46435.1,99.5,False,0
session_003,candidate_09,pangram,key_28,alphanum,46533.8,46636.3,102.5,False,0
session_003,candidate_09,pangram,key_24,alphanum,46633.6,46703.3,69.7,False,0
session_003,candidate_09,pangram,key_26,alphanum,46842.2,47011.1,168.9,False,0
session_003,candidate_09,pangram,key_06,alphanum,46990.7,47116.5,125.8,False,0
session_003,candidate_09,pangram,key_03,alphanum,47141.2,47189.8,48.6,False,0
session_003,candidate_09,pangram,key_18,space,47219.1,47351.3,132.2,False,0
session_003,candidate_09,pangram,key_30,alphanum,47431.4,47599.3,167.9,False,0
session_003,candidate_09,pangram,key_22,alphanum,47556.2,47691.8,135.6,False,0
session_003,candidate_09,pangram,key_27,alphanum,47874.8,48000.7,125.9,False,0
session_003,candidate_09,pangram,key_23,alphanum,48133.2,48234.1,100.9,False,0
session_003,candidate_09,pangram,key_24,alphanum,48369,48461,92,False,0
session_003,candidate_09,pangram,key_01,alphanum,48490.5,48651.7,161.2,False,0
session_003,candidate_09,pangram,key_18,space,48685.8,48776.4,90.6,False,0
session_003,candidate_09,pangram,key_29,alphanum,48918.8,48999.2,80.4,False,0
session_003,candidate_09,pangram,key_23,alphanum,49108.6,49161.3,52.7,False,0
session_003,candidate_09,pangram,key_11,alphanum,49194.8,49299.9,105.1,False,0
session_003,candidate_09,pangram,key_07,alphanum,49268,49418.3,150.3,False,0
session_003,candidate_09,pangram,key_15,alphanum,50068.7,50152.9,84.2,False,0
session_003,candidate_09,pangram,key_24,alphanum,50163.3,50275.3,112,False,0
session_003,candidate_09,pangram,key_10,alphanum,50290.9,50409.9,119,False,0
session_003,candidate_09,pangram,key_18,space,50432.7,50536.9,104.2,False,0
session_003,candidate_09,pangram,key_25,alphanum,50617.6,50760.3,142.7,False,0
session_003,candidate_09,pangram,key_06,alphanum,50752.4,50892.5,140.1,False,0
session_003,candidate_09,pangram,key_05,alphanum,50937.3,51050,112.7,False,0
session_003,candidate_09,pangram,key_22,alphanum,51066.3,51209,142.7,False,0
session_003,candidate_09,pangram,key_03,alphanum,51157.6,51253.2,95.6,False,0
session_003,candidate_09,pangram,key_11,alphanum,51266,51389.6,123.6,False,0
session_003,candidate_09,pangram,key_30,alphanum,51578.1,51678.1,100,False,0
session_003,candidate_09,pangram,key_19,alphanum,52620.1,52700.8,80.7,False,0
session_003,candidate_09,pangram,key_18,space,52750.5,52882.8,132.3,False,0
session_003,candidate_09,pangram,key_27,alphanum,53153.9,53290.3,136.4,False,0
session_003,candidate_09,pangram,key_23,alphanum,53241.8,53358,116.2,False,0
session_003,candidate_09,pangram,key_22,alphanum,53322,53420.3,98.3,False,0
session_003,candidate_09,pangram,key_02,alphanum,53394,53500.1,106.1,False,0
session_003,candidate_09,pangram,key_08,alphanum,53535.1,53634.4,99.3,False,0
session_003,candidate_09,pangram,key_18,space,53620.5,53719.9,99.4,False,0
session_003,candidate_09,pangram,key_28,alphanum,53754.4,53908.3,153.9,False,0
session_003,candidate_09,pangram,key_16,alphanum,53876.1,54052.2,176.1,False,0
session_003,candidate_09,pangram,key_14,alphanum,54024.8,54137,112.2,False,0
session_003,candidate_09,pangram,key_17,alphanum,54225.4,54323.2,97.8,False,0
session_003,candidate_09,pangram,key_18,space,54328,54434.4,106.4,False,0
session_003,candidate_09,pangram,key_26,alphanum,54476.7,54577,100.3,False,0
session_003,candidate_09,pangram,key_06,alphanum,54628.5,54740.4,111.9,False,0
session_003,candidate_09,pangram,key_12,alphanum,54776.9,54841.2,64.3,False,0
session_003,candidate_09,pangram,key_01,alphanum,55020.8,55152.1,131.3,False,0
session_003,candidate_09,pangram,key_16,alphanum,55134.1,55265.9,131.8,False,0
session_003,candidate_09,pangram,key_07,alphanum,55234.9,55399.2,164.3,False,0
session_003,candidate_09,pangram,key_18,space,55385.3,55490.8,105.5,False,0
session_003,candidate_09,pangram,key_29,alphanum,55553.7,55657.5,103.8,False,0
session_003,candidate_09,pangram,key_23,alphanum,55727.4,55832.6,105.2,False,0
session_003,candidate_09,pangram,key_20,alphanum,55977,56117,140,False,0
session_003,candidate_09,pangram,key_09,alphanum,56068,56219.7,151.7,False,0
session_003,candidate_09,pangram,key_17,alphanum,56820,56920.2,100.2,False,0
session_003,candidate_09,pangram,key_15,alphanum,56921.2,57000.7,79.5,False,0
session_003,candidate_09,pangram,key_06,alphanum,56999.8,57117.5,117.7,False,0
session_003,candidate_09,pangram,key_18,space,57076,57200.2,124.2,False,0
session_003,candidate_09,pangram,key_14,alphanum,57282,57366.3,84.3,False,0
session_003,candidate_09,pangram,key_22,alphanum,57371.1,57454.5,83.4,False,0
session_003,candidate_09,pangram,key_25,alphanum,57708.7,57852.8,144.1,False,0
session_003,candidate_09,pangram,key_06,alphanum,57820.2,57974.1,153.9,False,0
session_003,candidate_09,pangram,key_18,space,57961.6,58051.1,89.5,False,0
session_003,candidate_09,pangram,key_12,alphanum,58159.6,58232.4,72.8,False,0
session_003,candidate_09,pangram,key_24,alphanum,58319.5,58433,113.5,False,0
session_003,candidate_09,pangram,key_26,alphanum,58438.2,58549,110.8,False,0
session_003,candidate_09,pangram,key_22,alphanum,58575.2,58766.9,191.7,False,0
session_003,candidate_09,pangram,key_03,alphanum,58717,58811.4,94.4,False,0
session_003,candidate_09,pangram,key_11,alphanum,58759.3,58875.2,115.9,False,0
session_003,candidate_09,pangram,key_18,space,58934.2,59032.3,98.1,False,0
session_003,candidate_09,pangram,key_22,alphanum,59244.5,59308.6,64.1,False,0
session_003,candidate_09,pangram,key_13,backspace,59604.4,59672.5,68.1,False,0
session_003,candidate_09,pangram,key_10,alphanum,59691.9,59791.6,99.7,False,0
session_003,candidate_09,pangram,key_22,alphanum,59837.6,59917,79.4,False,0
session_003,candidate_09,pangram,key_26,alphanum,59976,60085.4,109.4,False,0
session_003,candidate_09,pangram,key_16,alphanum,60369.9,60555.7,185.8,False,0
session_003,candidate_09,pangram,key_01,alphanum,60540.3,60640,99.7,False,0
session_003,candidate_09,pangram,key_28,alphanum,60770.3,60901.4,131.1,False,0
session_003,candidate_09,pangram,key_07,alphanum,60874.2,61054.6,180.4,False,0
session_003,candidate_09,pangram,key_18,space,60953.3,61057.8,104.5,False,0
session_003,candidate_09,pangram,key_29,alphanum,61126.3,61226,99.7,False,0
session_003,candidate_09,pangram,key_23,alphanum,61335.7,61399.1,63.4,False,0
session_003,candidate_09,pangram,key_20,alphanum,61567.7,61770.9,203.2,False,0
session_003,candidate_09,pangram,key_09,alphanum,61658.5,61706.5,48,False,0
session_003,candidate_09,pangram,key_18,space,61854.1,62004.6,150.5,False,0
session_003,candidate_09,pangram,key_27,alphanum,62167,62272.8,105.8,False,0
session_003,candidate_09,pangram,key_23,alphanum,62253.6,62352.5,98.9,False,0
session_003,candidate_09,pangram,key_22,alphanum,62309.4,62423.7,114.3,False,0
session_003,candidate_09,pangram,key_02,alphanum,62436.2,62527.8,91.6,False,0
session_003,candidate_09,pangram,key_08,alphanum,62541.6,62632.6,91,False,0
session_003,candidate_09,pangram,key_30,alphanum,62744.3,62854.7,110.4,False,0
session_003,candidate_09,pangram,key_23,alphanum,63189.6,63273.1,83.5,False,0
session_003,candidate_09,pangram,key_07,alphanum,64067.2,64177.8,110.6,False,0
session_003,candidate_09,pangram,key_15,alphanum,64207.1,64291.2,84.1,False,0
session_003,candidate_09,pangram,key_13,backspace,64886.4,64951.1,64.7,False,0
session_003,candidate_09,pangram,key_09,alphanum,65222.7,65319.6,96.9,False,0
session_003,candidate_09,pangram,key_15,alphanum,65461.7,65566.5,104.8,False,0
session_003,candidate_09,pangram,key_22,alphanum,65551.6,65656.3,104.7,False,0
session_003,candidate_09,pangram,key_03,alphanum,65735.1,65835.5,100.4,False,0
session_003,candidate_09,pangram,key_26,alphanum,65887.3,65984.1,96.8,False,0
session_003,candidate_09,pangram,key_18,space,65989.3,66101.7,112.4,False,0
session_003,candidate_09,pangram,key_24,alphanum,66188,66267.1,79.1,False,0
session_003,candidate_09,pangram,key_14,alphanum,66302.8,66417.9,115.1,False,0
session_003,candidate_09,pangram,key_18,space,66433.9,66519.6,85.7,False,0
session_003,candidate_09,pangram,key_12,alphanum,66650.1,66719.1,69,False,0
session_003,candidate_09,pangram,key_30,alphanum,66834,66933.3,99.3,False,0
session_003,candidate_09,pangram,key_16,alphanum,66941.2,67093.2,152,False,0
session_003,candidate_09,pangram,key_02,alphanum,67107.4,67223.6,116.2,False,0
session_003,candidate_09,pangram,key_08,alphanum,67235.6,67319.1,83.5,False,0
session_003,candidate_09,pangram,key_18,space,67325.2,67443,117.8,False,0
session_003,candidate_09,pangram,key_23,alphanum,67677.2,67752.8,75.6,False,0
session_003,candidate_09,pangram,key_13,backspace,67985.1,68059.9,74.8,False,0
session_003,candidate_09,pangram,key_10,alphanum,68071.9,68200.5,128.6,False,0
session_003,candidate_09,pangram,key_19,alphanum,68334.9,68354.1,19.2,False,0
session_003,candidate_09,pangram,key_16,alphanum,68443.2,68635.5,192.3,False,0
session_003,candidate_09,pangram,key_01,alphanum,69038.9,69167.1,128.2,False,0
session_003,candidate_09,pangram,key_17,alphanum,69309.2,69377.2,68,False,0
session_003,candidate_09,pangram,key_26,alphanum,69659.4,69767.7,108.3,False,0
session_003,candidate_09,pangram,key_18,space,69785.6,69904.1,118.5,False,0
session_003,candidate_09,pangram,key_29,alphanum,70021.6,70120.4,98.8,False,0
session_003,candidate_09,pangram,key_23,alphanum,70219.9,70289.3,69.4,False,0
session_003,candidate_09,pangram,key_28,alphanum,70371.3,70454.9,83.6,False,0
session_003,candidate_09,pangram,key_11,alphanum,70570.3,70677.5,107.2,False,0
session_003,candidate_09,pangram,key_06,alphanum,70674,70788.9,114.9,False,0
session_003,candidate_09,pangram,key_18,space,70757.4,70851.9,94.5,False,0
session_003,candidate_09,pangram,key_20,alphanum,70967.4,71073.3,105.9,False,0
session_003,candidate_09,pangram,key_19,alphanum,71084.5,71200,115.5,False,0
session_003,candidate_09,pangram,key_18,space,71234.1,71339.1,105,False,0
session_003,candidate_09,pangram,key_10,alphanum,71507.2,71587.4,80.2,False,0
session_003,candidate_09,pangram,key_13,backspace,71870.5,71938.2,67.7,False,0
session_003,candidate_09,pangram,key_25,alphanum,72073.1,72176.3,103.2,False,0
session_003,candidate_09,pangram,key_24,alphanum,72237.5,72308.6,71.1,False,0
session_003,candidate_09,pangram,key_10,alphanum,72321.9,72400.1,78.2,False,0
session_003,candidate_09,pangram,key_15,alphanum,73104.3,73186,81.7,False,0
session_003,candidate_09,pangram,key_13,backspace,73452.9,73519.9,67,False,0
session_003,candidate_09,pangram,key_17,alphanum,73534,73618.6,84.6,False,0
session_003,candidate_09,pangram,key_15,alphanum,73711.2,73786.5,75.3,False,0
session_003,candidate_09,pangram,key_06,alphanum,73771.4,73855.1,83.7,False,0
session_003,candidate_09,pangram,key_18,space,73887.6,74000,112.4,False,0
session_003,candidate_09,pangram,key_27,alphanum,74026.2,74154.1,127.9,False,0
session_003,candidate_09,pangram,key_23,alphanum,74101.9,74233.6,131.7,False,0
session_003,candidate_09,pangram,key_22,alphanum,74194.6,74309.5,114.9,False,0
session_003,candidate_09,pangram,key_02,alphanum,74274.2,74387.5,113.3,False,0
session_003,candidate_09,pangram,key_08,alphanum,74453.2,74543.1,89.9,False,0
session_003,candidate_09,pangram,key_18,space,74570.9,74685.9,115,False,0
session_003,candidate_09,pangram,key_12,alphanum,74725.7,74800.4,74.7,False,0
session_003,candidate_09,pangram,key_01,alphanum,74853.7,74944,90.3,False,0
session_003,candidate_09,pangram,key_24,alphanum,74986.4,75076.4,90,False,0
session_003,candidate_09,pangram,key_10,alphanum,75061.5,75193.1,131.6,False,0
session_003,candidate_09,pangram,key_03,alphanum,75241.5,75326.5,85,False,0
session_003,candidate_09,pangram,key_18,space,75321.8,75452.9,131.1,False,0
session_003,candidate_09,pangram,key_14,alphanum,75501,75599.9,98.9,False,0
session_003,candidate_09,pangram,key_24,alphanum,75568.3,75661.1,92.8,False,0
session_003,candidate_09,pangram,key_26,alphanum,75752.8,75867.4,114.6,False,0
session_003,candidate_09,pangram,key_18,space,75860.2,75968.2,108,False,0
session_003,candidate_09,pangram,key_29,alphanum,76039.9,76135.9,96,False,0
session_003,candidate_09,pangram,key_23,alphanum,76254.5,76333.6,79.1,False,0
session_003,candidate_09,pangram,key_20,alphanum,76489.5,76605.7,116.2,False,0
session_003,candidate_09,pangram,key_09,alphanum,76653.6,76752,98.4,False,0
session_003,candidate_09,pangram,key_07,alphanum,76743.4,76884.9,141.5,False,0
session_003,candidate_09,pangram,key_18,space,76928.3,77032.7,104.4,False,0
session_003,candidate_09,pangram,key_25,alphanum,77194.4,77253.4,59,False,0
session_003,candidate_09,pangram,key_24,alphanum,77273.3,77367.7,94.4,False,0
session_003,candidate_09,pangram,key_13,backspace,77708.6,77766.5,57.9,False,0
session_003,candidate_09,pangram,key_13,backspace,77860.4,77924.2,63.8,False,0
session_003,candidate_09,pangram,key_24,alphanum,78101.8,78177.1,75.3,False,0
session_003,candidate_09,pangram,key_25,alphanum,78205.4,78322.1,116.7,False,0
session_003,candidate_09,pangram,key_06,alphanum,78290,78467.7,177.7,False,0
session_003,candidate_09,pangram,key_01,alphanum,78405.5,78561.1,155.6,False,0
session_003,candidate_09,pangram,key_18,space,78541.1,78652.4,111.3,False,0
session_003,candidate_09,pangram,key_17,alphanum,78700.3,78807.8,107.5,False,0
session_003,candidate_09,pangram,key_15,alphanum,78768.5,78860,91.5,False,0
session_003,candidate_09,pangram,key_06,alphanum,78875.3,79003.5,128.2,False,0
session_003,candidate_09,pangram,key_18,space,78986.8,79118.9,132.1,False,0
session_003,candidate_09,pangram,key_30,alphanum,79111.9,79200.1,88.2,False,0
session_003,candidate_09,pangram,key_26,alphanum,79208.1,79337.3,129.2,False,0
session_003,candidate_09,pangram,key_19,alphanum,79553.6,79608.8,55.2,False,0
session_003,candidate_09,pangram,key_13,backspace,79890.2,79942.5,52.3,False,0
session_003,candidate_09,pangram,key_13,backspace,80019.5,80094.4,74.9,False,0
session_003,candidate_09,pangram,key_16,alphanum,80154.4,80253.1,98.7,False,0
session_003,candidate_09,pangram,key_26,alphanum,80234.6,80437.3,202.7,False,0
session_003,candidate_09,pangram,key_19,alphanum,81011.6,81101.3,89.7,False,0
session_003,candidate_09,pangram,key_18,space,81153.3,81277.4,124.1,False,0
session_003,candidate_09,pangram,key_28,alphanum,81370.3,81485.8,115.5,False,0
session_003,candidate_09,pangram,key_24,alphanum,81434.2,81517.2,83,False,0
session_003,candidate_09,pangram,key_11,alphanum,81559.6,81686.5,126.9,False,0
session_003,candidate_09,pangram,key_09,alphanum,82394.3,82485.4,91.1,False,0
session_003,candidate_09,pangram,key_16,alphanum,82478.2,82606.2,128,False,0
session_003,candidate_09,pangram,key_02,alphanum,82790,82918.5,128.5,False,0
session_003,candidate_09,pangram,key_08,alphanum,82970.4,83065.9,95.5,False,0
session_003,candidate_09,pangram,key_18,space,83074,83200.6,126.6,False,0
session_003,candidate_09,pangram,key_20,alphanum,83321.1,83421.9,100.8,False,0
session_003,candidate_09,pangram,key_19,alphanum,83501.5,83633.8,132.3,False,0
session_003,candidate_09,pangram,key_18,space,83636.9,83725.1,88.2,False,0
session_003,candidate_09,pangram,key_12,alphanum,83885.2,83932.8,47.6,False,0
session_003,candidate_09,pangram,key_24,alphanum,84070,84158.3,88.3,False,0
session_003,candidate_09,pangram,key_26,alphanum,84189.4,84292.5,103.1,False,0
session_003,candidate_09,pangram,key_18,space,84310,84400.2,90.2,False,0
session_003,candidate_09,pangram,key_10,alphanum,85406.5,85554,147.5,False,0
session_003,candidate_09,pangram,key_22,alphanum,85502.3,85600.5,98.2,False,0
session_003,candidate_09,pangram,key_17,alphanum,85618.8,85742,123.2,False,0
session_003,candidate_09,pangram,key_15,alphanum,85749.7,85845.3,95.6,False,0
session_003,candidate_09,pangram,key_18,space,85819.6,85962.2,142.6,False,0
session_003,candidate_09,pangram,key_14,alphanum,86378.8,86484.7,105.9,False,0
session_003,candidate_09,pangram,key_22,alphanum,86486,86561.8,75.8,False,0
session_003,candidate_09,pangram,key_25,alphanum,86734.5,86857.8,123.3,False,0
session_003,candidate_09,pangram,key_06,alphanum,86838.5,86968.8,130.3,False,0
session_003,candidate_09,pangram,key_18,space,86953.8,87061.9,108.1,False,0
session_003,candidate_09,pangram,key_28,alphanum,87226,87289.7,63.7,False,0
session_003,candidate_09,pangram,key_24,alphanum,87300.9,87402,101.1,False,0
session_003,candidate_09,pangram,key_26,alphanum,87525.6,87734.1,208.5,False,0
session_003,candidate_09,pangram,key_06,alphanum,87709.7,87833.8,124.1,False,0
session_003,candidate_09,pangram,key_03,alphanum,87851.9,87961.9,110,False,0
session_003,candidate_09,pangram,key_18,space,88001.2,88133.7,132.5,False,0
session_003,candidate_09,pangram,key_30,alphanum,88222.7,88336.3,113.6,False,0
session_003,candidate_09,pangram,key_22,alphanum,88371.7,88521.7,150,False,0
session_003,candidate_09,pangram,key_27,alphanum,88590.7,88720.9,130.2,False,0
session_003,candidate_09,pangram,key_23,alphanum,89185.2,,,False,0
session_003,candidate_09,free,key_17,alphanum,107460,107538,78.4,False,0
session_003,candidate_09,free,key_15,alphanum,107584,107660,76.3,False,0
session_003,candidate_09,free,key_01,alphanum,107677,107819,141.8,False,0
session_003,candidate_09,free,key_06,alphanum,107772,107892,119.5,False,0
session_003,candidate_09,free,key_06,alphanum,107968,108121,153.2,False,0
session_003,candidate_09,free,key_18,space,108070,108193,122.5,False,0
session_003,candidate_09,free,key_01,alphanum,108210,108335,125.3,False,0
session_003,candidate_09,free,key_22,alphanum,108319,108494,175.1,False,0
session_003,candidate_09,free,key_03,alphanum,108423,108522,99.3,False,0
session_003,candidate_09,free,key_11,alphanum,108502,108638,135.8,False,0
session_003,candidate_09,free,key_07,alphanum,108607,108768,161,False,0
session_003,candidate_09,free,key_18,space,108723,108842,119,False,0
session_003,candidate_09,free,key_14,alphanum,108902,108995,92.5,False,0
session_003,candidate_09,free,key_24,alphanum,108972,109068,96.9,False,0
session_003,candidate_09,free,key_01,alphanum,109107,109195,88.6,False,0
session_003,candidate_09,free,key_18,space,109202,109288,86.6,False,0
session_003,candidate_09,free,key_17,alphanum,109323,109450,127,False,0
session_003,candidate_09,free,key_15,alphanum,109407,109518,110.4,False,0
session_003,candidate_09,free,key_06,alphanum,109495,109639,143.5,False,0
session_003,candidate_09,free,key_18,space,109586,109696,109.9,False,0
session_003,candidate_09,free,key_06,alphanum,109752,109890,138.7,False,0
session_003,candidate_09,free,key_30,alphanum,109888,109975,87.3,False,0
session_003,candidate_09,free,key_25,alphanum,110088,110192,104.6,False,0
session_003,candidate_09,free,key_06,alphanum,110168,110299,131,False,0
session_003,candidate_09,free,key_03,alphanum,110288,110386,97.5,False,0
session_003,candidate_09,free,key_18,space,110399,110513,113.4,False,0
session_003,candidate_09,free,key_08,alphanum,110517,110592,75.5,False,0
session_003,candidate_09,free,key_22,alphanum,110706,110851,144.4,False,0
session_003,candidate_09,free,key_03,alphanum,110817,110935,118.2,False,0
session_003,candidate_09,free,key_11,alphanum,110918,111036,118.2,False,0
session_003,candidate_09,free,key_07,alphanum,110995,111174,178.9,False,0
session_003,candidate_09,free,key_18,space,111118,111201,82.2,False,0
session_003,candidate_09,free,key_23,alphanum,111251,111336,85.1,False,0
session_003,candidate_09,free,key_03,alphanum,111487,111554,67.4,False,0
session_003,candidate_09,free,key_28,alphanum,111574,111662,88.6,False,0
session_003,candidate_09,free,key_06,alphanum,111788,111893,105.1,False,0
session_003,candidate_09,free,key_01,alphanum,111859,112008,149.9,False,0
session_003,candidate_09,free,key_18,space,111977,112087,110,False,0
session_003,candidate_09,free,key_17,alphanum,112134,112258,123.7,False,0
session_003,candidate_09,free,key_15,alphanum,112206,112310,103.8,False,0
session_003,candidate_09,free,key_06,alphanum,112290,112418,127.3,False,0
session_003,candidate_09,free,key_18,space,112422,112524,102.4,False,0
session_003,candidate_09,free,key_07,alphanum,112520,112642,121.9,False,0
session_003,candidate_09,free,key_08,alphanum,112651,112750,99.3,False,0
session_003,candidate_09,free,key_19,alphanum,112870,112937,67.4,False,0
session_003,candidate_09,free,key_18,space,112971,113092,120.4,False,0
session_003,candidate_09,free,key_07,alphanum,113124,113306,182.2,False,0
session_003,candidate_09,free,key_06,alphanum,113268,113443,174.8,False,0
session_003,candidate_09,free,key_25,alphanum,113461,113585,123.9,False,0
session_003,candidate_09,free,key_06,alphanum,113574,113721,147.2,False,0
session_003,candidate_09,free,key_03,alphanum,113706,113806,100,False,0
session_003,candidate_09,free,key_18,space,113811,113946,134.4,False,0
session_003,candidate_09,free,key_14,alphanum,113993,114104,111.1,False,0
session_003,candidate_09,free,key_24,alphanum,114038,114145,106.9,False,0
session_003,candidate_09,free,key_01,alphanum,114236,114367,131.9,False,0
session_003,candidate_09,free,key_18,space,114388,114487,99.1,False,0
session_003,candidate_09,free,key_17,alphanum,114726,114824,98.8,False,0
session_003,candidate_09,free,key_15,alphanum,114809,114900,90.6,False,0
session_003,candidate_09,free,key_06,alphanum,114904,115017,113.4,False,0
session_003,candidate_09,free,key_18,space,114989,115093,104,False,0
session_003,candidate_09,free,key_28,alphanum,115169,115260,90.8,False,0
session_003,candidate_09,free,key_16,alphanum,115336,115369,33.2,False,0
session_003,candidate_09,free,key_10,alphanum,115596,115688,91.9,False,0
session_003,candidate_09,free,key_13,backspace,115841,115903,62.8,False,0
session_003,candidate_09,free,key_13,backspace,115980,116090,109.7,False,0
session_003,candidate_09,free,key_10,alphanum,116018,116218,200.1,False,0
session_003,candidate_09,free,key_16,alphanum,116161,116343,182.1,False,0
session_003,candidate_09,free,key_01,alphanum,116329,116420,90.7,False,0
session_003,candidate_09,free,key_14,alphanum,116606,116717,111,False,0
session_003,candidate_09,free,key_18,space,116778,116902,124.2,False,0
session_003,candidate_09,free,key_30,alphanum,117061,117157,95.9,False,0
session_003,candidate_09,free,key_24,alphanum,117273,117352,78.8,False,0
session_003,candidate_09,free,key_01,alphanum,117392,117472,80.1,False,0
session_003,candidate_09,free,key_28,alphanum,117571,117728,157.4,False,0
session_003,candidate_09,free,key_18,space,117713,117853,139.9,False,0
session_003,candidate_09,free,key_22,alphanum,117838,118028,190.3,False,0
session_003,candidate_09,free,key_03,alphanum,117970,118072,102.2,False,0
session_003,candidate_09,free,key_17,alphanum,118122,118222,100,False,0
session_003,candidate_09,free,key_15,alphanum,118295,,,False,0
session_003,candidate_09,free,key_07,alphanum,119687,119802,115.3,False,0
session_003,candidate_09,free,key_18,space,119865,119986,120.4,False,0
session_003,candidate_09,free,key_22,alphanum,120003,120186,183,False,0
session_003,candidate_09,free,key_03,alphanum,120118,120219,100.3,False,0
session_003,candidate_09,free,key_18,space,120535,120644,108.9,False,0
session_003,candidate_09,free,key_17,alphanum,120740,120804,64.6,False,0
session_003,candidate_09,free,key_15,alphanum,120818,120885,67,False,0
session_003,candidate_09,free,key_06,alphanum,120896,121043,147.3,False,0
session_003,candidate_09,free,key_01,alphanum,121012,121085,72.9,False,0
session_003,candidate_09,free,key_22,alphanum,121077,121176,98.5,False,0
session_003,candidate_09,free,key_13,backspace,121622,121678,56.7,False,0
session_003,candidate_09,free,key_13,backspace,121774,121836,62.4,False,0
session_003,candidate_09,free,key_01,alphanum,121890,121977,86.8,False,0
session_003,candidate_09,free,key_13,backspace,122342,122406,63.8,False,0
session_003,candidate_09,free,key_22,alphanum,122560,122652,91.3,False,0
session_003,candidate_09,free,key_01,alphanum,122653,122752,98.7,False,0
session_003,candidate_09,free,key_18,space,122744,122852,107.8,False,0
session_003,candidate_09,free,key_14,alphanum,122975,123075,99.6,False,0
session_003,candidate_09,free,key_13,backspace,123494,123570,76.4,False,0
session_003,candidate_09,free,key_15,alphanum,123729,123785,56.3,False,0
session_003,candidate_09,free,key_16,alphanum,123805,123918,112.6,False,0
session_003,candidate_09,free,key_30,alphanum,123937,123975,38.4,False,0
session_003,candidate_09,free,key_30,alphanum,124061,124140,79,False,0
session_003,candidate_09,free,key_07,alphanum,124161,124287,125.7,False,0
session_003,candidate_09,free,key_18,space,124254,124378,124.4,False,0
session_003,candidate_09,free,key_24,alphanum,124385,124474,88.7,False,0
session_003,candidate_09,free,key_14,alphanum,124470,124590,120.1,False,0
session_003,candidate_09,free,key_18,space,124613,124687,74.1,False,0
session_003,candidate_09,free,key_07,alphanum,124713,124854,141,False,0
session_003,candidate_09,free,key_17,alphanum,124887,125001,114.1,False,0
session_003,candidate_09,free,key_24,alphanum,124993,125161,167.4,False,0
session_003,candidate_09,free,key_03,alphanum,125110,125210,100.1,False,0
session_003,candidate_09,free,key_06,alphanum,125224,125321,96.9,False,0
session_003,candidate_09,free,key_04,symbol,125436,125510,74.6,False,0
session_003,candidate_09,free,key_18,space,125523,125643,120.3,False,0
session_003,candidate_09,free,key_03,alphanum,125736,125857,121.1,False,0
session_003,candidate_09,free,key_22,alphanum,125862,125977,115.5,False,0
session_003,candidate_09,free,key_03,alphanum,125962,126070,108.3,False,0
session_003,candidate_09,free,key_06,alphanum,126104,126211,106.4,False,0
session_003,candidate_09,free,key_18,space,126406,126502,95.7,False,0
session_003,candidate_09,free,key_14,alphanum,126628,126740,111.1,False,0
session_003,candidate_09,free,key_24,alphanum,126737,126852,115.2,False,0
session_003,candidate_09,free,key_01,alphanum,126871,126978,106.9,False,0
session_003,candidate_09,free,key_18,space,126954,127036,82,False,0
session_003,candidate_09,free,key_20,alphanum,127136,127277,141,False,0
session_003,candidate_09,free,key_24,alphanum,127262,127337,75,False,0
session_003,candidate_09,free,key_01,alphanum,127354,127458,104,False,0
session_003,candidate_09,free,key_17,alphanum,127713,127794,80.9,False,0
session_003,candidate_09,free,key_16,alphanum,127819,127969,149.8,False,0
session_003,candidate_09,free,key_30,alphanum,127878,128010,131.9,False,0
session_003,candidate_09,free,key_18,space,128021,128138,116.4,False,0
session_003,candidate_09,free,key_20,alphanum,128127,128219,91.7,False,0
session_003,candidate_09,free,key_06,alphanum,128235,128327,91.5,False,0
session_003,candidate_09,free,key_03,alphanum,128339,128423,83.8,False,0
session_003,candidate_09,free,key_18,space,128445,128587,142.5,False,0
session_003,candidate_09,free,key_28,alphanum,128569,128705,135.9,False,0
session_003,candidate_09,free,key_24,alphanum,128709,128777,67.6,False,0
session_003,candidate_09,free,key_24,alphanum,128839,128963,123.9,False,0
session_003,candidate_09,free,key_20,alphanum,128978,129135,157,False,0
session_003,candidate_09,free,key_06,alphanum,129110,129190,80,False,0
session_003,candidate_09,free,key_28,alphanum,129305,129436,131.2,False,0
session_003,candidate_09,free,key_18,space,129445,129521,76,False,0
session_003,candidate_09,free,key_17,alphanum,129570,129653,83.8,False,0
session_003,candidate_09,free,key_24,alphanum,129658,129725,67,False,0
session_003,candidate_09,free,key_18,space,129738,129863,125.1,False,0
session_003,candidate_09,free,key_28,alphanum,129874,129993,119.5,False,0
session_003,candidate_09,free,key_22,alphanum,129929,130035,105.7,False,0
session_003,candidate_09,free,key_01,alphanum,130091,130193,101.7,False,0
session_003,candidate_09,free,key_18,space,130186,130302,115.1,False,0
session_003,candidate_09,free,key_24,alphanum,130294,130474,180.3,False,0
session_003,candidate_09,free,key_03,alphanum,130406,130546,139.6,False,0
session_003,candidate_09,free,key_06,alphanum,130589,130743,153.8,False,0
session_003,candidate_09,free,key_18,space,131108,131208,100,False,0
session_003,candidate_09,free,key_14,alphanum,131270,131354,84.1,False,0
session_003,candidate_09,free,key_24,alphanum,131358,131461,103.2,False,0
session_003,candidate_09,free,key_01,alphanum,131496,131592,96,False,0
session_003,candidate_09,free,key_18,space,131611,131742,131.6,False,0
session_003,candidate_09,free,key_17,alphanum,131768,131894,125.3,False,0
session_003,candidate_09,free,key_15,alphanum,131839,131951,111.8,False,0
session_003,candidate_09,free,key_06,alphanum,131956,132039,83.4,False,0
session_003,candidate_09,free,key_18,space,132053,132124,70.9,False,0
session_003,candidate_09,free,key_28,alphanum,132170,132294,123.8,False,0
session_003,candidate_09,free,key_16,alphanum,132307,132510,202.1,False,0
session_003,candidate_09,free,key_01,alphanum,132488,132574,85.6,False,0
session_003,candidate_09,free,key_08,alphanum,132538,132671,133.1,False,0
session_003,candidate_09,free,key_18,space,132678,132802,123.8,False,0
session_003,candidate_09,free,key_30,alphanum,132920,133005,84.8,False,0
session_003,candidate_09,free,key_24,alphanum,133137,133223,86.4,False,0
session_003,candidate_09,free,key_06,alphanum,133302,133355,52.5,False,0
session_003,candidate_09,free,key_13,backspace,133889,133970,80.9,False,0
session_003,candidate_09,free,key_01,alphanum,133962,134042,79.8,False,0
session_003,candidate_09,free,key_28,alphanum,134192,134336,143.8,False,0
session_003,candidate_09,free,key_18,space,134308,134434,126.2,False,0
session_003,candidate_09,free,key_22,alphanum,134427,134618,191.3,False,0
session_003,candidate_09,free,key_03,alphanum,134571,134655,83.7,False,0
session_003,candidate_09,free,key_13,backspace,134908,134960,52.2,False,0
session_003,candidate_09,free,key_13,backspace,135053,135088,35.3,False,0
session_003,candidate_09,free,key_24,alphanum,135288,135459,171.3,False,0
session_003,candidate_09,free,key_03,alphanum,135396,135491,94.7,False,0
session_003,candidate_09,free,key_18,space,135485,135611,126.4,False,0
session_003,candidate_09,free,key_15,alphanum,135642,135786,144.2,False,0
session_003,candidate_09,free,key_22,alphanum,135726,135868,142,False,0
session_003,candidate_09,free,key_07,alphanum,135843,135969,125.9,False,0
session_003,candidate_09,free,key_18,space,135943,136069,126.3,False,0
session_003,candidate_09,free,key_28,alphanum,136122,136243,120.2,False,0
session_003,candidate_09,free,key_16,alphanum,136295,136438,143.4,False,0
session_003,candidate_09,free,key_01,alphanum,136407,136519,112.4,False,0
session_003,candidate_09,free,key_08,alphanum,136520,136634,114.2,False,0
session_003,candidate_09,free,key_18,space,136623,136739,116.5,False,0
session_003,candidate_09,free,key_17,alphanum,136779,136890,111,False,0
session_003,candidate_09,free,key_15,alphanum,136870,136922,52.2,False,0
session_003,candidate_09,free,key_01,alphanum,137019,137127,108.3,False,0
session_003,candidate_09,free,key_24,alphanum,137141,137307,166.5,False,0
session_003,candidate_09,free,key_03,alphanum,137263,137354,90.2,False,0
session_003,candidate_09,free,key_06,alphanum,137390,137487,96.5,False,0
session_003,candidate_09,free,key_18,space,137485,137596,111.6,False,0
session_003,candidate_09,free,key_22,alphanum,137603,137786,182.8,False,0
session_003,candidate_09,free,key_03,alphanum,137692,137802,109.4,False,0
session_003,candidate_09,free,key_18,space,137805,137941,136.1,False,0
session_003,candidate_09,free,key_17,alphanum,137936,138056,120.2,False,0
session_003,candidate_09,free,key_15,alphanum,138076,138128,53,False,0
session_003,candidate_09,free,key_06,alphanum,138139,138240,100.5,False,0
session_003,candidate_09,free,key_18,space,138271,138385,114.1,False,0
session_003,candidate_09,free,key_30,alphanum,138441,138537,96.2,False,0
session_003,candidate_09,free,key_16,alphanum,138609,138686,77.3,False,0
session_003,candidate_09,free,key_03,alphanum,138702,138786,83.9,False,0
session_003,candidate_09,free,key_28,alphanum,138819,138920,100.4,False,0
session_003,candidate_09,free,key_18,space,138929,139029,100.3,False,0
session_003,candidate_09,free,key_24,alphanum,139071,139151,80.3,False,0
session_003,candidate_09,free,key_14,alphanum,139178,139274,95.9,False,0
session_003,candidate_09,free,key_18,space,139307,139410,103.5,False,0
session_003,candidate_09,free,key_20,alphanum,139503,139623,119.9,False,0
session_003,candidate_09,free,key_24,alphanum,139577,139687,109.5,False,0
session_003,candidate_09,free,key_01,alphanum,139706,139790,84,False,0
session_003,candidate_09,free,key_28,alphanum,139935,140038,102.6,False,0
session_003,candidate_09,free,key_24,alphanum,140053,140152,98.9,False,0
session_003,candidate_09,free,key_01,alphanum,140203,140306,103.4,False,0
session_003,candidate_09,free,key_18,space,140368,140476,107.3,False,0
session_003,candidate_09,free,key_06,alphanum,140671,140786,115.1,False,0
session_003,candidate_09,free,key_15,alphanum,140809,140870,60.5,False,0
session_003,candidate_09,free,key_13,backspace,141186,141252,66.2,False,0
session_003,candidate_09,free,key_13,backspace,141328,141388,60.1,False,0
session_003,candidate_09,free,key_10,alphanum,141425,141571,145.9,False,0
session_003,candidate_09,free,key_15,alphanum,141621,141686,64.2,False,0
session_003,candidate_09,free,key_06,alphanum,141768,141904,136.4,False,0
session_003,candidate_09,free,key_01,alphanum,141870,142018,147.8,False,0
session_003,candidate_09,free,key_06,alphanum,141988,142139,151.5,False,0
session_003,candidate_09,free,key_18,space,142122,142211,89.4,False,0
session_003,candidate_09,free,key_17,alphanum,142263,142384,121.3,False,0
session_003,candidate_09,free,key_15,alphanum,142341,142418,76.6,False,0
session_003,candidate_09,free,key_06,alphanum,142430,142561,131.1,False,0
session_003,candidate_09,free,key_18,space,142552,142658,105.8,False,0
session_003,candidate_09,free,key_07,alphanum,142690,142803,113.4,False,0
session_003,candidate_09,free,key_15,alphanum,142837,142919,81.9,False,0
session_003,candidate_09,free,key_24,alphanum,142942,143046,104.2,False,0
session_003,candidate_09,free,key_10,alphanum,143124,143212,88.5,False,0
session_003,candidate_09,free,key_13,backspace,143528,143605,77,False,0
session_003,candidate_09,free,key_13,backspace,143690,143771,81,False,0
session_003,candidate_09,free,key_07,alphanum,143923,144039,115.8,False,0
session_003,candidate_09,free,key_13,backspace,144330,144388,58.4,False,0
session_003,candidate_09,free,key_16,alphanum,144397,144529,131.7,False,0
session_003,candidate_09,free,key_28,alphanum,144541,144678,136.7,False,0
session_003,candidate_09,free,key_10,alphanum,144818,144876,57.3,False,0
session_003,candidate_09,free,key_13,backspace,145111,145170,59.2,False,0
session_003,candidate_09,free,key_24,alphanum,145374,145476,102.5,False,0
session_003,candidate_09,free,key_10,alphanum,145493,145555,62.1,False,0
session_003,candidate_09,free,key_07,alphanum,145686,145853,167.5,False,0
session_003,candidate_09,free,key_18,space,145797,145924,127.1,False,0
session_003,candidate_09,free,key_30,alphanum,145913,146096,183.3,False,0
session_003,candidate_09,free,key_22,alphanum,146029,146125,95.9,False,0
session_003,candidate_09,free,key_06,alphanum,146156,146280,123.9,False,0
session_003,candidate_09,free,key_18,space,146272,146403,130.7,False,0
session_003,candidate_09,free,key_24,alphanum,146606,146692,85.5,False,0
session_003,candidate_09,free,key_03,alphanum,146763,146870,107.1,False,0
session_003,candidate_09,free,key_06,alphanum,146914,,,False,0
session_003,candidate_09,free,key_18,space,147032,,,False,0
session_003,candidate_09,free,key_18,space,148819,148954,135.1,False,0
session_003,candidate_09,free,key_24,alphanum,149213,149404,191.6,False,0
session_003,candidate_09,free,key_03,alphanum,149355,149457,101.8,False,0
session_003,candidate_09,free,key_13,backspace,150107,150187,79.7,False,0
session_003,candidate_09,free,key_24,alphanum,150736,150826,90,False,0
session_003,candidate_09,free,key_03,alphanum,151136,151242,105.8,False,0
session_003,candidate_09,free,key_22,alphanum,151206,151327,120.3,False,0
session_003,candidate_09,free,key_13,backspace,151904,151993,89.6,False,0
session_003,candidate_09,free,key_06,alphanum,152057,152170,113.9,False,0
session_003,candidate_09,free,key_18,space,152163,152235,72.4,False,0
session_003,candidate_09,free,key_22,alphanum,152343,152494,151.5,False,0
session_003,candidate_09,free,key_03,alphanum,152436,152535,99.7,False,0
session_003,candidate_09,free,key_11,alphanum,152555,152658,102.7,False,0
session_003,candidate_09,free,key_18,space,152670,152757,87.2,False,0
session_003,candidate_09,free,key_17,alphanum,152812,,,False,0
session_003,candidate_09,free,key_01,alphanum,154172,154274,102.6,False,0
session_003,candidate_09,free,key_22,alphanum,154270,154451,181,False,0
session_003,candidate_09,free,key_03,alphanum,154372,154490,118.3,False,0
session_003,candidate_09,free,key_11,alphanum,154495,154575,80.2,False,0
session_003,candidate_09,free,key_18,space,154600,154702,102.8,False,0
session_003,candidate_09,free,key_17,alphanum,154707,154809,101.6,False,0
session_003,candidate_09,free,key_24,alphanum,154806,154886,80.5,False,0
session_003,candidate_09,free,key_18,space,154871,155018,147.8,False,0
session_003,candidate_09,free,key_01,alphanum,155011,155135,124.8,False,0
session_003,candidate_09,free,key_23,alphanum,155103,155230,126.8,False,0
session_003,candidate_09,free,key_30,alphanum,155202,155319,117.1,False,0
session_003,candidate_09,free,key_06,alphanum,155303,155418,114.3,False,0
session_003,candidate_09,free,key_18,space,155395,155508,113.4,False,0
session_003,candidate_09,free,key_17,alphanum,155528,155639,111.6,False,0
session_003,candidate_09,free,key_15,alphanum,155588,155670,81.9,False,0
session_003,candidate_09,free,key_06,alphanum,155723,155843,119.9,False,0
session_003,candidate_09,free,key_20,alphanum,155839,155923,84.1,False,0
session_003,candidate_09,free,key_18,space,155919,156064,144.9,False,0
session_003,candidate_09,free,key_16,alphanum,156096,156223,126.8,False,0
session_003,candidate_09,free,key_30,alphanum,156190,156253,63,False,0
session_003,candidate_09,free,key_30,alphanum,156330,156420,89.6,False,0
session_003,candidate_09,free,key_18,space,156423,156563,140.6,False,0
session_003,candidate_09,free,key_24,alphanum,156569,156703,133.8,False,0
session_003,candidate_09,free,key_03,alphanum,156693,156777,83.7,False,0
session_003,candidate_09,free,key_06,alphanum,156721,156874,153.2,False,0
session_003,candidate_09,free,key_18,space,156887,157013,125.7,False,0
session_003,candidate_09,free,key_01,alphanum,157063,157126,63,False,0
session_003,candidate_09,free,key_22,alphanum,157193,157340,147.6,False,0
session_003,candidate_09,free,key_11,alphanum,157323,157440,117.6,False,0
session_003,candidate_09,free,key_03,alphanum,157352,157456,103.9,False,0
session_003,candidate_09,free,key_18,space,157645,157752,107.3,False,0
session_003,candidate_09,free,key_13,backspace,157960,158021,60.7,False,0
session_003,candidate_09,free,key_13,backspace,158106,158179,72.5,False,0
session_003,candidate_09,free,key_13,backspace,158258,158330,71.9,False,0
session_003,candidate_09,free,key_03,alphanum,158496,158579,82.9,False,0
session_003,candidate_09,free,key_11,alphanum,158607,158671,64,False,0
session_003,candidate_09,free,key_18,space,158695,158791,95.6,False,0
session_003,candidate_09,free,key_24,alphanum,158954,159043,89.1,False,0
session_003,candidate_09,free,key_13,backspace,159306,159370,63.2,False,0
session_003,candidate_09,free,key_17,alphanum,159508,159589,81.7,False,0
session_003,candidate_09,free,key_24,alphanum,159623,159720,96.7,False,0
session_003,candidate_09,free,key_18,space,159730,159859,128.7,False,0
session_003,candidate_09,free,key_14,alphanum,160001,160074,72.5,False,0
session_003,candidate_09,free,key_22,alphanum,160322,160469,147.5,False,0
session_003,candidate_09,free,key_03,alphanum,160421,160538,117,False,0
session_003,candidate_09,free,key_11,alphanum,160572,160657,84.6,False,0
session_003,candidate_09,free,key_18,space,160696,160785,89,False,0
session_003,candidate_09,free,key_17,alphanum,160825,160910,84.9,False,0
session_003,candidate_09,free,key_15,alphanum,160886,160954,67.7,False,0
session_003,candidate_09,free,key_06,alphanum,161020,161119,99.3,False,0
session_003,candidate_09,free,key_20,alphanum,161138,161236,97.9,False,0
session_003,candidate_09,free,key_18,space,161252,161342,89.7,False,0
session_003,candidate_09,free,key_24,alphanum,161389,161529,139.6,False,0
session_003,candidate_09,free,key_03,alphanum,161474,161573,99.4,False,0
session_003,candidate_09,free,key_06,alphanum,161588,161704,116.1,False,0
session_003,candidate_09,free,key_18,space,161706,161811,105.1,False,0
session_003,candidate_09,free,key_01,alphanum,161820,161904,84.4,False,0
session_003,candidate_09,free,key_22,alphanum,161919,162079,159.5,False,0
session_003,candidate_09,free,key_03,alphanum,162036,162140,103.6,False,0
session_003,candidate_09,free,key_11,alphanum,162164,162220,55.9,False,0
session_003,candidate_09,free,key_18,space,162258,162354,95.5,False,0
session_003,candidate_09,free,key_17,alphanum,162396,162528,132,False,0
session_003,candidate_09,free,key_24,alphanum,162536,162624,88.9,False,0
session_003,candidate_09,free,key_18,space,162694,162787,93.2,False,0
session_003,candidate_09,free,key_12,alphanum,162837,162907,70,False,0
session_003,candidate_09,free,key_01,alphanum,162971,163044,73.1,False,0
session_003,candidate_09,free,key_22,alphanum,163085,163270,184.8,False,0
session_003,candidate_09,free,key_03,alphanum,163174,163286,112.2,False,0
session_003,candidate_09,free,key_11,alphanum,163274,163372,97.1,False,0
session_003,candidate_09,free,key_18,space,163423,163523,99.2,False,0
session_003,candidate_09,free,key_17,alphanum,163527,163626,98.8,False,0
session_003,candidate_09,free,key_15,alphanum,163605,163703,98,False,0
session_003,candidate_09,free,key_06,alphanum,163713,163808,95.2,False,0
session_003,candidate_09,free,key_20,alphanum,163852,163977,124.5,False,0
session_003,candidate_09,free,key_18,space,163920,164036,115.5,False,0
session_003,candidate_09,free,key_16,alphanum,164086,164205,119.5,False,0
session_003,candidate_09,free,key_30,alphanum,164207,164259,51.4,False,0
session_003,candidate_09,free,key_30,alphanum,164339,164439,100.3,False,0
session_003,candidate_09,free,key_18,space,164421,164537,116.3,False,0
session_003,candidate_09,free,key_16,alphanum,164524,164680,156.3,False,0
session_003,candidate_09,free,key_03,alphanum,164661,164761,99.7,False,0
session_003,candidate_09,free,key_28,alphanum,164787,164887,99.6,False,0
session_003,candidate_09,free,key_18,space,164881,164993,112.3,False,0
session_003,candidate_09,free,key_22,alphanum,164989,165158,168.5,False,0
session_003,candidate_09,free,key_03,alphanum,165077,165172,95.8,False,0
session_003,candidate_09,free,key_18,space,165155,165277,121.9,False,0
session_003,candidate_09,free,key_17,alphanum,165323,165419,96.1,False,0
session_003,candidate_09,free,key_15,alphanum,165422,165502,79.4,False,0
session_003,candidate_09,free,key_06,alphanum,165522,165613,91.2,False,0
session_003,candidate_09,free,key_18,space,165654,165756,102.5,False,0
session_003,candidate_09,free,key_28,alphanum,165776,165888,111.8,False,0
session_003,candidate_09,free,key_16,alphanum,165956,166158,201.8,False,0
session_003,candidate_09,free,key_08,alphanum,166142,166244,102.3,False,0
session_003,candidate_09,free,key_03,alphanum,166564,166636,71.8,False,0
session_003,candidate_09,free,key_06,alphanum,166653,166738,84.6,False,0
session_003,candidate_09,free,key_13,backspace,167260,167319,59.2,False,0
session_003,candidate_09,free,key_13,backspace,167405,167472,67.1,False,0
session_003,candidate_09,free,key_13,backspace,168021,168104,83.4,False,0
session_003,candidate_09,free,key_01,alphanum,168213,168289,76.1,False,0
session_003,candidate_09,free,key_08,alphanum,168363,168430,67.7,False,0
session_003,candidate_09,free,key_06,alphanum,168685,168794,109.2,False,0
session_003,candidate_09,free,key_07,alphanum,168810,168914,103.9,False,0
session_003,candidate_09,free,key_13,backspace,169407,169472,64.2,False,0
session_003,candidate_09,free,key_13,backspace,169555,169640,84.7,False,0
session_003,candidate_09,free,key_06,alphanum,169676,169808,131.5,False,0
session_003,candidate_09,free,key_07,alphanum,169796,169905,108.7,False,0
session_003,candidate_09,free,key_07,alphanum,170009,170164,155.2,False,0
session_003,candidate_09,free,key_18,space,170186,170279,92.5,False,0
session_003,candidate_09,free,key_12,alphanum,170377,170453,75.4,False,0
session_003,candidate_09,free,key_23,alphanum,170628,170791,163.4,False,0
session_003,candidate_09,free,key_03,alphanum,170712,170844,131.9,False,0
session_003,candidate_09,free,key_28,alphanum,170864,,,False,0
session_003,candidate_09,free,key_07,alphanum,172752,172877,125.2,False,0
session_003,candidate_09,free,key_18,space,172893,173004,111.3,False,0
session_003,candidate_09,free,key_12,alphanum,173287,173330,42.9,False,0
session_003,candidate_09,free,key_22,alphanum,173442,173593,151.6,False,0
session_003,candidate_09,free,key_03,alphanum,173537,173686,148.6,False,0
session_003,candidate_09,free,key_28,alphanum,173674,173814,139.2,False,0
session_003,candidate_09,free,key_18,space,173787,173890,102.9,False,0
session_003,candidate_09,free,key_17,alphanum,173956,174024,67.5,False,0
session_003,candidate_09,free,key_15,alphanum,173976,174054,78.1,False,0
session_003,candidate_09,free,key_06,alphanum,174120,174263,143.4,False,0
session_003,candidate_09,free,key_20,alphanum,174238,174336,98.5,False,0
session_003,candidate_09,free,key_04,symbol,174504,174604,99.4,False,0
session_003,candidate_09,free,key_18,space,174585,174730,145,False,0
session_003,candidate_09,free,key_22,alphanum,175240,175421,180.9,False,0
session_003,candidate_09,free,key_03,alphanum,175313,175437,123.7,False,0
session_003,candidate_09,free,key_18,space,175453,175560,107.5,False,0
session_003,candidate_09,free,key_17,alphanum,175590,175712,121.9,False,0
session_003,candidate_09,free,key_15,alphanum,175708,175795,87.4,False,0
session_003,candidate_09,free,key_06,alphanum,175788,175902,114.5,False,0
session_003,candidate_09,free,key_18,space,175880,175996,115.6,False,0
session_003,candidate_09,free,key_30,alphanum,176164,176255,91.4,False,0
session_003,candidate_09,free,key_16,alphanum,176260,176380,119.7,False,0
session_003,candidate_09,free,key_03,alphanum,176463,176547,84.2,False,0
session_003,candidate_09,free,key_28,alphanum,176608,176654,46.3,False,0
session_003,candidate_09,free,key_18,space,176678,176774,96.5,False,0
session_003,candidate_09,free,key_24,alphanum,176919,177002,83.4,False,0
session_003,candidate_09,free,key_14,alphanum,177123,177205,82.1,False,0
session_003,candidate_09,free,key_18,space,177189,177290,100.3,False,0
session_003,candidate_09,free,key_20,alphanum,177376,177510,134,False,0
session_003,candidate_09,free,key_24,alphanum,177494,177609,115.4,False,0
session_003,candidate_09,free,key_01,alphanum,177614,177720,106.2,False,0
session_003,candidate_09,free,key_28,alphanum,177862,177978,115.4,False,0
session_003,candidate_09,free,key_24,alphanum,177986,178074,87.5,False,0
session_003,candidate_09,free,key_01,alphanum,178122,178223,101.4,False,0
session_003,candidate_09,free,key_18,space,178240,178313,72.9,False,0
session_003,candidate_09,free,key_10,alphanum,178370,178529,158.4,False,0
session_003,candidate_09,free,key_15,alphanum,178505,178569,63.9,False,0
session_003,candidate_09,free,key_06,alphanum,178679,178876,197,False,0
session_003,candidate_09,free,key_01,alphanum,178854,179005,150.5,False,0
session_003,candidate_09,free,key_06,alphanum,178988,179161,173.3,False,0
session_003,candidate_09,free,key_18,space,179130,179241,111.2,False,0
session_003,candidate_09,free,key_17,alphanum,179269,179375,106,False,0
session_003,candidate_09,free,key_15,alphanum,179371,179457,86.3,False,0
session_003,candidate_09,free,key_06,alphanum,179454,179553,98.9,False,0
session_003,candidate_09,free,key_18,space,179561,179645,84,False,0
session_003,candidate_09,free,key_07,alphanum,179657,179778,120.5,False,0
session_003,candidate_09,free,key_15,alphanum,179807,179886,79.7,False,0
session_003,candidate_09,free,key_24,alphanum,179998,180105,107.3,False,0
session_003,candidate_09,free,key_13,backspace,180503,180560,56.7,False,0
session_003,candidate_09,free,key_16,alphanum,180594,180698,103.3,False,0
session_003,candidate_09,free,key_28,alphanum,180846,180906,59.5,False,0
session_003,candidate_09,free,key_24,alphanum,180925,181013,87.5,False,0
session_003,candidate_09,free,key_10,alphanum,181042,181114,72.2,False,0
session_003,candidate_09,free,key_07,alphanum,181236,181408,172.3,False,0
session_003,candidate_09,free,key_18,space,181342,181453,111.7,False,0
session_003,candidate_09,free,key_30,alphanum,181504,181661,156.7,False,0
session_003,candidate_09,free,key_22,alphanum,181587,181709,121.7,False,0
session_003,candidate_09,free,key_08,alphanum,181836,181937,101.2,False,0
session_003,candidate_09,free,key_06,alphanum,181957,182072,115,False,0
session_003,candidate_09,free,key_18,space,182078,182185,107.4,False,0
session_003,candidate_09,free,key_17,alphanum,182521,182587,65.8,False,0
session_003,candidate_09,free,key_15,alphanum,182592,,,False,0
session_003,candidate_09,free,key_06,alphanum,183878,183989,110.9,False,0
session_003,candidate_09,free,key_18,space,184014,184128,113.3,False,0
session_003,candidate_09,free,key_17,alphanum,184220,184322,102.6,False,0
session_003,candidate_09,free,key_15,alphanum,184311,184391,80.2,False,0
session_003,candidate_09,free,key_06,alphanum,184396,184527,130.9,False,0
session_003,candidate_09,free,key_18,space,184535,184638,102.8,False,0
session_003,candidate_09,free,key_09,alphanum,184823,184961,138,False,0
session_003,candidate_09,free,key_24,alphanum,184922,185072,150.5,False,0
session_003,candidate_09,free,key_10,alphanum,185053,185212,158.1,False,0
session_003,candidate_09,free,key_06,alphanum,185090,185271,180.8,False,0
session_003,candidate_09,free,key_01,alphanum,185208,185353,145.2,False,0
session_003,candidate_09,free,key_18,space,185404,185522,117.4,False,0
session_003,candidate_09,free,key_24,alphanum,185592,185689,96.5,False,0
session_003,candidate_09,free,key_14,alphanum,185806,185926,119.7,False,0
session_003,candidate_09,free,key_18,space,185920,186040,120.1,False,0
session_003,candidate_09,free,key_17,alphanum,186140,186222,82.5,False,0
session_003,candidate_09,free,key_15,alphanum,186220,186321,100.8,False,0
session_003,candidate_09,free,key_06,alphanum,186322,186420,98,False,0
session_003,candidate_09,free,key_18,space,186377,186480,103.3,False,0
session_003,candidate_09,free,key_01,alphanum,186521,186611,90,False,0
session_003,candidate_09,free,key_22,alphanum,186638,186804,166.8,False,0
session_003,candidate_09,free,key_03,alphanum,186741,186855,113.6,False,0
session_003,candidate_09,free,key_11,alphanum,186825,186925,100.1,False,0
session_003,candidate_09,free,key_18,space,186954,187060,105.9,False,0
session_003,candidate_09,free,key_02,alphanum,187107,187210,102.8,False,0
session_003,candidate_09,free,key_16,alphanum,187227,187369,141.3,False,0
session_003,candidate_09,free,key_03,alphanum,187360,187440,80.2,False,0
session_003,candidate_09,free,key_03,alphanum,187511,187604,93.4,False,0
session_003,candidate_09,free,key_24,alphanum,187624,187747,123.5,False,0
session_003,candidate_09,free,key_17,alphanum,187840,187941,101.6,False,0
session_003,candidate_09,free,key_18,space,187972,188046,73.9,False,0
session_003,candidate_09,free,key_12,alphanum,188126,188214,87.3,False,0
session_003,candidate_09,free,key_06,alphanum,188229,188320,90.9,False,0
session_003,candidate_09,free,key_18,space,188342,188420,78.9,False,0
session_003,candidate_09,free,key_23,alphanum,188537,188586,49.5,False,0
session_003,candidate_09,free,key_03,alphanum,188789,188837,47.7,False,0
session_003,candidate_09,free,key_28,alphanum,188846,188942,96,False,0
session_003,candidate_09,free,key_24,alphanum,188991,189171,179.2,False,0
session_003,candidate_09,free,key_03,alphanum,189111,189207,95.5,False,0
session_003,candidate_09,free,key_06,alphanum,189223,189307,84.3,False,0
session_003,candidate_09,free,key_18,space,189323,189407,83.5,False,0
session_003,candidate_09,free,key_16,alphanum,189511,189609,97.5,False,0
session_003,candidate_09,free,key_03,alphanum,189605,189688,82.6,False,0
session_003,candidate_09,free,key_28,alphanum,189689,189807,117.5,False,0
session_003,candidate_09,free,key_18,space,189825,189907,81.5,False,0
session_003,candidate_09,free,key_22,alphanum,189928,190028,99.8,False,0
session_003,candidate_09,free,key_17,alphanum,190045,190154,109.9,False,0
session_003,candidate_09,free,key_07,alphanum,190165,190312,146.5,False,0
session_003,candidate_09,free,key_18,space,190326,190440,113.9,False,0
session_003,candidate_09,free,key_20,alphanum,190507,190623,115.8,False,0
session_003,candidate_09,free,key_16,alphanum,190627,190739,112,False,0
session_003,candidate_09,free,key_30,alphanum,190756,190937,180.6,False,0
session_003,candidate_09,free,key_22,alphanum,190892,190998,106.3,False,0
session_003,candidate_09,free,key_02,alphanum,191022,191172,149.5,False,0
session_003,candidate_09,free,key_06,alphanum,191140,191292,151.5,False,0
session_003,candidate_09,free,key_18,space,191297,191406,108.9,False,0
session_003,candidate_09,free,key_07,alphanum,191555,191679,123.7,False,0
session_003,candidate_09,free,key_06,alphanum,191798,191889,90.5,False,0
session_003,candidate_09,free,key_06,alphanum,191960,192077,116.9,False,0
session_003,candidate_09,free,key_09,alphanum,192112,192219,107.1,False,0
session_003,candidate_09,free,key_07,alphanum,192246,192346,100.3,False,0
session_003,candidate_09,free,key_18,space,192362,192462,99.8,False,0
session_003,candidate_09,free,key_22,alphanum,192487,192642,154.5,False,0
session_003,candidate_09,free,key_03,alphanum,192577,192689,112.2,False,0
session_003,candidate_09,free,key_17,alphanum,192760,192879,119.1,False,0
session_003,candidate_09,free,key_24,alphanum,192886,192969,82.9,False,0
session_003,candidate_09,free,key_18,space,192995,193110,114.8,False,0
session_003,candidate_09,free,key_17,alphanum,193106,193210,104.8,False,0
session_003,candidate_09,free,key_15,alphanum,193189,193292,102.9,False,0
session_003,candidate_09,free,key_06,alphanum,193287,193403,115.9,False,0
session_003,candidate_09,free,key_18,space,193362,193472,109.9,False,0
session_003,candidate_09,free,key_25,alphanum,193573,193692,119.1,False,0
session_003,candidate_09,free,key_06,alphanum,193673,193821,148.1,False,0
session_003,candidate_09,free,key_01,alphanum,193778,193928,149.6,False,0
session_003,candidate_09,free,key_19,alphanum,193921,194019,97.3,False,0
session_003,candidate_09,free,key_18,space,194006,194177,171.2,False,0
session_003,candidate_09,free,key_07,alphanum,194173,194337,163.8,False,0
session_003,candidate_09,free,key_24,alphanum,194270,194410,140.3,False,0
session_003,candidate_09,free,key_23,alphanum,194355,194457,101.8,False,0
session_003,candidate_09,free,key_30,alphanum,194509,194643,134.3,False,0
session_003,candidate_09,free,key_28,alphanum,194678,194793,115.5,False,0
session_003,candidate_09,free,key_18,space,194755,194870,114.5,False,0
session_003,candidate_09,free,key_24,alphanum,194922,195037,115.2,False,0
session_003,candidate_09,free,key_14,alphanum,195041,195141,99.5,False,0
session_003,candidate_09,free,key_18,space,195153,,,False,0
session_003,candidate_09,free,key_24,alphanum,196203,196286,83.2,False,0
session_003,candidate_09,free,key_14,alphanum,196288,196384,96.5,False,0
session_003,candidate_09,free,key_18,space,196480,196588,108.1,False,0
session_003,candidate_09,free,key_13,backspace,196941,196997,56.6,False,0
session_003,candidate_09,free,key_13,backspace,197089,197161,71.9,False,0
session_003,candidate_09,free,key_13,backspace,197469,197530,60.8,False,0
session_003,candidate_09,free,key_18,space,197589,197719,130.5,False,0
session_003,candidate_09,free,key_24,alphanum,197948,198027,79.3,False,0
session_003,candidate_09,free,key_14,alphanum,198038,198146,107.8,False,0
session_003,candidate_09,free,key_18,space,198110,198254,143.5,False,0
session_003,candidate_09,free,key_10,alphanum,198437,198576,139.4,False,0
session_003,candidate_09,free,key_15,alphanum,198554,198672,118.3,False,0
session_003,candidate_09,free,key_24,alphanum,198677,198788,111.5,False,0
session_003,candidate_09,free,key_06,alphanum,199043,199138,95,False,0
session_003,candidate_09,free,key_25,alphanum,199191,199321,130.1,False,0
session_003,candidate_09,free,key_06,alphanum,199307,199474,167.6,False,0
session_003,candidate_09,free,key_01,alphanum,199422,199594,172.1,False,0
session_003,candidate_09,free,key_18,space,199655,199787,132.3,False,0
session_003,candidate_09,free,key_12,alphanum,200542,200638,96.2,False,0
session_003,candidate_09,free,key_06,alphanum,200704,200853,149.1,False,0
session_003,candidate_09,free,key_16,alphanum,200793,201007,214,False,0
session_003,candidate_09,free,key_01,alphanum,200938,201081,142.7,False,0
session_003,candidate_09,free,key_18,space,201124,201240,115.9,False,0
session_003,candidate_09,free,key_13,backspace,201631,201691,59.8,False,0
session_003,candidate_09,free,key_07,alphanum,201743,201870,127,False,0
session_003,candidate_09,free,key_18,space,201843,201954,110.7,False,0
session_003,candidate_09,free,key_22,alphanum,202030,202107,77.2,False,0
session_003,candidate_09,free,key_17,alphanum,202104,202227,122.4,False,0
session_003,candidate_09,free,key_04,symbol,202292,202376,83.6,False,0
session_003,candidate_09,free,key_17,alphanum,204170,204242,71.1,False,0
session_003,candidate_09,free,key_15,alphanum,204258,204354,96.7,False,0
session_003,candidate_09,free,key_01,alphanum,204404,204538,133,False,0
session_003,candidate_09,free,key_06,alphanum,204560,204648,87.9,False,0
session_003,candidate_09,free,key_06,alphanum,204743,204874,131.4,False,0
session_003,candidate_09,free,key_18,space,204870,204959,89,False,0
session_003,candidate_09,free,key_01,alphanum,205014,205098,84.1,False,0
session_003,candidate_09,free,key_22,alphanum,205140,205321,180.1,False,0
session_003,candidate_09,free,key_03,alphanum,205244,205343,99.4,False,0
session_003,candidate_09,free,key_11,alphanum,205324,205436,112.1,False,0
session_003,candidate_09,free,key_07,alphanum,205408,205612,204.1,False,0
session_003,candidate_09,free,key_18,space,205492,205595,103.4,False,0
session_003,candidate_09,free,key_14,alphanum,205638,205758,120.5,False,0
session_003,candidate_09,free,key_24,alphanum,205792,205870,77.9,False,0
session_003,candidate_09,free,key_01,alphanum,205907,206010,103.4,False,0
session_003,candidate_09,free,key_18,space,206015,206108,92.9,False,0
session_003,candidate_09,free,key_17,alphanum,206141,,,False,0
session_009,candidate_01,pangram,key_17,alphanum,0,64.8,64.8,False,0
session_009,candidate_01,pangram,key_15,alphanum,161.4,243.7,82.3,False,0
session_009,candidate_01,pangram,key_06,alphanum,236.3,323.7,87.4,False,0
session_009,candidate_01,pangram,key_18,space,365.4,436.4,71,False,0
session_009,candidate_01,pangram,key_27,alphanum,569.7,668.7,99,False,0
session_009,candidate_01,pangram,key_23,alphanum,694.8,797.7,102.9,False,0
session_009,candidate_01,pangram,key_22,alphanum,768.4,847.7,79.3,False,0
session_009,candidate_01,pangram,key_02,alphanum,878.2,960.5,82.3,False,0
session_009,candidate_01,pangram,key_15,alphanum,948.9,1014.4,65.5,False,0
session_009,candidate_01,pangram,key_18,space,1100.2,1147.8,47.6,False,0
session_009,candidate_01,pangram,key_12,alphanum,1187.9,1271.4,83.5,False,0
session_009,candidate_01,pangram,key_01,alphanum,1356.8,1440.1,83.3,False,0
session_009,candidate_01,pangram,key_24,alphanum,1482.5,1543.9,61.4,False,0
session_009,candidate_01,pangram,key_06,alphanum,1599.2,1649.8,50.6,False,0
session_009,candidate_01,pangram,key_03,alphanum,1714.8,1787.8,73,False,0
session_009,candidate_01,pangram,key_18,space,1932.1,2025.2,93.1,False,0
session_009,candidate_01,pangram,key_13,backspace,2420.4,2483.6,63.2,False,0
session_009,candidate_01,pangram,key_13,backspace,2573.8,2649.6,75.8,False,0
session_009,candidate_01,pangram,key_13,backspace,2765.3,2831,65.7,False,0
session_009,candidate_01,pangram,key_10,alphanum,2955,3048.4,93.4,False,0
session_009,candidate_01,pangram,key_03,alphanum,3078,3132.6,54.6,False,0
session_009,candidate_01,pangram,key_18,space,3483.3,3564.6,81.3,False,0
session_009,candidate_01,pangram,key_14,alphanum,3728,3806.9,78.9,False,0
session_009,candidate_01,pangram,key_24,alphanum,3839.5,3923.3,83.8,False,0
session_009,candidate_01,pangram,key_05,alphanum,4032.5,4114.2,81.7,False,0
session_009,candidate_01,pangram,key_18,space,4248.7,4333.2,84.5,False,0
session_009,candidate_01,pangram,key_29,alphanum,4532.3,4610.8,78.5,False,0
session_009,candidate_01,pangram,key_23,alphanum,4714.7,4804.2,89.5,False,0
session_009,candidate_01,pangram,key_20,alphanum,4914.4,5035.7,121.3,False,0
session_009,candidate_01,pangram,key_09,alphanum,4968.3,5075.2,106.9,False,0
session_009,candidate_01,pangram,key_07,alphanum,5132.1,5218.7,86.6,False,0
session_009,candidate_01,pangram,key_18,space,5294.6,5364.6,70,False,0
session_009,candidate_01,pangram,key_24,alphanum,5439.7,5513.9,74.2,False,0
session_009,candidate_01,pangram,key_25,alphanum,5664.4,5734.3,69.9,False,0
session_009,candidate_01,pangram,key_06,alphanum,5732.1,5801.7,69.6,False,0
session_009,candidate_01,pangram,key_01,alphanum,5904,5981.1,77.1,False,0
session_009,candidate_01,pangram,key_18,space,6015.6,6090,74.4,False,0
session_009,candidate_01,pangram,key_17,alphanum,6199.2,6244.2,45,False,0
session_009,candidate_01,pangram,key_15,alphanum,6361.2,6432.5,71.3,False,0
session_009,candidate_01,pangram,key_06,alphanum,6461.5,6531.2,69.7,False,0
session_009,candidate_01,pangram,key_18,space,6583.2,6638.4,55.2,False,0
session_009,candidate_01,pangram,key_16,alphanum,6817.2,6920.6,103.4,False,0
session_009,candidate_01,pangram,key_13,backspace,7164.4,7205.1,40.7,False,0
session_009,candidate_01,pangram,key_30,alphanum,7337.1,7426.8,89.7,False,0
session_009,candidate_01,pangram,key_16,alphanum,7424,7481.6,57.6,False,0
session_009,candidate_01,pangram,key_26,alphanum,7617.3,7663.8,46.5,False,0
session_009,candidate_01,pangram,key_19,alphanum,7694.9,7764.9,70,False,0
session_009,candidate_01,pangram,key_18,space,8200.3,8277.3,77,False,0
session_009,candidate_01,pangram,key_28,alphanum,8473.7,8556.8,83.1,False,0
session_009,candidate_01,pangram,key_24,alphanum,8578.1,8633.5,55.4,False,0
session_009,candidate_01,pangram,key_11,alphanum,8722.2,8777.4,55.2,False,0
session_009,candidate_01,pangram,key_18,space,8907.4,8960.6,53.2,False,0
session_009,candidate_01,pangram,key_13,backspace,9537,9600.4,63.4,False,0
session_009,candidate_01,pangram,key_09,alphanum,9744.6,9816.4,71.8,False,0
session_009,candidate_01,pangram,key_16,alphanum,9865.3,9914.4,49.1,False,0
session_009,candidate_01,pangram,key_08,alphanum,10094.6,10160.5,65.9,False,0
session_009,candidate_01,pangram,key_13,backspace,10461.2,10530.9,69.7,False,0
session_009,candidate_01,pangram,key_02,alphanum,10648.5,10743.9,95.4,False,0
session_009,candidate_01,pangram,key_08,alphanum,10723.6,10810.5,86.9,False,0
session_009,candidate_01,pangram,key_18,space,10811.1,10860.6,49.5,False,0
session_009,candidate_01,pangram,key_20,alphanum,10948.7,10999.5,50.8,False,0
session_009,candidate_01,pangram,key_19,alphanum,11094.6,11160.8,66.2,False,0
session_009,candidate_01,pangram,key_18,space,11244.8,11314.7,69.9,False,0
session_009,candidate_01,pangram,key_12,alphanum,11555.7,11664.3,108.6,False,0
session_009,candidate_01,pangram,key_24,alphanum,11636.1,11727.2,91.1,False,0
session_009,candidate_01,pangram,key_05,alphanum,11854.9,11943.9,89,False,0
session_009,candidate_01,pangram,key_18,space,11978.2,12054.6,76.4,False,0
session_009,candidate_01,pangram,key_10,alphanum,12202.1,12281.7,79.6,False,0
session_009,candidate_01,pangram,key_22,alphanum,12324.3,12397.8,73.5,False,0
session_009,candidate_01,pangram,key_17,alphanum,12518,12577.2,59.2,False,0
session_009,candidate_01,pangram,key_15,alphanum,12678.1,12776.9,98.8,False,0
session_009,candidate_01,pangram,key_18,space,12769.6,12831.4,61.8,False,0
session_009,candidate_01,pangram,key_14,alphanum,13115,13210.4,95.4,False,0
session_009,candidate_01,pangram,key_22,alphanum,13198.3,13264.6,66.3,False,0
session_009,candidate_01,pangram,key_25,alphanum,13383,13444,61,False,0
session_009,candidate_01,pangram,key_06,alphanum,13461.4,13527.3,65.9,False,0
session_009,candidate_01,pangram,key_18,space,13591.1,13671.5,80.4,False,0
session_009,candidate_01,pangram,key_28,alphanum,14001.3,14068.5,67.2,False,0
session_009,candidate_01,pangram,key_24,alphanum,14107.4,14187.4,80,False,0
session_009,candidate_01,pangram,key_26,alphanum,14238.8,14305.8,67,False,0
session_009,candidate_01,pangram,key_06,alphanum,14451.1,14531.2,80.1,False,0
session_009,candidate_01,pangram,key_03,alphanum,14532,14598.2,66.2,False,0
session_009,candidate_01,pangram,key_18,space,14733,14807.7,74.7,False,0
session_009,candidate_01,pangram,key_30,alphanum,14924.3,14997.8,73.5,False,0
session_009,candidate_01,pangram,key_22,alphanum,15098.4,15156.7,58.3,False,0
session_009,candidate_01,pangram,key_27,alphanum,15761.5,15855.9,94.4,False,0
session_009,candidate_01,pangram,key_24,alphanum,15925.1,16037.5,112.4,False,0
session_009,candidate_01,pangram,key_13,backspace,16583,16647.8,64.8,False,0
session_009,candidate_01,pangram,key_24,alphanum,17006.5,17080.6,74.1,False,0
session_009,candidate_01,pangram,key_13,backspace,17454.8,17522.1,67.3,False,0
session_009,candidate_01,pangram,key_23,alphanum,17695,17743.7,48.7,False,0
session_009,candidate_01,pangram,key_24,alphanum,17799.8,17890.6,90.8,False,0
session_009,candidate_01,pangram,key_01,alphanum,18132,18189.9,57.9,False,0
session_009,candidate_01,pangram,key_18,space,18290,18347.8,57.8,False,0
session_009,candidate_01,pangram,key_29,alphanum,18668,18715.3,47.3,False,0
session_009,candidate_01,pangram,key_23,alphanum,18789.7,18865.5,75.8,False,0
session_009,candidate_01,pangram,key_11,alphanum,19070.3,19143.9,73.6,False,0
session_009,candidate_01,pangram,key_07,alphanum,19200.1,19281.3,81.2,False,0
session_009,candidate_01,pangram,key_15,alphanum,20049.9,20194.1,144.2,False,0
session_009,candidate_01,pangram,key_24,alphanum,20161.4,20231,69.6,False,0
session_009,candidate_01,pangram,key_10,alphanum,20305.6,20397.7,92.1,False,0
session_009,candidate_01,pangram,key_18,space,20549,20647.2,98.2,False,0
session_009,candidate_01,pangram,key_25,alphanum,20990.9,21077.2,86.3,False,0
session_009,candidate_01,pangram,key_06,alphanum,21094.4,21163.9,69.5,False,0
session_009,candidate_01,pangram,key_05,alphanum,21324.1,21404.5,80.4,False,0
session_009,candidate_01,pangram,key_22,alphanum,21428,21499.4,71.4,False,0
session_009,candidate_01,pangram,key_03,alphanum,21620.7,21681.1,60.4,False,0
session_009,candidate_01,pangram,key_11,alphanum,21711.1,21793.8,82.7,False,0
session_009,candidate_01,pangram,key_30,alphanum,21848.9,21907.3,58.4,False,0
session_009,candidate_01,pangram,key_19,alphanum,22111.2,22177.5,66.3,False,0
session_009,candidate_01,pangram,key_18,space,22583.9,22680.9,97,False,0
session_009,candidate_01,pangram,key_10,alphanum,22872.5,22960.6,88.1,False,0
session_009,candidate_01,pangram,key_23,alphanum,22998.8,23097.8,99,False,0
session_009,candidate_01,pangram,key_22,alphanum,23061.5,23160.5,99,False,0
session_009,candidate_01,pangram,key_02,alphanum,23232.1,23304.9,72.8,False,0
session_009,candidate_01,pangram,key_08,alphanum,23327.9,23402.6,74.7,False,0
session_009,candidate_01,pangram,key_18,space,23604.8,23688,83.2,False,0
session_009,candidate_01,pangram,key_28,alphanum,23881.9,23973.8,91.9,False,0
session_009,candidate_01,pangram,key_16,alphanum,24100.4,24183.3,82.9,False,0
session_009,candidate_01,pangram,key_17,alphanum,24267.8,24351.5,83.7,False,0
session_009,candidate_01,pangram,key_13,backspace,24733.6,24799,65.4,False,0
session_009,candidate_01,pangram,key_14,alphanum,24855.5,24947.8,92.3,False,0
session_009,candidate_01,pangram,key_17,alphanum,24987.7,25064.4,76.7,False,0
session_009,candidate_01,pangram,key_18,space,25415.2,25510.4,95.2,False,0
session_009,candidate_01,pangram,key_07,alphanum,25581.6,25681.1,99.5,False,0
session_009,candidate_01,pangram,key_06,alphanum,25801.8,25827.2,25.4,False,0
session_009,candidate_01,pangram,key_13,backspace,26092.1,26139.5,47.4,False,0
session_009,candidate_01,pangram,key_13,backspace,26233.2,26304.3,71.1,False,0
session_009,candidate_01,pangram,key_26,alphanum,26371.6,26451.3,79.7,False,0
session_009,candidate_01,pangram,key_06,alphanum,26557.7,26641.1,83.4,False,0
session_009,candidate_01,pangram,key_12,alphanum,26661.1,26718.2,57.1,False,0
session_009,candidate_01,pangram,key_01,alphanum,27111.1,27199,87.9,False,0
session_009,candidate_01,pangram,key_16,alphanum,27270.1,27314.6,44.5,False,0
session_009,candidate_01,pangram,key_07,alphanum,27420.6,27488,67.4,False,0
session_009,candidate_01,pangram,key_18,space,27548.8,27582.1,33.3,False,0
session_009,candidate_01,pangram,key_29,alphanum,27705.2,27781.2,76,False,0
session_009,candidate_01,pangram,key_23,alphanum,27894.4,27944.2,49.8,False,0
session_009,candidate_01,pangram,key_20,alphanum,28115.8,28197.7,81.9,False,0
session_009,candidate_01,pangram,key_09,alphanum,28152.8,28260.5,107.7,False,0
session_009,candidate_01,pangram,key_17,alphanum,29086.1,29156.7,70.6,False,0
session_009,candidate_01,pangram,key_15,alphanum,29265.3,29344.1,78.8,False,0
session_009,candidate_01,pangram,key_06,alphanum,29377.8,29448.2,70.4,False,0
session_009,candidate_01,pangram,key_18,space,29482.1,29569.5,87.4,False,0
session_009,candidate_01,pangram,key_14,alphanum,29603.6,29703.3,99.7,False,0
session_009,candidate_01,pangram,key_22,alphanum,29727.8,29805.7,77.9,False,0
session_009,candidate_01,pangram,key_25,alphanum,29944.4,30014.6,70.2,False,0
session_009,candidate_01,pangram,key_06,alphanum,30098.2,30194,95.8,False,0
session_009,candidate_01,pangram,key_18,space,30278,30336.2,58.2,False,0
session_009,candidate_01,pangram,key_12,alphanum,30871.5,30960.5,89,False,0
session_009,candidate_01,pangram,key_24,alphanum,31033.7,31131.3,97.6,False,0
session_009,candidate_01,pangram,key_05,alphanum,31161.4,31251.1,89.7,False,0
session_009,candidate_01,pangram,key_22,alphanum,31294.5,31360.4,65.9,False,0
session_009,candidate_01,pangram,key_03,alphanum,31473.6,31551.5,77.9,False,0
session_009,candidate_01,pangram,key_11,alphanum,31549.1,31577.1,28,False,0
session_009,candidate_01,pangram,key_11,alphanum,31611.4,31643.8,32.4,False,0
session_009,candidate_01,pangram,key_18,space,31933.6,32014.3,80.7,False,0
session_009,candidate_01,pangram,key_10,alphanum,32067.7,32131.4,63.7,False,0
session_009,candidate_01,pangram,key_22,alphanum,32161.1,32238,76.9,False,0
session_009,candidate_01,pangram,key_26,alphanum,32506.2,,,False,0
session_009,candidate_01,pangram,key_18,space,34374,34461.6,87.6,False,0
session_009,candidate_01,pangram,key_10,alphanum,34981.9,35053.3,71.4,False,0
session_009,candidate_01,pangram,key_22,alphanum,35105.5,35193.9,88.4,False,0
session_009,candidate_01,pangram,key_26,alphanum,35351.7,35443.8,92.1,False,0
session_009,candidate_01,pangram,key_16,alphanum,35553.6,35636.8,83.2,False,0
session_009,candidate_01,pangram,key_01,alphanum,35644.4,35701.1,56.7,False,0
session_009,candidate_01,pangram,key_28,alphanum,35782.1,35855.1,73,False,0
session_009,candidate_01,pangram,key_07,alphanum,35932.6,36020.3,87.7,False,0
session_009,candidate_01,pangram,key_18,space,36244.7,36335,90.3,False,0
session_009,candidate_01,pangram,key_29,alphanum,36483.5,36564.9,81.4,False,0
session_009,candidate_01,pangram,key_23,alphanum,36674.1,36741.6,67.5,False,0
session_009,candidate_01,pangram,key_20,alphanum,36873.2,36946.9,73.7,False,0
session_009,candidate_01,pangram,key_09,alphanum,36917.7,37021,103.3,False,0
session_009,candidate_01,pangram,key_18,space,37107.6,37177.2,69.6,False,0
session_009,candidate_01,pangram,key_27,alphanum,37523,37610.4,87.4,False,0
session_009,candidate_01,pangram,key_23,alphanum,37627.6,37727,99.4,False,0
session_009,candidate_01,pangram,key_22,alphanum,37703.5,37760.4,56.9,False,0
session_009,candidate_01,pangram,key_02,alphanum,37797.6,37881,83.4,False,0
session_009,candidate_01,pangram,key_08,alphanum,37922.4,37997.9,75.5,False,0
session_009,candidate_01,pangram,key_30,alphanum,38132.2,38186.1,53.9,False,0
session_009,candidate_01,pangram,key_19,alphanum,38307.1,38370.9,63.8,False,0
session_009,candidate_01,pangram,key_07,alphanum,39282.4,39354.8,72.4,False,0
session_009,candidate_01,pangram,key_09,alphanum,39382.3,39456.4,74.1,False,0
session_009,candidate_01,pangram,key_15,alphanum,40494.7,40593.7,99,False,0
session_009,candidate_01,pangram,key_22,alphanum,40561,40660.3,99.3,False,0
session_009,candidate_01,pangram,key_03,alphanum,40789.5,40869.4,79.9,False,0
session_009,candidate_01,pangram,key_05,alphanum,41015.9,41099,83.1,False,0
session_009,candidate_01,pangram,key_18,space,41148.6,41222.2,73.6,False,0
session_009,candidate_01,pangram,key_24,alphanum,41431.5,41523,91.5,False,0
session_009,candidate_01,pangram,key_14,alphanum,41678,41743.8,65.8,False,0
session_009,candidate_01,pangram,key_18,space,41791.5,41880.9,89.4,False,0
session_009,candidate_01,pangram,key_12,alphanum,41978.3,42037.8,59.5,False,0
session_009,candidate_01,pangram,key_30,alphanum,42140.5,42232.8,92.3,False,0
session_009,candidate_01,pangram,key_16,alphanum,42411,42482.9,71.9,False,0
session_009,candidate_01,pangram,key_02,alphanum,42648.5,42748,99.5,False,0
session_009,candidate_01,pangram,key_08,alphanum,42849.4,42916.8,67.4,False,0
session_009,candidate_01,pangram,key_18,space,43339.9,43460.5,120.6,False,0
session_009,candidate_01,pangram,key_27,alphanum,43578,43664.3,86.3,False,0
session_009,candidate_01,pangram,key_23,alphanum,44135.9,44210.8,74.9,False,0
session_009,candidate_01,pangram,key_16,alphanum,44266.4,44354,87.6,False,0
session_009,candidate_01,pangram,key_17,alphanum,44438.6,44510.4,71.8,False,0
session_009,candidate_01,pangram,key_05,alphanum,44736,44819.3,83.3,False,0
session_009,candidate_01,pangram,key_13,backspace,45432.4,45503.9,71.5,False,0
session_009,candidate_01,pangram,key_13,backspace,45594.7,45631.1,36.4,False,0
session_009,candidate_01,pangram,key_01,alphanum,46003.4,46074.2,70.8,False,0
session_009,candidate_01,pangram,key_17,alphanum,46161.2,46230.6,69.4,False,0
session_009,candidate_01,pangram,key_26,alphanum,46668.4,46755.5,87.1,False,0
session_009,candidate_01,pangram,key_18,space,46952.2,47038.5,86.3,False,0
session_009,candidate_01,pangram,key_29,alphanum,47198.6,47260.4,61.8,False,0
session_009,candidate_01,pangram,key_23,alphanum,47334.1,47417.8,83.7,False,0
session_009,candidate_01,pangram,key_28,alphanum,47444.4,47520.6,76.2,False,0
session_009,candidate_01,pangram,key_11,alphanum,47567.3,47643.8,76.5,False,0
session_009,candidate_01,pangram,key_06,alphanum,47677.8,47743.8,66,False,0
session_009,candidate_01,pangram,key_18,space,47816.3,47904.9,88.6,False,0
session_009,candidate_01,pangram,key_20,alphanum,48064.4,48131.4,67,False,0
session_009,candidate_01,pangram,key_19,alphanum,48267.4,48322.1,54.7,False,0
session_009,candidate_01,pangram,key_18,space,48405.1,48472.3,67.2,False,0
session_009,candidate_01,pangram,key_10,alphanum,48540.4,48632.3,91.9,False,0
session_009,candidate_01,pangram,key_24,alphanum,48644.4,48710.5,66.1,False,0
session_009,candidate_01,pangram,key_13,backspace,49272.3,49331.2,58.9,False,0
session_009,candidate_01,pangram,key_13,backspace,49416.6,49483.7,67.1,False,0
session_009,candidate_01,pangram,key_10,alphanum,49519.7,49597.1,77.4,False,0
session_009,candidate_01,pangram,key_24,alphanum,49650.3,49721.5,71.2,False,0
session_009,candidate_01,pangram,key_13,backspace,50024.3,50077.1,52.8,False,0
session_009,candidate_01,pangram,key_13,backspace,50156.7,50220.4,63.7,False,0
session_009,candidate_01,pangram,key_25,alphanum,50281.9,50348.7,66.8,False,0
session_009,candidate_01,pangram,key_24,alphanum,50382,50448.7,66.7,False,0
session_009,candidate_01,pangram,key_10,alphanum,50787,50870.9,83.9,False,0
session_009,candidate_01,pangram,key_21,special,50974.3,51038,63.7,False,0
session_009,candidate_01,pangram,key_17,alphanum,51582.4,51640.8,58.4,False,0
session_009,candidate_01,pangram,key_15,alphanum,51738,51814.1,76.1,False,0
session_009,candidate_01,pangram,key_06,alphanum,51844.6,51898.5,53.9,False,0
session_009,candidate_01,pangram,key_18,space,51961.2,52031.7,70.5,False,0
session_009,candidate_01,pangram,key_10,alphanum,52365.3,52480.3,115,False,0
session_009,candidate_01,pangram,key_23,alphanum,52477.7,52527,49.3,False,0
session_009,candidate_01,pangram,key_22,alphanum,52639.8,52703.9,64.1,False,0
session_009,candidate_01,pangram,key_02,alphanum,52731.9,52822.4,90.5,False,0
session_009,candidate_01,pangram,key_08,alphanum,52869.3,52936.6,67.3,False,0
session_009,candidate_01,pangram,key_18,space,53134.4,53241.5,107.1,False,0
session_009,candidate_01,pangram,key_12,alphanum,53398.4,53477.2,78.8,False,0
session_009,candidate_01,pangram,key_01,alphanum,53517,53597.7,80.7,False,0
session_009,candidate_01,pangram,key_10,alphanum,53886.7,54019.3,132.6,False,0
session_009,candidate_01,pangram,key_24,alphanum,54070.2,54114.3,44.1,False,0
session_009,candidate_01,pangram,key_03,alphanum,54248.4,54314.6,66.2,False,0
session_009,candidate_01,pangram,key_18,space,54455.4,54539.3,83.9,False,0
session_009,candidate_01,pangram,key_14,alphanum,54649.2,54720.3,71.1,False,0
session_009,candidate_01,pangram,key_24,alphanum,54757.3,54833.7,76.4,False,0
session_009,candidate_01,pangram,key_02,alphanum,54919.7,54967.7,48,False,0
session_009,candidate_01,pangram,key_13,backspace,55239.7,55299.5,59.8,False,0
session_009,candidate_01,pangram,key_05,alphanum,55340.1,55420.2,80.1,False,0
session_009,candidate_01,pangram,key_18,space,55427.3,55480.9,53.6,False,0
session_009,candidate_01,pangram,key_29,alphanum,56053.7,56120,66.3,False,0
session_009,candidate_01,pangram,key_23,alphanum,56208.1,56277.1,69,False,0
session_009,candidate_01,pangram,key_20,alphanum,56381.6,56514.3,132.7,False,0
session_009,candidate_01,pangram,key_09,alphanum,56433.2,56548.6,115.4,False,0
session_009,candidate_01,pangram,key_07,alphanum,56632.2,56722.9,90.7,False,0
session_009,candidate_01,pangram,key_18,space,56831.6,56916.5,84.9,False,0
session_009,candidate_01,pangram,key_24,alphanum,57033.3,57098.3,65,False,0
session_009,candidate_01,pangram,key_25,alphanum,57249.6,57330.6,81,False,0
session_009,candidate_01,pangram,key_06,alphanum,57328,57397.6,69.6,False,0
session_009,candidate_01,pangram,key_01,alphanum,57515.3,57568.6,53.3,False,0
session_009,candidate_01,pangram,key_18,space,57598.5,57677.1,78.6,False,0
session_009,candidate_01,pangram,key_17,alphanum,57814.8,57893.7,78.9,False,0
session_009,candidate_01,pangram,key_15,alphanum,57986.7,58070.4,83.7,False,0
session_009,candidate_01,pangram,key_06,alphanum,58077.5,58157.6,80.1,False,0
session_009,candidate_01,pangram,key_18,space,58214.1,58283.6,69.5,False,0
session_009,candidate_01,pangram,key_30,alphanum,58489.1,58577.4,88.3,False,0
session_009,candidate_01,pangram,key_16,alphanum,58631.7,58714.2,82.5,False,0
session_009,candidate_01,pangram,key_26,alphanum,58887.9,58952.4,64.5,False,0
session_009,candidate_01,pangram,key_19,alphanum,58999,59073.7,74.7,False,0
session_009,candidate_01,pangram,key_18,space,59222.1,59293.5,71.4,False,0
session_009,candidate_01,pangram,key_28,alphanum,59415,59504.4,89.4,False,0
session_009,candidate_01,pangram,key_24,alphanum,59557.5,59588.6,31.1,False,0
session_009,candidate_01,pangram,key_11,alphanum,59711.1,59781.5,70.4,False,0
session_009,candidate_01,pangram,key_09,alphanum,60821.6,60910.5,88.9,False,0
session_009,candidate_01,pangram,key_16,alphanum,61004.1,61071.2,67.1,False,0
session_009,candidate_01,pangram,key_08,alphanum,61339.6,61436,96.4,False,0
session_009,candidate_01,pangram,key_13,backspace,61683,61747.5,64.5,False,0
session_009,candidate_01,pangram,key_02,alphanum,61801,61897.7,96.7,False,0
session_009,candidate_01,pangram,key_08,alphanum,61911,61985.1,74.1,False,0
session_009,candidate_01,pangram,key_18,space,62265.1,62343.6,78.5,False,0
session_009,candidate_01,pangram,key_20,alphanum,62477.6,62560.4,82.8,False,0
session_009,candidate_01,pangram,key_19,alphanum,62717,62777,60,False,0
session_009,candidate_01,pangram,key_18,space,62889.6,62965.5,75.9,False,0
session_009,candidate_01,pangram,key_12,alphanum,63190.4,63282.5,92.1,False,0
session_009,candidate_01,pangram,key_24,alphanum,63322.1,63422,99.9,False,0
session_009,candidate_01,pangram,key_05,alphanum,63533.1,63614.4,81.3,False,0
session_009,candidate_01,pangram,key_18,space,63661.2,63739.9,78.7,False,0
session_009,candidate_01,pangram,key_10,alphanum,63833,63952.6,119.6,False,0
session_009,candidate_01,pangram,key_22,alphanum,64015.3,64098.6,83.3,False,0
session_009,candidate_01,pangram,key_17,alphanum,64303.2,64347.7,44.5,False,0
session_009,candidate_01,pangram,key_15,alphanum,64555.6,64627.1,71.5,False,0
session_009,candidate_01,pangram,key_18,space,65144.8,65239.8,95,False,0
session_009,candidate_01,pangram,key_14,alphanum,66068.8,66159.9,91.1,False,0
session_009,candidate_01,pangram,key_22,alphanum,66150.6,66213.1,62.5,False,0
session_009,candidate_01,pangram,key_25,alphanum,66327.8,66398.1,70.3,False,0
session_009,candidate_01,pangram,key_06,alphanum,66464.1,66547.9,83.8,False,0
session_009,candidate_01,pangram,key_18,space,66586,66677.3,91.3,False,0
session_009,candidate_01,pangram,key_28,alphanum,66751,66834.6,83.6,False,0
session_009,candidate_01,pangram,key_24,alphanum,66908.9,66977.1,68.2,False,0
session_009,candidate_01,pangram,key_26,alphanum,67371,67466.4,95.4,False,0
session_009,candidate_01,pangram,key_06,alphanum,67594.4,67693.7,99.3,False,0
session_009,candidate_01,pangram,key_03,alphanum,67711.1,67764.4,53.3,False,0
session_009,candidate_01,pangram,key_18,space,67881.9,67965.4,83.5,False,0
session_009,candidate_01,pangram,key_30,alphanum,68044.6,68106.6,62,False,0
session_009,candidate_01,pangram,key_22,alphanum,68211.1,68277,65.9,False,0
session_009,candidate_01,pangram,key_27,alphanum,68444.7,68547.1,102.4,False,0
session_009,candidate_01,pangram,key_23,alphanum,68561.1,68707.4,146.3,False,0
session_009,candidate_01,pangram,key_24,alphanum,68669.4,68780.8,111.4,False,0
session_009,candidate_01,pangram,key_01,alphanum,68965.2,69048.4,83.2,False,0
session_009,candidate_01,pangram,key_18,space,69127.7,69200.4,72.7,False,0
session_009,candidate_01,pangram,key_29,alphanum,69394.5,69452.7,58.2,False,0
session_009,candidate_01,pangram,key_23,alphanum,69544.7,69620.1,75.4,False,0
session_009,candidate_01,pangram,key_11,alphanum,70005.7,70097.3,91.6,False,0
session_009,candidate_01,pangram,key_07,alphanum,70172.4,70247.6,75.2,False,0
session_009,candidate_01,pangram,key_15,alphanum,71068,71231.5,163.5,False,0
session_009,candidate_01,pangram,key_10,alphanum,71398.4,71471.3,72.9,False,0
session_009,candidate_01,pangram,key_13,backspace,71677.6,71740.5,62.9,False,0
session_009,candidate_01,pangram,key_24,alphanum,71902.6,71988.7,86.1,False,0
session_009,candidate_01,pangram,key_10,alphanum,72036,72138.9,102.9,False,0
session_009,candidate_01,pangram,key_18,space,72405.9,72498.5,92.6,False,0
session_009,candidate_01,pangram,key_25,alphanum,72615.9,72703.4,87.5,False,0
session_009,candidate_01,pangram,key_22,alphanum,72781.7,72877,95.3,False,0
session_009,candidate_01,pangram,key_06,alphanum,72977.7,73053.7,76,False,0
session_009,candidate_01,pangram,key_05,alphanum,73194.4,73276.5,82.1,False,0
session_009,candidate_01,pangram,key_22,alphanum,73270.3,73343.6,73.3,False,0
session_009,candidate_01,pangram,key_03,alphanum,73452.4,,,False,0
session_009,candidate_01,pangram,key_06,alphanum,75799.9,75877.1,77.2,False,0
session_009,candidate_01,pangram,key_05,alphanum,76165.1,76254.1,89,False,0
session_009,candidate_01,pangram,key_22,alphanum,77101,77184.1,83.1,False,0
session_009,candidate_01,pangram,key_03,alphanum,77365,77421.8,56.8,False,0
session_009,candidate_01,pangram,key_11,alphanum,77961.1,78054.5,93.4,False,0
session_009,candidate_01,pangram,key_30,alphanum,78077.7,78160.4,82.7,False,0
session_009,candidate_01,pangram,key_19,alphanum,78311,78377,66,False,0
session_009,candidate_01,pangram,key_18,space,78548.7,78643.5,94.8,False,0
session_009,candidate_01,pangram,key_27,alphanum,78891.2,78993.3,102.1,False,0
session_009,candidate_01,pangram,key_23,alphanum,78981.8,79089.9,108.1,False,0
session_009,candidate_01,pangram,key_22,alphanum,79051.6,79154.9,103.3,False,0
session_009,candidate_01,pangram,key_02,alphanum,79200.7,79280.5,79.8,False,0
session_009,candidate_01,pangram,key_08,alphanum,79315.6,79399.1,83.5,False,0
session_009,candidate_01,pangram,key_18,space,79442,79521.9,79.9,False,0
session_009,candidate_01,pangram,key_28,alphanum,79736.3,79800.1,63.8,False,0
session_009,candidate_01,pangram,key_16,alphanum,79827.7,79905.7,78,False,0
session_009,candidate_01,pangram,key_14,alphanum,79982.8,80130.9,148.1,False,0
session_009,candidate_01,pangram,key_17,alphanum,80081.6,80173.4,91.8,False,0
session_009,candidate_01,pangram,key_18,space,80394.2,80469.7,75.5,False,0
session_009,candidate_01,pangram,key_26,alphanum,81206.1,81286.7,80.6,False,0
session_009,candidate_01,pangram,key_06,alphanum,81454.2,81537.6,83.4,False,0
session_009,candidate_01,pangram,key_12,alphanum,81620.6,81704.1,83.5,False,0
session_009,candidate_01,pangram,key_01,alphanum,81857,81930.9,73.9,False,0
session_009,candidate_01,pangram,key_16,alphanum,81998.3,82083.1,84.8,False,0
session_009,candidate_01,pangram,key_07,alphanum,82205.8,82289.2,83.4,False,0
session_009,candidate_01,pangram,key_18,space,82561.1,82627.1,66,False,0
session_009,candidate_01,pangram,key_29,alphanum,82699.8,82767.2,67.4,False,0
session_009,candidate_01,pangram,key_23,alphanum,82861,82932,71,False,0
session_009,candidate_01,pangram,key_20,alphanum,83072.1,83231.8,159.7,False,0
session_009,candidate_01,pangram,key_09,alphanum,83169.2,83268,98.8,False,0
session_009,candidate_01,pangram,key_17,alphanum,83874.8,83951.3,76.5,False,0
session_009,candidate_01,pangram,key_15,alphanum,84048.4,84138.7,90.3,False,0
session_009,candidate_01,pangram,key_06,alphanum,84160.9,84230.8,69.9,False,0
session_009,candidate_01,pangram,key_18,space,84281.3,84356.2,74.9,False,0
session_009,candidate_01,pangram,key_14,alphanum,84377.7,84476.6,98.9,False,0
session_009,candidate_01,pangram,key_22,alphanum,84494.1,84565.1,71,False,0
session_009,candidate_01,pangram,key_25,alphanum,84700.6,84771.8,71.2,False,0
session_009,candidate_01,pangram,key_06,alphanum,84822.3,84905.6,83.3,False,0
session_009,candidate_01,pangram,key_18,space,84981.6,85063.5,81.9,False,0
session_009,candidate_01,pangram,key_12,alphanum,85155.8,85299.5,143.7,False,0
session_009,candidate_01,pangram,key_24,alphanum,85272.2,85371.8,99.6,False,0
session_009,candidate_01,pangram,key_05,alphanum,85452.2,85519.2,67,False,0
session_009,candidate_01,pangram,key_22,alphanum,85544.2,85599.8,55.6,False,0
session_009,candidate_01,pangram,key_03,alphanum,85714.4,85793.6,79.2,False,0
session_009,candidate_01,pangram,key_11,alphanum,85810.8,85888.8,78,False,0
session_009,candidate_01,pangram,key_18,space,85940,86030.9,90.9,False,0
session_009,candidate_01,pangram,key_10,alphanum,86088.2,86199.1,110.9,False,0
session_009,candidate_01,pangram,key_22,alphanum,86227.2,86297.1,69.9,False,0
session_009,candidate_01,pangram,key_26,alphanum,86684.4,86754.9,70.5,False,0
session_009,candidate_01,pangram,key_16,alphanum,86807.6,86910.1,102.5,False,0
session_009,candidate_01,pangram,key_01,alphanum,86884.7,86955.3,70.6,False,0
session_009,candidate_01,pangram,key_28,alphanum,87001.4,87047.6,46.2,False,0
session_009,candidate_01,pangram,key_07,alphanum,87194.5,87285.2,90.7,False,0
session_009,candidate_01,pangram,key_18,space,87602.4,87682,79.6,False,0
session_009,candidate_01,pangram,key_29,alphanum,87794.2,87881,86.8,False,0
session_009,candidate_01,pangram,key_23,alphanum,87998.4,88064.5,66.1,False,0
session_009,candidate_01,pangram,key_20,alphanum,88192.1,88280.8,88.7,False,0
session_009,candidate_01,pangram,key_09,alphanum,88210.6,88330.8,120.2,False,0
session_009,candidate_01,pangram,key_18,space,88360.9,88430.7,69.8,False,0
session_009,candidate_01,pangram,key_23,alphanum,88565.1,88630.6,65.5,False,0
session_009,candidate_01,pangram,key_13,backspace,88839.1,88914.9,75.8,False,0
session_009,candidate_01,pangram,key_27,alphanum,89336.6,89448,111.4,False,0
session_009,candidate_01,pangram,key_22,alphanum,89631.4,89690.5,59.1,False,0
session_009,candidate_01,pangram,key_13,backspace,90136.7,90204,67.3,False,0
session_009,candidate_01,pangram,key_23,alphanum,90422.2,90493.4,71.2,False,0
session_009,candidate_01,pangram,key_22,alphanum,90570.9,90651,80.1,False,0
session_009,candidate_01,pangram,key_02,alphanum,90689.9,90773.5,83.6,False,0
session_009,candidate_01,pangram,key_08,alphanum,90794.1,90853.8,59.7,False,0
session_009,candidate_01,pangram,key_30,alphanum,90951.5,91015,63.5,False,0
session_009,candidate_01,pangram,key_19,alphanum,91144.1,91206.3,62.2,False,0
session_009,candidate_01,pangram,key_09,alphanum,92289.3,92376.8,87.5,False,0
session_009,candidate_01,free,key_08,alphanum,102880,102964,83.7,False,0
session_009,candidate_01,free,key_06,alphanum,103022,103110,88,False,0
session_009,candidate_01,free,key_15,alphanum,103091,103165,74.7,False,0
session_009,candidate_01,free,key_17,alphanum,103361,103427,65.8,False,0
session_009,candidate_01,free,key_16,alphanum,103537,103614,77.7,False,0
session_009,candidate_01,free,key_18,space,103628,103699,71.6,False,0
session_009,candidate_01,free,key_15,alphanum,103753,103820,67.3,False,0
session_009,candidate_01,free,key_16,alphanum,103844,103903,59.1,False,0
session_009,candidate_01,free,key_22,alphanum,103928,103987,59.3,False,0
session_009,candidate_01,free,key_03,alphanum,104097,104173,75.9,False,0
session_009,candidate_01,free,key_18,space,104444,104532,87.8,False,0
session_009,candidate_01,free,key_16,alphanum,104722,104798,75.9,False,0
session_009,candidate_01,free,key_11,alphanum,104811,104873,62.7,False,0
session_009,candidate_01,free,key_16,alphanum,104906,104990,84,False,0
session_009,candidate_01,free,key_01,alphanum,105015,105064,48.1,False,0
session_009,candidate_01,free,key_18,space,105165,105264,98.1,False,0
session_009,candidate_01,free,key_08,alphanum,105365,105437,72.1,False,0
session_009,candidate_01,free,key_22,alphanum,105534,105598,64.3,False,0
session_009,candidate_01,free,key_07,alphanum,105644,105732,87.8,False,0
session_009,candidate_01,free,key_22,alphanum,105764,105843,79.8,False,0
session_009,candidate_01,free,key_18,space,106258,106341,83.4,False,0
session_009,candidate_01,free,key_02,alphanum,106361,106433,72.3,False,0
session_009,candidate_01,free,key_15,alphanum,106477,106527,49.6,False,0
session_009,candidate_01,free,key_06,alphanum,106566,106648,82.5,False,0
session_009,candidate_01,free,key_06,alphanum,106715,106781,65.3,False,0
session_009,candidate_01,free,key_26,alphanum,106938,107047,109.4,False,0
session_009,candidate_01,free,key_18,space,107060,107140,79.7,False,0
session_009,candidate_01,free,key_08,alphanum,107207,107319,112.2,False,0
session_009,candidate_01,free,key_18,space,107352,107435,83.4,False,0
session_009,candidate_01,free,key_13,backspace,107808,107888,79.9,False,0
session_009,candidate_01,free,key_24,alphanum,108256,108340,83.9,False,0
session_009,candidate_01,free,key_18,space,108418,108489,71.1,False,0
session_009,candidate_01,free,key_28,alphanum,108789,108898,108.4,False,0
session_009,candidate_01,free,key_22,alphanum,108873,108927,53.7,False,0
session_009,candidate_01,free,key_30,alphanum,109044,109120,75.3,False,0
session_009,candidate_01,free,key_18,space,109127,109204,77,False,0
session_009,candidate_01,free,key_07,alphanum,109237,109300,62.9,False,0
session_009,candidate_01,free,key_06,alphanum,109384,109481,97.5,False,0
session_009,candidate_01,free,key_18,space,109515,109572,56.8,False,0
session_009,candidate_01,free,key_02,alphanum,109627,109702,75,False,0
session_009,candidate_01,free,key_15,alphanum,109744,109810,66.1,False,0
session_009,candidate_01,free,key_16,alphanum,109844,109914,70.4,False,0
session_009,candidate_01,free,key_15,alphanum,109968,110090,122.3,False,0
session_009,candidate_01,free,key_24,alphanum,110039,110167,127.9,False,0
session_009,candidate_01,free,key_18,space,110256,110349,92.5,False,0
session_009,candidate_01,free,key_17,alphanum,110515,110593,78.6,False,0
session_009,candidate_01,free,key_24,alphanum,110565,110634,68.9,False,0
session_009,candidate_01,free,key_18,space,110689,110763,74.2,False,0
session_009,candidate_01,free,key_18,space,110981,111027,45.9,False,0
session_009,candidate_01,free,key_09,alphanum,111077,111156,78.7,False,0
session_009,candidate_01,free,key_13,backspace,111371,111434,63,False,0
session_009,candidate_01,free,key_13,backspace,111531,111570,38.7,False,0
session_009,candidate_01,free,key_13,backspace,111665,111719,54,False,0
session_009,candidate_01,free,key_15,alphanum,111956,112040,83.7,False,0
session_009,candidate_01,free,key_18,space,112111,112202,91.6,False,0
session_009,candidate_01,free,key_09,alphanum,112242,112302,60.4,False,0
session_009,candidate_01,free,key_24,alphanum,112402,112477,74.6,False,0
session_009,candidate_01,free,key_24,alphanum,112540,112610,69.3,False,0
session_009,candidate_01,free,key_01,alphanum,112594,112698,103.8,False,0
session_009,candidate_01,free,key_22,alphanum,112728,112787,59,False,0
session_009,candidate_01,free,key_18,space,112852,112939,86.9,False,0
session_009,candidate_01,free,key_08,alphanum,113150,113248,98.1,False,0
session_009,candidate_01,free,key_16,alphanum,113287,113381,93.7,False,0
session_009,candidate_01,free,key_19,alphanum,113394,113463,69,False,0
session_009,candidate_01,free,key_06,alphanum,113721,113814,93.5,False,0
session_009,candidate_01,free,key_03,alphanum,114065,114143,78.2,False,0
session_009,candidate_01,free,key_16,alphanum,114294,114370,76,False,0
session_009,candidate_01,free,key_16,alphanum,114484,114560,76.3,False,0
session_009,candidate_01,free,key_17,alphanum,114707,114754,47.5,False,0
session_009,candidate_01,free,key_18,space,114873,114948,75,False,0
session_009,candidate_01,free,key_22,alphanum,115048,115110,61.6,False,0
session_009,candidate_01,free,key_07,alphanum,115144,115221,76.9,False,0
session_009,candidate_01,free,key_13,backspace,115455,115519,63.8,False,0
session_009,candidate_01,free,key_23,alphanum,115667,115743,76,False,0
session_009,candidate_01,free,key_13,backspace,115924,115981,57.3,False,0
session_009,candidate_01,free,key_13,backspace,116057,116120,63.5,False,0
session_009,candidate_01,free,key_23,alphanum,116269,116343,74.3,False,0
session_009,candidate_01,free,key_07,alphanum,116428,116482,53.9,False,0
session_009,candidate_01,free,key_07,alphanum,116574,116641,67.7,False,0
session_009,candidate_01,free,key_06,alphanum,116754,116840,86.4,False,0
session_009,candidate_01,free,key_18,space,116871,116954,83.1,False,0
session_009,candidate_01,free,key_17,alphanum,117181,117293,112.4,False,0
session_009,candidate_01,free,key_23,alphanum,117265,117326,61.3,False,0
session_009,candidate_01,free,key_20,alphanum,117434,117534,99.8,False,0
session_009,candidate_01,free,key_07,alphanum,117624,117705,80.2,False,0
session_009,candidate_01,free,key_06,alphanum,117808,117900,92.1,False,0
session_009,candidate_01,free,key_18,space,118077,118172,94.5,False,0
session_009,candidate_01,free,key_20,alphanum,118561,118643,82.3,False,0
session_009,candidate_01,free,key_22,alphanum,118738,118805,66.8,False,0
session_009,candidate_01,free,key_16,alphanum,119006,119070,64.6,False,0
session_009,candidate_01,free,key_13,backspace,119332,119384,51.1,False,0
session_009,candidate_01,free,key_30,alphanum,119671,119760,88.8,False,0
session_009,candidate_01,free,key_16,alphanum,119852,119907,54.7,False,0
session_009,candidate_01,free,key_03,alphanum,119955,120027,71.9,False,0
session_009,candidate_01,free,key_06,alphanum,120102,120127,24.2,False,0
session_009,candidate_01,free,key_18,space,120203,120274,71.7,False,0
session_009,candidate_01,free,key_20,alphanum,120360,120436,75.2,False,0
session_009,candidate_01,free,key_13,backspace,120665,120717,52.4,False,0
session_009,candidate_01,free,key_13,backspace,120807,120870,62.8,False,0
session_009,candidate_01,free,key_18,space,121316,121390,73.9,False,0
session_009,candidate_01,free,key_08,alphanum,121474,121551,76.4,False,0
session_009,candidate_01,free,key_22,alphanum,121644,121707,62.9,False,0
session_009,candidate_01,free,key_18,space,121737,121810,72.6,False,0
session_009,candidate_01,free,key_08,alphanum,121911,122064,153.5,False,0
session_009,candidate_01,free,key_24,alphanum,122015,122114,99,False,0
session_009,candidate_01,free,key_07,alphanum,122148,122236,87.2,False,0
session_009,candidate_01,free,key_15,alphanum,122244,122377,132.8,False,0
session_009,candidate_01,free,key_22,alphanum,122344,122443,98.9,False,0
session_009,candidate_01,free,key_07,alphanum,122423,122527,103.4,False,0
session_009,candidate_01,free,key_15,alphanum,122516,122581,64.5,False,0
session_009,candidate_01,free,key_18,space,122622,122698,75.8,False,0
session_009,candidate_01,free,key_20,alphanum,122774,122848,73.9,False,0
session_009,candidate_01,free,key_06,alphanum,122861,122960,99.3,False,0
session_009,candidate_01,free,key_22,alphanum,122925,123004,79.4,False,0
session_009,candidate_01,free,key_03,alphanum,123034,123153,118.8,False,0
session_009,candidate_01,free,key_18,space,123122,123221,99.3,False,0
session_009,candidate_01,free,key_30,alphanum,123306,123381,75,False,0
session_009,candidate_01,free,key_16,alphanum,123422,123498,76.3,False,0
session_009,candidate_01,free,key_11,alphanum,123511,123566,54.8,False,0
session_009,candidate_01,free,key_18,space,123644,123720,76.1,False,0
session_009,candidate_01,free,key_29,alphanum,123744,123827,82.7,False,0
session_009,candidate_01,free,key_16,alphanum,123861,123931,70.1,False,0
session_009,candidate_01,free,key_17,alphanum,123961,124023,62.5,False,0
session_009,candidate_01,free,key_22,alphanum,124151,124227,75.5,False,0
session_009,candidate_01,free,key_18,space,124265,124324,58.9,False,0
session_009,candidate_01,free,key_15,alphanum,124782,124867,85.2,False,0
session_009,candidate_01,free,key_16,alphanum,124920,,,False,0
session_009,candidate_01,free,key_13,backspace,126445,126508,62.9,False,0
session_009,candidate_01,free,key_16,alphanum,126999,127069,70,False,0
session_009,candidate_01,free,key_16,alphanum,127132,127221,89.1,False,0
session_009,candidate_01,free,key_17,alphanum,127227,127293,66,False,0
session_009,candidate_01,free,key_22,alphanum,127411,127494,82.7,False,0
session_009,candidate_01,free,key_18,space,127460,127565,104.3,False,0
session_009,candidate_01,free,key_15,alphanum,127598,127660,62.2,False,0
session_009,candidate_01,free,key_16,alphanum,127694,127776,82.5,False,0
session_009,candidate_01,free,key_22,alphanum,127756,127860,104,False,0
session_009,candidate_01,free,key_18,space,127831,127916,84.9,False,0
session_009,candidate_01,free,key_16,alphanum,128307,128364,57.1,False,0
session_009,candidate_01,free,key_16,alphanum,128469,128560,90.6,False,0
session_009,candidate_01,free,key_29,alphanum,128533,128604,71.2,False,0
session_009,candidate_01,free,key_18,space,128628,128700,72.9,False,0
session_009,candidate_01,free,key_16,alphanum,128765,128831,65.7,False,0
session_009,candidate_01,free,key_16,alphanum,128904,128976,72.1,False,0
session_009,candidate_01,free,key_09,alphanum,128954,129017,62.3,False,0
session_009,candidate_01,free,key_18,space,129044,129124,79.9,False,0
session_009,candidate_01,free,key_07,alphanum,129317,129398,80.3,False,0
session_009,candidate_01,free,key_16,alphanum,129506,129581,75.5,False,0
session_009,candidate_01,free,key_12,alphanum,129594,129633,39.1,False,0
session_009,candidate_01,free,key_03,alphanum,130101,130140,38.3,False,0
session_009,candidate_01,free,key_06,alphanum,130402,130482,79.3,False,0
session_009,candidate_01,free,key_18,space,130532,130599,67.1,False,0
session_009,candidate_01,free,key_20,alphanum,130674,130764,89.8,False,0
session_009,candidate_01,free,key_23,alphanum,130855,130919,64.4,False,0
session_009,candidate_01,free,key_29,alphanum,130998,131065,66.5,False,0
session_009,candidate_01,free,key_15,alphanum,131121,131198,76.5,False,0
session_009,candidate_01,free,key_06,alphanum,131227,131301,73.8,False,0
session_009,candidate_01,free,key_18,space,131328,131376,48.9,False,0
session_009,candidate_01,free,key_20,alphanum,131449,131527,78,False,0
session_009,candidate_01,free,key_06,alphanum,131490,131573,83.5,False,0
session_009,candidate_01,free,key_01,alphanum,131675,131750,75.4,False,0
session_009,candidate_01,free,key_22,alphanum,131761,131815,53.9,False,0
session_009,candidate_01,free,key_18,space,131944,132003,59,False,0
session_009,candidate_01,free,key_02,alphanum,132037,132117,79.4,False,0
session_009,candidate_01,free,key_15,alphanum,132144,132202,57.6,False,0
session_009,candidate_01,free,key_16,alphanum,132235,132315,79.9,False,0
session_009,candidate_01,free,key_15,alphanum,132378,132454,76,False,0
session_009,candidate_01,free,key_16,alphanum,132660,132755,94.4,False,0
session_009,candidate_01,free,key_17,alphanum,132760,132832,71.4,False,0
session_009,candidate_01,free,key_18,space,132894,132963,69.5,False,0
session_009,candidate_01,free,key_07,alphanum,132994,133066,71.4,False,0
session_009,candidate_01,free,key_06,alphanum,133155,133260,104.8,False,0
session_009,candidate_01,free,key_18,space,133252,133315,62.2,False,0
session_009,candidate_01,free,key_20,alphanum,133432,133531,98.9,False,0
session_009,candidate_01,free,key_22,alphanum,133732,133789,56.9,False,0
session_009,candidate_01,free,key_30,alphanum,133917,133987,70.1,False,0
session_009,candidate_01,free,key_16,alphanum,134040,134120,80.1,False,0
session_009,candidate_01,free,key_18,space,134474,134564,90.6,False,0
session_009,candidate_01,free,key_28,alphanum,134690,134793,103,False,0
session_009,candidate_01,free,key_22,alphanum,134810,134872,61.7,False,0
session_009,candidate_01,free,key_19,alphanum,134986,135064,78.4,False,0
session_009,candidate_01,free,key_16,alphanum,135111,135182,71.6,False,0
session_009,candidate_01,free,key_18,space,135472,135568,95.9,False,0
session_009,candidate_01,free,key_16,alphanum,135669,135756,87,False,0
session_009,candidate_01,free,key_23,alphanum,135805,135881,76,False,0
session_009,candidate_01,free,key_01,alphanum,135925,136024,98.9,False,0
session_009,candidate_01,free,key_18,space,136098,136171,73.1,False,0
session_009,candidate_01,free,key_16,alphanum,136278,,,False,0
session_009,candidate_01,free,key_16,alphanum,137908,138003,94.8,False,0
session_009,candidate_01,free,key_23,alphanum,138100,138163,62.8,False,0
session_009,candidate_01,free,key_16,alphanum,138806,138890,83.3,False,0
session_009,candidate_01,free,key_23,alphanum,138961,139026,65.8,False,0
session_009,candidate_01,free,key_01,alphanum,139067,139164,97,False,0
session_009,candidate_01,free,key_18,space,139272,139353,80.9,False,0
session_009,candidate_01,free,key_16,alphanum,139594,139676,82.6,False,0
session_009,candidate_01,free,key_16,alphanum,139754,139827,72.9,False,0
session_009,candidate_01,free,key_29,alphanum,139861,139917,56.6,False,0
session_009,candidate_01,free,key_18,space,139989,140065,76,False,0
session_009,candidate_01,free,key_22,alphanum,140116,140193,77.2,False,0
session_009,candidate_01,free,key_07,alphanum,140237,140326,89.6,False,0
session_009,candidate_01,free,key_18,space,140288,140360,71.5,False,0
session_009,candidate_01,free,key_12,alphanum,140415,140506,91,False,0
session_009,candidate_01,free,key_16,alphanum,140650,140714,64.2,False,0
session_009,candidate_01,free,key_16,alphanum,140815,140910,94.8,False,0
session_009,candidate_01,free,key_17,alphanum,140886,140985,99.1,False,0
session_009,candidate_01,free,key_18,space,141078,141154,76.5,False,0
session_009,candidate_01,free,key_29,alphanum,141287,141340,53.8,False,0
session_009,candidate_01,free,key_16,alphanum,141417,141500,83.6,False,0
session_009,candidate_01,free,key_13,backspace,141661,141720,59.5,False,0
session_009,candidate_01,free,key_13,backspace,141807,141864,56.5,False,0
session_009,candidate_01,free,key_08,alphanum,141982,142051,69.4,False,0
session_009,candidate_01,free,key_16,alphanum,142077,142150,73.2,False,0
session_009,candidate_01,free,key_18,space,142177,142237,59.3,False,0
session_009,candidate_01,free,key_12,alphanum,142364,142448,84,False,0
session_009,candidate_01,free,key_15,alphanum,142444,142554,109.2,False,0
session_009,candidate_01,free,key_22,alphanum,142511,142614,103.1,False,0
session_009,candidate_01,free,key_18,space,142775,142860,84.7,False,0
session_009,candidate_01,free,key_19,alphanum,143297,143381,83.6,False,0
session_009,candidate_01,free,key_16,alphanum,143465,143531,65.8,False,0
session_009,candidate_01,free,key_27,alphanum,143614,143691,76.5,False,0
session_009,candidate_01,free,key_06,alphanum,143864,143933,69.3,False,0
session_009,candidate_01,free,key_06,alphanum,144056,144156,99.6,False,0
session_009,candidate_01,free,key_01,alphanum,144320,144429,109.3,False,0
session_009,candidate_01,free,key_03,alphanum,144598,144681,82.6,False,0
session_009,candidate_01,free,key_13,backspace,144966,145017,51.2,False,0
session_009,candidate_01,free,key_13,backspace,145100,145164,64.4,False,0
session_009,candidate_01,free,key_03,alphanum,145573,145657,83.3,False,0
session_009,candidate_01,free,key_18,space,145748,145819,70.6,False,0
session_009,candidate_01,free,key_15,alphanum,145877,146003,125.4,False,0
session_009,candidate_01,free,key_24,alphanum,145961,146060,99.1,False,0
session_009,candidate_01,free,key_18,space,146028,146093,65.6,False,0
session_009,candidate_01,free,key_11,alphanum,146177,146246,69.1,False,0
session_009,candidate_01,free,key_19,alphanum,146357,146417,60.1,False,0
session_009,candidate_01,free,key_16,alphanum,146444,146521,77.5,False,0
session_009,candidate_01,free,key_13,backspace,146968,147015,47.1,False,0
session_009,candidate_01,free,key_13,backspace,147132,147160,28,False,0
session_009,candidate_01,free,key_16,alphanum,147610,147726,116,False,0
session_009,candidate_01,free,key_19,alphanum,147710,147772,61.8,False,0
session_009,candidate_01,free,key_16,alphanum,147819,147896,77.3,False,0
session_009,candidate_01,free,key_18,space,147864,147910,45.1,False,0
session_009,candidate_01,free,key_08,alphanum,148137,148199,62.3,False,0
session_009,candidate_01,free,key_22,alphanum,148277,148360,82.9,False,0
session_009,candidate_01,free,key_18,space,148377,148421,43.9,False,0
session_009,candidate_01,free,key_15,alphanum,148544,148610,66.1,False,0
session_009,candidate_01,free,key_16,alphanum,148653,148730,77.1,False,0
session_009,candidate_01,free,key_20,alphanum,148731,148814,83.2,False,0
session_009,candidate_01,free,key_16,alphanum,148810,148893,82.6,False,0
session_009,candidate_01,free,key_01,alphanum,149033,149060,26.8,False,0
session_009,candidate_01,free,key_22,alphanum,149727,149780,53.2,False,0
session_009,candidate_01,free,key_18,space,149870,149949,78.9,False,0
session_009,candidate_01,free,key_14,alphanum,150654,150772,118.1,False,0
session_009,candidate_01,free,key_22,alphanum,150734,150793,59.5,False,0
session_009,candidate_01,free,key_30,alphanum,150881,150949,68,False,0
session_009,candidate_01,free,key_20,alphanum,151056,151198,141.5,False,0
session_009,candidate_01,free,key_24,alphanum,151140,151252,112.3,False,0
session_009,candidate_01,free,key_03,alphanum,151777,151841,63.4,False,0
session_009,candidate_01,free,key_18,space,151914,152002,87.5,False,0
session_009,candidate_01,free,key_08,alphanum,152050,152118,68,False,0
session_009,candidate_01,free,key_22,alphanum,152198,152270,72.3,False,0
session_009,candidate_01,free,key_18,space,152294,152386,91.5,False,0
session_009,candidate_01,free,key_17,alphanum,153052,153138,86.2,False,0
session_009,candidate_01,free,key_16,alphanum,153160,153215,54.3,False,0
session_009,candidate_01,free,key_01,alphanum,153244,153310,65.9,False,0
session_009,candidate_01,free,key_16,alphanum,153327,153381,53.4,False,0
session_009,candidate_01,free,key_15,alphanum,153482,153564,82.4,False,0
session_009,candidate_01,free,key_18,space,153619,153710,91,False,0
session_009,candidate_01,free,key_15,alphanum,153915,154037,121.7,False,0
session_009,candidate_01,free,key_22,alphanum,153999,154082,83.3,False,0
session_009,candidate_01,free,key_20,alphanum,154192,154276,84.4,False,0
session_009,candidate_01,free,key_16,alphanum,154269,154340,70.7,False,0
session_009,candidate_01,free,key_01,alphanum,154484,154610,126,False,0
session_009,candidate_01,free,key_22,alphanum,154582,154643,61.2,False,0
session_009,candidate_01,free,key_18,space,154777,154874,97.3,False,0
session_009,candidate_01,free,key_26,alphanum,155388,155460,71.7,False,0
session_009,candidate_01,free,key_22,alphanum,155440,155500,60.2,False,0
session_009,candidate_01,free,key_03,alphanum,155608,155693,85.1,False,0
session_009,candidate_01,free,key_14,alphanum,155682,155748,66.3,False,0
session_009,candidate_01,free,key_13,backspace,156243,156305,62,False,0
session_009,candidate_01,free,key_28,alphanum,156482,156564,82.7,False,0
session_009,candidate_01,free,key_16,alphanum,156687,156766,78.9,False,0
session_009,candidate_01,free,key_23,alphanum,156827,156914,86.8,False,0
session_009,candidate_01,free,key_13,backspace,157222,157286,64,False,0
session_009,candidate_01,free,key_11,alphanum,157465,157560,95,False,0
session_009,candidate_01,free,key_22,alphanum,157537,157599,62,False,0
session_009,candidate_01,free,key_18,space,157632,157702,70.4,False,0
session_009,candidate_01,free,key_20,alphanum,157768,157851,83.1,False,0
session_009,candidate_01,free,key_06,alphanum,157877,157970,92.4,False,0
session_009,candidate_01,free,key_22,alphanum,157936,158038,102.4,False,0
session_009,candidate_01,free,key_03,alphanum,158006,158130,123.9,False,0
session_009,candidate_01,free,key_18,space,158091,158190,99.5,False,0
session_009,candidate_01,free,key_12,alphanum,158232,158326,94.8,False,0
session_009,candidate_01,free,key_15,alphanum,158310,158426,116.2,False,0
session_009,candidate_01,free,key_22,alphanum,158398,158481,83,False,0
session_009,candidate_01,free,key_18,space,158665,158747,82.3,False,0
session_009,candidate_01,free,key_06,alphanum,158806,158881,74.1,False,0
session_009,candidate_01,free,key_03,alphanum,158910,158981,70.2,False,0
session_009,candidate_01,free,key_28,alphanum,159015,159084,68.9,False,0
session_009,candidate_01,free,key_18,space,159093,159172,78.4,False,0
session_009,candidate_01,free,key_17,alphanum,159265,159351,85.9,False,0
session_009,candidate_01,free,key_08,alphanum,159377,159438,61.1,False,0
session_009,candidate_01,free,key_18,space,159532,159601,69.5,False,0
session_009,candidate_01,free,key_28,alphanum,159698,159749,50.9,False,0
session_009,candidate_01,free,key_16,alphanum,159898,159964,65.7,False,0
session_009,candidate_01,free,key_13,backspace,160398,160464,65.4,False,0
session_009,candidate_01,free,key_07,alphanum,160494,160585,91.4,False,0
session_009,candidate_01,free,key_16,alphanum,160706,160785,79.7,False,0
session_009,candidate_01,free,key_12,alphanum,160741,160814,72.3,False,0
session_009,candidate_01,free,key_18,space,160866,160954,88.2,False,0
session_009,candidate_01,free,key_08,alphanum,160982,161056,74.8,False,0
session_009,candidate_01,free,key_23,alphanum,161144,161214,69.6,False,0
session_009,candidate_01,free,key_02,alphanum,161277,161376,99.4,False,0
session_009,candidate_01,free,key_15,alphanum,161353,161417,63.7,False,0
session_009,candidate_01,free,key_18,space,161456,161532,76.4,False,0
session_009,candidate_01,free,key_17,alphanum,161661,161731,70,False,0
session_009,candidate_01,free,key_15,alphanum,161820,161898,77.1,False,0
session_009,candidate_01,free,key_06,alphanum,161910,161971,61,False,0
session_009,candidate_01,free,key_06,alphanum,162050,162143,92.5,False,0
session_009,candidate_01,free,key_08,alphanum,162122,162210,87.8,False,0
session_009,candidate_01,free,key_18,space,162183,162283,100.2,False,0
session_009,candidate_01,free,key_15,alphanum,162332,162459,126.7,False,0
session_009,candidate_01,free,key_24,alphanum,162432,162527,94.5,False,0
session_009,candidate_01,free,key_18,space,162527,162593,65.6,False,0
session_009,candidate_01,free,key_29,alphanum,163085,163168,82.2,False,0
session_009,candidate_01,free,key_16,alphanum,163194,163260,66,False,0
session_009,candidate_01,free,key_17,alphanum,163294,163360,66,False,0
session_009,candidate_01,free,key_16,alphanum,163348,163422,74.7,False,0
session_009,candidate_01,free,key_16,alphanum,163548,163697,148.6,False,0
session_009,candidate_01,free,key_13,backspace,163932,163990,58.3,False,0
session_009,candidate_01,free,key_13,backspace,164081,164140,58.7,False,0
session_009,candidate_01,free,key_16,alphanum,164314,164451,137.5,False,0
session_009,candidate_01,free,key_13,backspace,164581,164668,86.5,False,0
session_009,candidate_01,free,key_13,backspace,164824,164900,76.2,False,0
session_009,candidate_01,free,key_16,alphanum,164965,165056,90.8,False,0
session_009,candidate_01,free,key_17,alphanum,165322,165398,76.1,False,0
session_009,candidate_01,free,key_16,alphanum,165514,165597,83.4,False,0
session_009,candidate_01,free,key_18,space,165627,165670,43,False,0
session_009,candidate_01,free,key_15,alphanum,165744,165814,70.3,False,0
session_009,candidate_01,free,key_16,alphanum,165932,166044,111.3,False,0
session_009,candidate_01,free,key_22,alphanum,166032,166116,83.7,False,0
session_009,candidate_01,free,key_18,space,166416,166480,64.6,False,0
session_009,candidate_01,free,key_15,alphanum,166648,166710,61.3,False,0
session_009,candidate_01,free,key_16,alphanum,166765,166847,82.6,False,0
session_009,candidate_01,free,key_09,alphanum,166914,166981,66.5,False,0
session_009,candidate_01,free,key_09,alphanum,167042,167102,60.4,False,0
session_009,candidate_01,free,key_13,backspace,167436,167504,67.2,False,0
session_009,candidate_01,free,key_13,backspace,167594,167648,53.9,False,0
session_009,candidate_01,free,key_13,backspace,167756,167816,59.7,False,0
session_009,candidate_01,free,key_13,backspace,168131,168204,72.4,False,0
session_009,candidate_01,free,key_13,backspace,168291,168376,85,False,0
session_009,candidate_01,free,key_04,symbol,168827,168919,92,False,0
session_009,candidate_01,free,key_18,space,169054,169126,72.1,False,0
session_009,candidate_01,free,key_15,alphanum,169648,169726,78.4,False,0
session_009,candidate_01,free,key_16,alphanum,169767,169831,63.2,False,0
session_009,candidate_01,free,key_09,alphanum,169908,169986,77.4,False,0
session_009,candidate_01,free,key_09,alphanum,170044,170100,56,False,0
session_009,candidate_01,free,key_19,alphanum,170444,170498,53.8,False,0
session_009,candidate_01,free,key_07,alphanum,170554,170657,102.9,False,0
session_009,candidate_01,free,key_18,space,170964,171052,87.8,False,0
session_009,candidate_01,free,key_06,alphanum,171090,171171,80.7,False,0
session_009,candidate_01,free,key_03,alphanum,171215,171282,66.9,False,0
session_009,candidate_01,free,key_28,alphanum,171315,171393,77.7,False,0
session_009,candidate_01,free,key_22,alphanum,171389,171447,58.3,False,0
session_009,candidate_01,free,key_03,alphanum,171460,171576,116.2,False,0
session_009,candidate_01,free,key_11,alphanum,172144,172210,65.8,False,0
session_009,candidate_01,free,key_07,alphanum,172290,172370,80.6,False,0
session_009,candidate_01,free,key_18,space,172670,172749,78.6,False,0
session_009,candidate_01,free,key_16,alphanum,172781,172863,81.6,False,0
session_009,candidate_01,free,key_23,alphanum,172927,172960,32.5,False,0
session_009,candidate_01,free,key_01,alphanum,173065,173134,68.4,False,0
session_009,candidate_01,free,key_13,backspace,173658,173726,68.5,False,0
session_009,candidate_01,free,key_23,alphanum,173891,173968,76.6,False,0
session_009,candidate_01,free,key_01,alphanum,174020,174043,22.6,False,0
session_009,candidate_01,free,key_13,backspace,174481,174548,67.2,False,0
session_009,candidate_01,free,key_13,backspace,174622,174686,63.4,False,0
session_009,candidate_01,free,key_16,alphanum,174790,174866,76.1,False,0
session_009,candidate_01,free,key_23,alphanum,174907,174976,68.9,False,0
session_009,candidate_01,free,key_17,alphanum,175041,175096,54.7,False,0
session_009,candidate_01,free,key_04,symbol,175588,175614,26.5,False,0
session_009,candidate_01,free,key_01,alphanum,175686,175787,101.5,False,0
session_009,candidate_01,free,key_13,backspace,175970,176036,66.3,False,0
session_009,candidate_01,free,key_13,backspace,176121,176185,63.5,False,0
session_009,candidate_01,free,key_01,alphanum,176318,176382,64,False,0
session_009,candidate_01,free,key_13,backspace,176465,176533,67.4,False,0
session_009,candidate_01,free,key_13,backspace,176614,176682,67.3,False,0
session_009,candidate_01,free,key_01,alphanum,176752,176826,73.9,False,0
session_009,candidate_01,free,key_18,space,176965,177055,90.5,False,0
session_009,candidate_01,free,key_16,alphanum,177139,177226,87.6,False,0
session_009,candidate_01,free,key_11,alphanum,177261,177313,52.5,False,0
session_009,candidate_01,free,key_16,alphanum,177344,177414,70.6,False,0
session_009,candidate_01,free,key_01,alphanum,177594,177704,110.3,False,0
session_009,candidate_01,free,key_18,space,177882,177967,85.1,False,0
session_009,candidate_01,free,key_17,alphanum,178083,178134,51.2,False,0
session_009,candidate_01,free,key_15,alphanum,178248,178317,69.2,False,0
session_009,candidate_01,free,key_06,alphanum,178327,178410,83,False,0
session_009,candidate_01,free,key_06,alphanum,178471,178548,76.5,False,0
session_009,candidate_01,free,key_06,alphanum,178940,179020,80.9,False,0
session_009,candidate_01,free,key_08,alphanum,179115,179197,82.2,False,0
session_009,candidate_01,free,key_18,space,179227,179305,77.8,False,0
session_009,candidate_01,free,key_13,backspace,179598,179655,56.9,False,0
session_009,candidate_01,free,key_13,backspace,179740,179797,56.8,False,0
session_009,candidate_01,free,key_13,backspace,179881,179948,66.6,False,0
session_009,candidate_01,free,key_08,alphanum,180422,180498,75.8,False,0
session_009,candidate_01,free,key_18,space,180539,180613,74.6,False,0
session_009,candidate_01,free,key_03,alphanum,180706,180849,143.1,False,0
session_009,candidate_01,free,key_24,alphanum,180798,180881,83.2,False,0
session_009,candidate_01,free,key_18,space,180911,181014,103.2,False,0
session_009,candidate_01,free,key_15,alphanum,181137,181293,155.7,False,0
session_009,candidate_01,free,key_13,backspace,181550,181618,67.5,False,0
session_009,candidate_01,free,key_13,backspace,181694,181747,53.5,False,0
session_009,candidate_01,free,key_13,backspace,181833,181897,64.4,False,0
session_009,candidate_01,free,key_16,alphanum,182154,182260,105.7,False,0
session_009,candidate_01,free,key_18,space,182240,182304,64.4,False,0
session_009,candidate_01,free,key_15,alphanum,182411,182543,132.4,False,0
session_009,candidate_01,free,key_24,alphanum,182489,182593,103.6,False,0
session_009,candidate_01,free,key_18,space,182627,182686,59.6,False,0
session_009,candidate_01,free,key_17,alphanum,182754,182884,130,False,0
session_009,candidate_01,free,key_24,alphanum,182847,182947,100.1,False,0
session_009,candidate_01,free,key_18,space,182960,183043,83.1,False,0
session_009,candidate_01,free,key_13,backspace,183644,183714,70.3,False,0
session_009,candidate_01,free,key_15,alphanum,184049,184102,52.9,False,0
session_009,candidate_01,free,key_18,space,184240,184298,58,False,0
session_009,candidate_01,free,key_10,alphanum,184350,184443,92.7,False,0
session_009,candidate_01,free,key_24,alphanum,184422,184481,59.8,False,0
session_009,candidate_01,free,key_15,alphanum,184600,184676,76.4,False,0
session_009,candidate_01,free,key_18,space,184781,184864,82.5,False,0
session_009,candidate_01,free,key_17,alphanum,185369,185443,74.3,False,0
session_009,candidate_01,free,key_15,alphanum,185535,185626,90.8,False,0
session_009,candidate_01,free,key_18,space,185701,185776,74.9,False,0
session_009,candidate_01,free,key_06,alphanum,185827,185930,103.4,False,0
session_009,candidate_01,free,key_03,alphanum,185991,186068,76.5,False,0
session_009,candidate_01,free,key_13,backspace,186464,186536,71.1,False,0
session_009,candidate_01,free,key_13,backspace,186619,186704,84.3,False,0
session_009,candidate_01,free,key_13,backspace,186877,186948,70.7,False,0
session_009,candidate_01,free,key_06,alphanum,187122,187219,96.6,False,0
session_009,candidate_01,free,key_18,space,187280,187363,83.3,False,0
session_009,candidate_01,free,key_06,alphanum,187376,187487,110.2,False,0
session_009,candidate_01,free,key_03,alphanum,187565,187631,65.9,False,0
session_009,candidate_01,free,key_28,alphanum,187643,187738,94.9,False,0
session_009,candidate_01,free,key_18,space,187798,187850,52.3,False,0
session_009,candidate_01,free,key_03,alphanum,187944,188016,71.7,False,0
session_009,candidate_01,free,key_15,alphanum,188116,188207,90.6,False,0
session_009,candidate_01,free,key_16,alphanum,188288,188388,100,False,0
session_009,candidate_01,free,key_13,backspace,188700,188751,51.3,False,0
session_009,candidate_01,free,key_13,backspace,188827,188898,71,False,0
session_009,candidate_01,free,key_16,alphanum,188977,189064,87.1,False,0
session_009,candidate_01,free,key_15,alphanum,189094,189237,143.1,False,0
session_009,candidate_01,free,key_22,alphanum,189156,189293,137.1,False,0
session_009,candidate_01,free,key_18,space,189277,189348,71.1,False,0
session_009,candidate_01,free,key_15,alphanum,189641,189713,71.8,False,0
session_009,candidate_01,free,key_16,alphanum,189744,189843,99.4,False,0
session_009,candidate_01,free,key_22,alphanum,189820,189926,106.3,False,0
session_009,candidate_01,free,key_18,space,189899,189990,91.2,False,0
session_009,candidate_01,free,key_08,alphanum,190100,190180,80.4,False,0
session_009,candidate_01,free,key_19,alphanum,190755,190822,66.8,False,0
session_009,candidate_01,free,key_23,alphanum,190991,191076,85.4,False,0
session_009,candidate_01,free,key_08,alphanum,191194,191265,71.4,False,0
session_009,candidate_01,free,key_22,alphanum,191344,191414,70.2,False,0
session_009,candidate_01,free,key_18,space,191467,191564,96.6,False,0
session_009,candidate_01,free,key_13,backspace,191910,191989,78.3,False,0
session_009,candidate_01,free,key_13,backspace,192081,192148,67.6,False,0
session_009,candidate_01,free,key_13,backspace,192231,192303,72.3,False,0
session_009,candidate_01,free,key_03,alphanum,193091,193214,122.9,False,0
session_009,candidate_01,free,key_08,alphanum,193167,193243,75.7,False,0
session_009,candidate_01,free,key_22,alphanum,193315,193388,73.1,False,0
session_009,candidate_01,free,key_18,space,193411,193498,87.7,False,0
session_009,candidate_01,free,key_09,alphanum,193573,193637,64.3,False,0
session_009,candidate_01,free,key_23,alphanum,193770,193809,39.4,False,0
session_009,candidate_01,free,key_02,alphanum,193882,193969,87.2,False,0
session_009,candidate_01,free,key_13,backspace,194298,194353,55,False,0
session_009,candidate_01,free,key_13,backspace,194432,194490,57.8,False,0
session_009,candidate_01,free,key_22,alphanum,194623,194697,73.9,False,0
session_009,candidate_01,free,key_02,alphanum,194764,194850,86,False,0
session_009,candidate_01,free,key_17,alphanum,195077,195143,66.3,False,0
session_009,candidate_01,free,key_23,alphanum,195271,,,False,0
session_002,candidate_08,pangram,key_17,alphanum,0,82.4,82.4,False,0
session_002,candidate_08,pangram,key_15,alphanum,166.4,248.8,82.4,False,0
session_002,candidate_08,pangram,key_06,alphanum,315.7,382.9,67.2,False,0
session_002,candidate_08,pangram,key_18,space,452.2,531.3,79.1,False,0
session_002,candidate_08,pangram,key_27,alphanum,1101.9,1169.1,67.2,False,0
session_002,candidate_08,pangram,key_23,alphanum,1324.7,1432.2,107.5,False,0
session_002,candidate_08,pangram,key_22,alphanum,1469.5,1539.1,69.6,False,0
session_002,candidate_08,pangram,key_02,alphanum,1629.8,1714.3,84.5,False,0
session_002,candidate_08,pangram,key_08,alphanum,1769.7,1830.4,60.7,False,0
session_002,candidate_08,pangram,key_18,space,1956.4,2031.8,75.4,False,0
session_002,candidate_08,pangram,key_12,alphanum,2188.4,2251.7,63.3,False,0
session_002,candidate_08,pangram,key_01,alphanum,2349.6,2416.5,66.9,False,0
session_002,candidate_08,pangram,key_24,alphanum,2501.3,2579.8,78.5,False,0
session_002,candidate_08,pangram,key_10,alphanum,2670.7,2734.5,63.8,False,0
session_002,candidate_08,pangram,key_03,alphanum,2781.2,2852.7,71.5,False,0
session_002,candidate_08,pangram,key_18,space,2987.9,3054.9,67,False,0
session_002,candidate_08,pangram,key_14,alphanum,3371.2,3445.5,74.3,False,0
session_002,candidate_08,pangram,key_24,alphanum,3512.5,3596.3,83.8,False,0
session_002,candidate_08,pangram,key_05,alphanum,3738.8,3802.6,63.8,False,0
session_002,candidate_08,pangram,key_18,space,3919.1,3986.1,67,False,0
session_002,candidate_08,pangram,key_29,alphanum,4619.2,4698.5,79.3,False,0
session_002,candidate_08,pangram,key_23,alphanum,4840.9,4884.3,43.4,False,0
session_002,candidate_08,pangram,key_20,alphanum,5020.6,5087.3,66.7,False,0
session_002,candidate_08,pangram,key_09,alphanum,5236.8,5315.2,78.4,False,0
session_002,candidate_08,pangram,key_07,alphanum,5399.6,5480,80.4,False,0
session_002,candidate_08,pangram,key_18,space,5504.4,5571.3,66.9,False,0
session_002,candidate_08,pangram,key_24,alphanum,5716.1,5805.4,89.3,False,0
session_002,candidate_08,pangram,key_25,alphanum,5948.4,6023.9,75.5,False,0
session_002,candidate_08,pangram,key_06,alphanum,6118.9,6237,118.1,False,0
session_002,candidate_08,pangram,key_01,alphanum,6202.7,6313.4,110.7,False,0
session_002,candidate_08,pangram,key_18,space,6318.1,6413.1,95,False,0
session_002,candidate_08,pangram,key_17,alphanum,6566.9,6664.7,97.8,False,0
session_002,candidate_08,pangram,key_15,alphanum,6642,6753.9,111.9,False,0
session_002,candidate_08,pangram,key_06,alphanum,6751.5,6811.8,60.3,False,0
session_002,candidate_08,pangram,key_18,space,6891.5,6963.4,71.9,False,0
session_002,candidate_08,pangram,key_30,alphanum,7463.6,7540.7,77.1,False,0
session_002,candidate_08,pangram,key_16,alphanum,7620,7699.3,79.3,False,0
session_002,candidate_08,pangram,key_26,alphanum,7948.5,8022.8,74.3,False,0
session_002,candidate_08,pangram,key_19,alphanum,8167.9,8248.5,80.6,False,0
session_002,candidate_08,pangram,key_18,space,8348.2,8441.1,92.9,False,0
session_002,candidate_08,pangram,key_28,alphanum,8857.8,8917.8,60,False,0
session_002,candidate_08,pangram,key_24,alphanum,9066.3,9153.6,87.3,False,0
session_002,candidate_08,pangram,key_11,alphanum,9515.5,9598.3,82.8,False,0
session_002,candidate_08,pangram,key_09,alphanum,10698.6,10786.7,88.1,False,0
session_002,candidate_08,pangram,key_16,alphanum,10852.7,11005.6,152.9,False,0
session_002,candidate_08,pangram,key_02,alphanum,10982.1,11066.9,84.8,False,0
session_002,candidate_08,pangram,key_08,alphanum,11134.5,11214.7,80.2,False,0
session_002,candidate_08,pangram,key_18,space,11373.7,11449.1,75.4,False,0
session_002,candidate_08,pangram,key_20,alphanum,11585.8,11668.8,83,False,0
session_002,candidate_08,pangram,key_19,alphanum,11991.5,12071.5,80,False,0
session_002,candidate_08,pangram,key_18,space,12203.8,12287.9,84.1,False,0
session_002,candidate_08,pangram,key_12,alphanum,12420.2,12485.6,65.4,False,0
session_002,candidate_08,pangram,key_24,alphanum,12613.9,12686,72.1,False,0
session_002,candidate_08,pangram,key_05,alphanum,13269.6,13353.9,84.3,False,0
session_002,candidate_08,pangram,key_18,space,13416.8,13484.3,67.5,False,0
session_002,candidate_08,pangram,key_10,alphanum,13583.7,13654.2,70.5,False,0
session_002,candidate_08,pangram,key_22,alphanum,13680.9,13768.9,88,False,0
session_002,candidate_08,pangram,key_17,alphanum,13863.8,13951.2,87.4,False,0
session_002,candidate_08,pangram,key_15,alphanum,14018.7,14132.8,114.1,False,0
session_002,candidate_08,pangram,key_18,space,14170.1,14237.2,67.1,False,0
session_002,candidate_08,pangram,key_14,alphanum,14889.5,14964.9,75.4,False,0
session_002,candidate_08,pangram,key_22,alphanum,15016.9,15100.4,83.5,False,0
session_002,candidate_08,pangram,key_25,alphanum,15235.5,15299.2,63.7,False,0
session_002,candidate_08,pangram,key_06,alphanum,15389.5,15466.2,76.7,False,0
session_002,candidate_08,pangram,key_18,space,15470.8,15550.1,79.3,False,0
session_002,candidate_08,pangram,key_28,alphanum,15724.7,15801.1,76.4,False,0
session_002,candidate_08,pangram,key_24,alphanum,15873.6,15953.9,80.3,False,0
session_002,candidate_08,pangram,key_05,alphanum,16166.2,16234.3,68.1,False,0
session_002,candidate_08,pangram,key_13,backspace,16566.1,16637.6,71.5,False,0
session_002,candidate_08,pangram,key_26,alphanum,16705.8,16781.3,75.5,False,0
session_002,candidate_08,pangram,key_06,alphanum,16954.5,17000.8,46.3,False,0
session_002,candidate_08,pangram,key_10,alphanum,16957.2,17012.1,54.9,False,0
session_002,candidate_08,pangram,key_03,alphanum,17118.9,17188.3,69.4,False,0
session_002,candidate_08,pangram,key_18,space,17366.3,17412.5,46.2,False,0
session_002,candidate_08,pangram,key_22,alphanum,18730.9,18802.1,71.2,False,0
session_002,candidate_08,pangram,key_27,alphanum,19063.3,19122.5,59.2,False,0
session_002,candidate_08,pangram,key_23,alphanum,19406.5,19496.7,90.2,False,0
session_002,candidate_08,pangram,key_24,alphanum,19574,19673.7,99.7,False,0
session_002,candidate_08,pangram,key_01,alphanum,20574.1,20634.1,60,False,0
session_002,candidate_08,pangram,key_18,space,20854.4,20917.8,63.4,False,0
session_002,candidate_08,pangram,key_29,alphanum,21421.5,21501.3,79.8,False,0
session_002,candidate_08,pangram,key_23,alphanum,21630,21703,73,False,0
session_002,candidate_08,pangram,key_11,alphanum,21899.1,21964.5,65.4,False,0
session_002,candidate_08,pangram,key_07,alphanum,22065.3,22134.1,68.8,False,0
session_002,candidate_08,pangram,key_15,alphanum,23316.2,23415.7,99.5,False,0
session_002,candidate_08,pangram,key_24,alphanum,23468.9,23563,94.1,False,0
session_002,candidate_08,pangram,key_10,alphanum,23637.1,23711.5,74.4,False,0
session_002,candidate_08,pangram,key_18,space,23812.6,23897.6,85,False,0
session_002,candidate_08,pangram,key_25,alphanum,24365.6,24436.9,71.3,False,0
session_002,candidate_08,pangram,key_06,alphanum,24503,24573.4,70.4,False,0
session_002,candidate_08,pangram,key_05,alphanum,24769.8,24853.4,83.6,False,0
session_002,candidate_08,pangram,key_22,alphanum,24918.6,25015,96.4,False,0
session_002,candidate_08,pangram,key_03,alphanum,25064.1,25156.1,92,False,0
session_002,candidate_08,pangram,key_11,alphanum,25249.4,25314.7,65.3,False,0
session_002,candidate_08,pangram,key_30,alphanum,26087.3,26167.1,79.8,False,0
session_002,candidate_08,pangram,key_19,alphanum,26388.2,26463,74.8,False,0
session_002,candidate_08,pangram,key_18,space,26619.8,26689.5,69.7,False,0
session_002,candidate_08,pangram,key_27,alphanum,27087.4,27161.8,74.4,False,0
session_002,candidate_08,pangram,key_23,alphanum,27315.5,27415,99.5,False,0
session_002,candidate_08,pangram,key_22,alphanum,27475.5,27571.4,95.9,False,0
session_002,candidate_08,pangram,key_02,alphanum,27690.2,27758,67.8,False,0
session_002,candidate_08,pangram,key_08,alphanum,27817.8,27897.2,79.4,False,0
session_002,candidate_08,pangram,key_18,space,28041,28112.8,71.8,False,0
session_002,candidate_08,pangram,key_28,alphanum,28655.3,28741.1,85.8,False,0
session_002,candidate_08,pangram,key_16,alphanum,28803.7,28934.4,130.7,False,0
session_002,candidate_08,pangram,key_14,alphanum,29040,29098.1,58.1,False,0
session_002,candidate_08,pangram,key_17,alphanum,29223.1,29298.1,75,False,0
session_002,candidate_08,pangram,key_18,space,29469,29555.7,86.7,False,0
session_002,candidate_08,pangram,key_26,alphanum,30275.3,30355.2,79.9,False,0
session_002,candidate_08,pangram,key_06,alphanum,30550.1,30631.4,81.3,False,0
session_002,candidate_08,pangram,key_12,alphanum,30955,31034.7,79.7,False,0
session_002,candidate_08,pangram,key_01,alphanum,31154.1,31221.6,67.5,False,0
session_002,candidate_08,pangram,key_16,alphanum,31338.1,31512.7,174.6,False,0
session_002,candidate_08,pangram,key_07,alphanum,31474.6,31573.6,99,False,0
session_002,candidate_08,pangram,key_18,space,31719.1,31799.9,80.8,False,0
session_002,candidate_08,pangram,key_29,alphanum,32133.6,32206.4,72.8,False,0
session_002,candidate_08,pangram,key_23,alphanum,32321.1,32390.9,69.8,False,0
session_002,candidate_08,pangram,key_20,alphanum,32530.7,32598.7,68,False,0
session_002,candidate_08,pangram,key_09,alphanum,32782.5,32851.4,68.9,False,0
session_002,candidate_08,pangram,key_17,alphanum,33873,33948.2,75.2,False,0
session_002,candidate_08,pangram,key_15,alphanum,34015.4,34118.6,103.2,False,0
session_002,candidate_08,pangram,key_06,alphanum,34185.8,34248.5,62.7,False,0
session_002,candidate_08,pangram,key_18,space,34351,34421.8,70.8,False,0
session_002,candidate_08,pangram,key_14,alphanum,34821.8,34885.9,64.1,False,0
session_002,candidate_08,pangram,key_22,alphanum,34981.7,35068.7,87,False,0
session_002,candidate_08,pangram,key_25,alphanum,35168.5,35268,99.5,False,0
session_002,candidate_08,pangram,key_06,alphanum,35284.5,35363.7,79.2,False,0
session_002,candidate_08,pangram,key_10,alphanum,35287,35347.4,60.4,False,0
session_002,candidate_08,pangram,key_18,space,35504.7,35572.6,67.9,False,0
session_002,candidate_08,pangram,key_24,alphanum,36919.4,36990.6,71.2,False,0
session_002,candidate_08,pangram,key_05,alphanum,37298.5,37390,91.5,False,0
session_002,candidate_08,pangram,key_22,alphanum,37446.8,37546.3,99.5,False,0
session_002,candidate_08,pangram,key_03,alphanum,37601.9,37688.6,86.7,False,0
session_002,candidate_08,pangram,key_11,alphanum,37737.7,37788.3,50.6,False,0
session_002,candidate_08,pangram,key_18,space,37884.4,37951.2,66.8,False,0
session_002,candidate_08,pangram,key_10,alphanum,38532.5,38601.4,68.9,False,0
session_002,candidate_08,pangram,key_22,alphanum,38668.9,38748.6,79.7,False,0
session_002,candidate_08,pangram,key_26,alphanum,39491.5,39583.2,91.7,False,0
session_002,candidate_08,pangram,key_16,alphanum,39780.4,39862.8,82.4,False,0
session_002,candidate_08,pangram,key_01,alphanum,40013.5,40096.6,83.1,False,0
session_002,candidate_08,pangram,key_28,alphanum,40236.1,40351.4,115.3,False,0
session_002,candidate_08,pangram,key_07,alphanum,40339.2,40422.2,83,False,0
session_002,candidate_08,pangram,key_18,space,40599.1,40668.2,69.1,False,0
session_002,candidate_08,pangram,key_29,alphanum,41183.2,41249.4,66.2,False,0
session_002,candidate_08,pangram,key_23,alphanum,41371.7,41447.6,75.9,False,0
session_002,candidate_08,pangram,key_20,alphanum,41582.4,41657.7,75.3,False,0
session_002,candidate_08,pangram,key_09,alphanum,41770.8,41852.4,81.6,False,0
session_002,candidate_08,pangram,key_18,space,42037.1,42114.6,77.5,False,0
session_002,candidate_08,pangram,key_27,alphanum,42635.2,42712.2,77,False,0
session_002,candidate_08,pangram,key_23,alphanum,42822.4,42950.8,128.4,False,0
session_002,candidate_08,pangram,key_22,alphanum,42967.8,43054.8,87,False,0
session_002,candidate_08,pangram,key_02,alphanum,43123.9,43201.2,77.3,False,0
session_002,candidate_08,pangram,key_08,alphanum,43268,43332.4,64.4,False,0
session_002,candidate_08,pangram,key_30,alphanum,43501.9,43581.2,79.3,False,0
session_002,candidate_08,pangram,key_19,alphanum,43718.9,43789.2,70.3,False,0
session_002,candidate_08,pangram,key_07,alphanum,44966.5,45045.5,79,False,0
session_002,candidate_08,pangram,key_09,alphanum,45120.3,45202.2,81.9,False,0
session_002,candidate_08,pangram,key_15,alphanum,45689.8,45783.5,93.7,False,0
session_002,candidate_08,pangram,key_22,alphanum,45841.9,45916.4,74.5,False,0
session_002,candidate_08,pangram,key_03,alphanum,46153.6,46221.9,68.3,False,0
session_002,candidate_08,pangram,key_05,alphanum,46338.3,46416.5,78.2,False,0
session_002,candidate_08,pangram,key_18,space,46513.3,46579.3,66,False,0
session_002,candidate_08,pangram,key_24,alphanum,46982.9,47065.4,82.5,False,0
session_002,candidate_08,pangram,key_14,alphanum,47220.3,47287.6,67.3,False,0
session_002,candidate_08,pangram,key_18,space,47373.9,47445.7,71.8,False,0
session_002,candidate_08,pangram,key_12,alphanum,47653.9,47731.6,77.7,False,0
session_002,candidate_08,pangram,key_30,alphanum,47918.6,47995.5,76.9,False,0
session_002,candidate_08,pangram,key_16,alphanum,48065.3,48183.9,118.6,False,0
session_002,candidate_08,pangram,key_02,alphanum,48157.1,48252,94.9,False,0
session_002,candidate_08,pangram,key_08,alphanum,48288.1,48365,76.9,False,0
session_002,candidate_08,pangram,key_18,space,48491.8,48579,87.2,False,0
session_002,candidate_08,pangram,key_27,alphanum,49048.8,49132.3,83.5,False,0
session_002,candidate_08,pangram,key_23,alphanum,49269.8,49349.1,79.3,False,0
session_002,candidate_08,pangram,key_16,alphanum,49453.1,49555.2,102.1,False,0
session_002,candidate_08,pangram,key_01,alphanum,49699.8,49769.5,69.7,False,0
session_002,candidate_08,pangram,key_17,alphanum,50065.2,50150.9,85.7,False,0
session_002,candidate_08,pangram,key_26,alphanum,50256.5,50348.6,92.1,False,0
session_002,candidate_08,pangram,key_18,space,50498.5,50556,57.5,False,0
session_002,candidate_08,pangram,key_29,alphanum,51273.6,51356.4,82.8,False,0
session_002,candidate_08,pangram,key_23,alphanum,51498.8,51567.8,69,False,0
session_002,candidate_08,pangram,key_28,alphanum,51715.2,51781.4,66.2,False,0
session_002,candidate_08,pangram,key_11,alphanum,51885,51948.8,63.8,False,0
session_002,candidate_08,pangram,key_06,alphanum,52015.3,52082.5,67.2,False,0
session_002,candidate_08,pangram,key_18,space,52167.6,52234.6,67,False,0
session_002,candidate_08,pangram,key_20,alphanum,52535.3,52606.3,71,False,0
session_002,candidate_08,pangram,key_19,alphanum,52784.1,52852.7,68.6,False,0
session_002,candidate_08,pangram,key_18,space,53003.2,53073.6,70.4,False,0
session_002,candidate_08,pangram,key_25,alphanum,53220.4,53280.1,59.7,False,0
session_002,candidate_08,pangram,key_24,alphanum,53336.1,53431.2,95.1,False,0
session_002,candidate_08,pangram,key_27,alphanum,53771,53921.2,150.2,False,0
session_002,candidate_08,pangram,key_17,alphanum,54853,54969.8,116.8,False,0
session_002,candidate_08,pangram,key_15,alphanum,54947.9,55062.1,114.2,False,0
session_002,candidate_08,pangram,key_06,alphanum,55138.9,55216.6,77.7,False,0
session_002,candidate_08,pangram,key_18,space,55317.6,55399.6,82,False,0
session_002,candidate_08,pangram,key_27,alphanum,56183.3,56250,66.7,False,0
session_002,candidate_08,pangram,key_23,alphanum,56520.9,56636.3,115.4,False,0
session_002,candidate_08,pangram,key_22,alphanum,56688.4,56784,95.6,False,0
session_002,candidate_08,pangram,key_02,alphanum,56862.7,56929.1,66.4,False,0
session_002,candidate_08,pangram,key_08,alphanum,56999.9,57080.7,80.8,False,0
session_002,candidate_08,pangram,key_18,space,57184.5,57249.1,64.6,False,0
session_002,candidate_08,pangram,key_12,alphanum,57413.7,57487.8,74.1,False,0
session_002,candidate_08,pangram,key_01,alphanum,57573.2,57647.4,74.2,False,0
session_002,candidate_08,pangram,key_24,alphanum,57772.8,57857.1,84.3,False,0
session_002,candidate_08,pangram,key_10,alphanum,58003.5,58070.3,66.8,False,0
session_002,candidate_08,pangram,key_03,alphanum,58248.3,58321.9,73.6,False,0
session_002,candidate_08,pangram,key_18,space,58434.4,58504.9,70.5,False,0
session_002,candidate_08,pangram,key_14,alphanum,58674.2,58746.8,72.6,False,0
session_002,candidate_08,pangram,key_24,alphanum,58801.7,58895.5,93.8,False,0
session_002,candidate_08,pangram,key_05,alphanum,59012.7,59081.5,68.8,False,0
session_002,candidate_08,pangram,key_18,space,59170.2,59240.5,70.3,False,0
session_002,candidate_08,pangram,key_29,alphanum,59864.1,59947.5,83.4,False,0
session_002,candidate_08,pangram,key_23,alphanum,60079.8,60153.3,73.5,False,0
session_002,candidate_08,pangram,key_20,alphanum,60286.8,60373.3,86.5,False,0
session_002,candidate_08,pangram,key_09,alphanum,60469.9,60561.8,91.9,False,0
session_002,candidate_08,pangram,key_07,alphanum,60622,60701.9,79.9,False,0
session_002,candidate_08,pangram,key_18,space,60867.2,60948,80.8,False,0
session_002,candidate_08,pangram,key_24,alphanum,61354.6,61445.7,91.1,False,0
session_002,candidate_08,pangram,key_25,alphanum,61598.7,61670.2,71.5,False,0
session_002,candidate_08,pangram,key_06,alphanum,61728.4,61831.8,103.4,False,0
session_002,candidate_08,pangram,key_01,alphanum,61772.6,61883,110.4,False,0
session_002,candidate_08,pangram,key_18,space,61864,61952.9,88.9,False,0
session_002,candidate_08,pangram,key_17,alphanum,62116.6,62223,106.4,False,0
session_002,candidate_08,pangram,key_15,alphanum,62201.1,62295.4,94.3,False,0
session_002,candidate_08,pangram,key_06,alphanum,62319.5,62387.8,68.3,False,0
session_002,candidate_08,pangram,key_18,space,62487.5,62551,63.5,False,0
session_002,candidate_08,pangram,key_30,alphanum,62897.8,62986.8,89,False,0
session_002,candidate_08,pangram,key_16,alphanum,63084.8,63202.5,117.7,False,0
session_002,candidate_08,pangram,key_26,alphanum,63306.9,63445.2,138.3,False,0
session_002,candidate_08,pangram,key_19,alphanum,63549.8,63616.2,66.4,False,0
session_002,candidate_08,pangram,key_18,space,63853.9,63915.5,61.6,False,0
session_002,candidate_08,pangram,key_14,alphanum,64124.4,64162,37.6,False,0
session_002,candidate_08,pangram,key_28,alphanum,64133.5,64160.8,27.3,False,0
session_002,candidate_08,pangram,key_13,backspace,64869.1,64932.6,63.5,False,0
session_002,candidate_08,pangram,key_13,backspace,65029.9,65098.2,68.3,False,0
session_002,candidate_08,pangram,key_28,alphanum,65298.4,65347.1,48.7,False,0
session_002,candidate_08,pangram,key_24,alphanum,65532.7,65601.6,68.9,False,0
session_002,candidate_08,pangram,key_14,alphanum,65686.4,65749,62.6,False,0
session_002,candidate_08,pangram,key_09,alphanum,66713.4,66790.5,77.1,False,0
session_002,candidate_08,pangram,key_16,alphanum,66832.7,66928,95.3,False,0
session_002,candidate_08,pangram,key_02,alphanum,66903.1,66999.7,96.6,False,0
session_002,candidate_08,pangram,key_08,alphanum,67049.1,67123.1,74,False,0
session_002,candidate_08,pangram,key_18,space,67280,67345.5,65.5,False,0
session_002,candidate_08,pangram,key_20,alphanum,67630.2,67702.2,72,False,0
session_002,candidate_08,pangram,key_19,alphanum,67888.5,67953.2,64.7,False,0
session_002,candidate_08,pangram,key_18,space,68112.7,68200.2,87.5,False,0
session_002,candidate_08,pangram,key_12,alphanum,68348.8,68400.7,51.9,False,0
session_002,candidate_08,pangram,key_24,alphanum,68554.2,68640.8,86.6,False,0
session_002,candidate_08,pangram,key_02,alphanum,68754.2,68830.2,76,False,0
session_002,candidate_08,pangram,key_18,space,69164.5,69234.7,70.2,False,0
session_002,candidate_08,pangram,key_10,alphanum,69731.5,69811,79.5,False,0
session_002,candidate_08,pangram,key_22,alphanum,69869.2,69952.3,83.1,False,0
session_002,candidate_08,pangram,key_17,alphanum,70088.3,70183,94.7,False,0
session_002,candidate_08,pangram,key_15,alphanum,70289.4,70363.9,74.5,False,0
session_002,candidate_08,pangram,key_18,space,70770.3,70852.5,82.2,False,0
session_002,candidate_08,pangram,key_14,alphanum,71399.4,71485.9,86.5,False,0
session_002,candidate_08,pangram,key_22,alphanum,71549.5,71621.2,71.7,False,0
session_002,candidate_08,pangram,key_25,alphanum,71785.6,71897.2,111.6,False,0
session_002,candidate_08,pangram,key_06,alphanum,71884.9,71968.8,83.9,False,0
session_002,candidate_08,pangram,key_18,space,72048.5,72132.1,83.6,False,0
session_002,candidate_08,pangram,key_28,alphanum,72306.2,72399.3,93.1,False,0
session_002,candidate_08,pangram,key_24,alphanum,72513.4,72601.1,87.7,False,0
session_002,candidate_08,pangram,key_26,alphanum,72716.5,72803.2,86.7,False,0
session_002,candidate_08,pangram,key_06,alphanum,72967.3,73018.5,51.2,False,0
session_002,candidate_08,pangram,key_03,alphanum,73088.2,73167.8,79.6,False,0
session_002,candidate_08,pangram,key_18,space,73298.8,73370.1,71.3,False,0
session_002,candidate_08,pangram,key_30,alphanum,73822.7,73897.9,75.2,False,0
session_002,candidate_08,pangram,key_22,alphanum,74049.6,74114.4,64.8,False,0
session_002,candidate_08,pangram,key_27,alphanum,74480.1,74547.6,67.5,False,0
session_002,candidate_08,pangram,key_23,alphanum,74753.7,74848.7,95,False,0
session_002,candidate_08,pangram,key_24,alphanum,74940.2,75036.5,96.3,False,0
session_002,candidate_08,pangram,key_01,alphanum,75213.6,75301.5,87.9,False,0
session_002,candidate_08,pangram,key_18,space,75549.9,75630.4,80.5,False,0
session_002,candidate_08,pangram,key_29,alphanum,76133.5,76234.9,101.4,False,0
session_002,candidate_08,pangram,key_23,alphanum,76355.5,76445.1,89.6,False,0
session_002,candidate_08,pangram,key_11,alphanum,76573.7,76649.5,75.8,False,0
session_002,candidate_08,pangram,key_07,alphanum,76705.4,76781.2,75.8,False,0
session_002,candidate_08,pangram,key_15,alphanum,77884.4,77983.6,99.2,False,0
session_002,candidate_08,pangram,key_24,alphanum,78035.6,78114.7,79.1,False,0
session_002,candidate_08,pangram,key_10,alphanum,78130.6,78202.2,71.6,False,0
session_002,candidate_08,pangram,key_18,space,78316.2,78396.1,79.9,False,0
session_002,candidate_08,pangram,key_25,alphanum,78734.4,78812.8,78.4,False,0
session_002,candidate_08,pangram,key_06,alphanum,78864.6,78939.8,75.2,False,0
session_002,candidate_08,pangram,key_05,alphanum,79301.8,79370.7,68.9,False,0
session_002,candidate_08,pangram,key_22,alphanum,79570.9,79648.3,77.4,False,0
session_002,candidate_08,pangram,key_03,alphanum,79721,79801.4,80.4,False,0
session_002,candidate_08,pangram,key_11,alphanum,79886,79946.6,60.6,False,0
session_002,candidate_08,pangram,key_30,alphanum,80002.5,80080.8,78.3,False,0
session_002,candidate_08,pangram,key_19,alphanum,80233.7,80302.6,68.9,False,0
session_002,candidate_08,pangram,key_18,space,80482.7,80569.5,86.8,False,0
session_002,candidate_08,pangram,key_27,alphanum,81215.1,81290.6,75.5,False,0
session_002,candidate_08,pangram,key_23,alphanum,81432.1,81545.2,113.1,False,0
session_002,candidate_08,pangram,key_22,alphanum,81614.8,81697.2,82.4,False,0
session_002,candidate_08,pangram,key_02,alphanum,81767.7,81831.5,63.8,False,0
session_002,candidate_08,pangram,key_08,alphanum,81917.1,81987.9,70.8,False,0
session_002,candidate_08,pangram,key_18,space,82104.9,82172.1,67.2,False,0
session_002,candidate_08,pangram,key_28,alphanum,82354.5,82431.7,77.2,False,0
session_002,candidate_08,pangram,key_16,alphanum,82437.4,82537.3,99.9,False,0
session_002,candidate_08,pangram,key_14,alphanum,82669.3,82736.1,66.8,False,0
session_002,candidate_08,pangram,key_17,alphanum,82955,83021.6,66.6,False,0
session_002,candidate_08,pangram,key_18,space,83199.7,83267.4,67.7,False,0
session_002,candidate_08,pangram,key_26,alphanum,83802.7,83897.4,94.7,False,0
session_002,candidate_08,pangram,key_06,alphanum,84078.2,84134.2,56,False,0
session_002,candidate_08,pangram,key_12,alphanum,84303.3,84377.8,74.5,False,0
session_002,candidate_08,pangram,key_01,alphanum,84465.8,84557.2,91.4,False,0
session_002,candidate_08,pangram,key_16,alphanum,84640.1,84756.2,116.1,False,0
session_002,candidate_08,pangram,key_07,alphanum,84818.3,84918.1,99.8,False,0
session_002,candidate_08,pangram,key_18,space,85152.8,85232.7,79.9,False,0
session_002,candidate_08,pangram,key_29,alphanum,85580.5,85666.3,85.8,False,0
session_002,candidate_08,pangram,key_23,alphanum,85801.8,85873.3,71.5,False,0
session_002,candidate_08,pangram,key_20,alphanum,85998.6,86072.2,73.6,False,0
session_002,candidate_08,pangram,key_09,alphanum,86255.6,86322.9,67.3,False,0
session_002,candidate_08,pangram,key_17,alphanum,87236.9,87329.7,92.8,False,0
session_002,candidate_08,pangram,key_15,alphanum,87387.6,87483.8,96.2,False,0
session_002,candidate_08,pangram,key_06,alphanum,87555.7,87622.7,67,False,0
session_002,candidate_08,pangram,key_18,space,87679.3,87768.9,89.6,False,0
session_002,candidate_08,pangram,key_14,alphanum,87898.5,87956.5,58,False,0
session_002,candidate_08,pangram,key_22,alphanum,88031.3,88101.8,70.5,False,0
session_002,candidate_08,pangram,key_05,alphanum,88235.9,88303,67.1,False,0
session_002,candidate_08,free,key_10,alphanum,121089,121200,111.1,False,0
session_002,candidate_08,free,key_06,alphanum,121181,121268,86.5,False,0
session_002,candidate_08,free,key_18,space,121388,121471,83.8,False,0
session_002,candidate_08,free,key_28,alphanum,121572,121648,75.6,False,0
session_002,candidate_08,free,key_24,alphanum,121690,121773,83.3,False,0
session_002,candidate_08,free,key_03,alphanum,121866,121933,67.7,False,0
session_002,candidate_08,free,key_17,alphanum,122038,122097,59.5,False,0
session_002,candidate_08,free,key_13,backspace,122900,122966,65.8,False,0
session_002,candidate_08,free,key_04,symbol,123865,123938,73,False,0
session_002,candidate_08,free,key_17,alphanum,124099,124161,62.3,False,0
session_002,candidate_08,free,key_18,space,124280,124335,55.1,False,0
session_002,candidate_08,free,key_01,alphanum,125050,125184,133.4,False,0
session_002,candidate_08,free,key_06,alphanum,125169,125284,114.9,False,0
session_002,candidate_08,free,key_16,alphanum,125386,125563,177.7,False,0
session_002,candidate_08,free,key_28,alphanum,125520,125654,133.1,False,0
session_002,candidate_08,free,key_18,space,125754,125834,80.1,False,0
session_002,candidate_08,free,key_16,alphanum,125900,125997,97.5,False,0
session_002,candidate_08,free,key_03,alphanum,125946,126029,83.6,False,0
session_002,candidate_08,free,key_28,alphanum,126105,126185,80.5,False,0
session_002,candidate_08,free,key_18,space,126248,126319,71.4,False,0
session_002,candidate_08,free,key_10,alphanum,126565,126655,90.1,False,0
session_002,candidate_08,free,key_01,alphanum,126830,126901,71.4,False,0
session_002,candidate_08,free,key_22,alphanum,126978,127079,100.2,False,0
session_002,candidate_08,free,key_17,alphanum,127213,127288,74.8,False,0
session_002,candidate_08,free,key_06,alphanum,127316,127383,67.5,False,0
session_002,candidate_08,free,key_18,space,127449,127531,81.7,False,0
session_002,candidate_08,free,key_09,alphanum,127720,127820,99.1,False,0
session_002,candidate_08,free,key_24,alphanum,127832,127917,84.4,False,0
session_002,candidate_08,free,key_01,alphanum,128031,128088,56.5,False,0
session_002,candidate_08,free,key_06,alphanum,128046,128072,26.6,False,0
session_002,candidate_08,free,key_13,backspace,128783,128852,69.2,False,0
session_002,candidate_08,free,key_13,backspace,129105,129188,83,False,0
session_002,candidate_08,free,key_06,alphanum,129270,129338,67.7,False,0
session_002,candidate_08,free,key_01,alphanum,129966,130047,81.6,False,0
session_002,candidate_08,free,key_13,backspace,130416,130489,72.6,False,0
session_002,candidate_08,free,key_17,alphanum,130549,130687,138.4,False,0
session_002,candidate_08,free,key_01,alphanum,130672,130751,79.1,False,0
session_002,candidate_08,free,key_19,alphanum,130822,130906,83.6,False,0
session_002,candidate_08,free,key_18,space,131089,131167,78.3,False,0
session_002,candidate_08,free,key_12,alphanum,131440,131512,72.8,False,0
session_002,candidate_08,free,key_06,alphanum,131511,131579,68.4,False,0
session_002,candidate_08,free,key_02,alphanum,131714,131830,116.9,False,0
session_002,candidate_08,free,key_16,alphanum,131884,132011,126.9,False,0
session_002,candidate_08,free,key_23,alphanum,132086,132147,60.8,False,0
session_002,candidate_08,free,key_19,alphanum,132098,132136,38.5,False,0
session_002,candidate_08,free,key_07,alphanum,132216,132296,80.4,False,0
session_002,candidate_08,free,key_06,alphanum,132448,132499,50.9,False,0
session_002,candidate_08,free,key_13,backspace,132731,132799,68,False,0
session_002,candidate_08,free,key_13,backspace,132884,132927,43.2,False,0
session_002,candidate_08,free,key_13,backspace,133017,133079,62.3,False,0
session_002,candidate_08,free,key_07,alphanum,133647,133734,86.2,False,0
session_002,candidate_08,free,key_06,alphanum,133881,133928,47.2,False,0
session_002,candidate_08,free,key_18,space,133985,134069,84.2,False,0
session_002,candidate_08,free,key_22,alphanum,134224,134323,98.8,False,0
session_002,candidate_08,free,key_17,alphanum,134499,134570,70.9,False,0
session_002,candidate_08,free,key_18,space,134715,134806,91,False,0
session_002,candidate_08,free,key_22,alphanum,134933,135013,79.8,False,0
session_002,candidate_08,free,key_07,alphanum,135047,135130,82.9,False,0
session_002,candidate_08,free,key_18,space,135184,135266,82.1,False,0
session_002,candidate_08,free,key_02,alphanum,135345,135401,55.9,False,0
session_002,candidate_08,free,key_23,alphanum,135516,135603,87.2,False,0
session_002,candidate_08,free,key_17,alphanum,135819,135903,83.9,False,0
session_002,candidate_08,free,key_06,alphanum,135981,136050,68.7,False,0
session_002,candidate_08,free,key_18,space,136129,136205,76,False,0
session_002,candidate_08,free,key_10,alphanum,136388,136486,98.1,False,0
session_002,candidate_08,free,key_06,alphanum,136466,136564,97,False,0
session_002,candidate_08,free,key_18,space,136682,136754,71.7,False,0
session_002,candidate_08,free,key_01,alphanum,137068,137148,80.5,False,0
session_002,candidate_08,free,key_06,alphanum,137114,137231,116.3,False,0
session_002,candidate_08,free,key_16,alphanum,137306,137446,140.9,False,0
session_002,candidate_08,free,key_28,alphanum,137451,137530,79.4,False,0
session_002,candidate_08,free,key_18,space,137639,137749,109.9,False,0
session_002,candidate_08,free,key_16,alphanum,137784,137895,110.9,False,0
session_002,candidate_08,free,key_03,alphanum,137946,138038,91.1,False,0
session_002,candidate_08,free,key_28,alphanum,138045,138120,75.4,False,0
session_002,candidate_08,free,key_18,space,138232,138296,63.9,False,0
session_002,candidate_08,free,key_10,alphanum,138617,138728,111.1,False,0
session_002,candidate_08,free,key_01,alphanum,138770,138850,80.3,False,0
session_002,candidate_08,free,key_22,alphanum,138949,139034,84.6,False,0
session_002,candidate_08,free,key_17,alphanum,139156,139235,78.6,False,0
session_002,candidate_08,free,key_06,alphanum,139279,139346,66.9,False,0
session_002,candidate_08,free,key_18,space,139498,139569,70.9,False,0
session_002,candidate_08,free,key_09,alphanum,140138,140236,98.3,False,0
session_002,candidate_08,free,key_24,alphanum,140304,140383,79.3,False,0
session_002,candidate_08,free,key_06,alphanum,140679,140738,59,False,0
session_002,candidate_08,free,key_17,alphanum,140901,140996,95.2,False,0
session_002,candidate_08,free,key_01,alphanum,141049,141095,45.7,False,0
session_002,candidate_08,free,key_19,alphanum,141202,141278,76.1,False,0
session_002,candidate_08,free,key_18,space,141403,141509,106.7,False,0
session_002,candidate_08,free,key_12,alphanum,141836,141919,82.6,False,0
session_002,candidate_08,free,key_06,alphanum,141915,141996,80.6,False,0
session_002,candidate_08,free,key_02,alphanum,142101,142234,132.7,False,0
session_002,candidate_08,free,key_16,alphanum,142304,142387,83,False,0
session_002,candidate_08,free,key_23,alphanum,142479,142555,75.8,False,0
session_002,candidate_08,free,key_07,alphanum,142632,142701,68.7,False,0
session_002,candidate_08,free,key_06,alphanum,142832,142886,53.4,False,0
session_002,candidate_08,free,key_18,space,142946,143020,73.5,False,0
session_002,candidate_08,free,key_10,alphanum,143462,143579,116.6,False,0
session_002,candidate_08,free,key_06,alphanum,143557,143656,99.5,False,0
session_002,candidate_08,free,key_18,space,143723,143795,71.7,False,0
session_002,candidate_08,free,key_16,alphanum,143885,143980,95.1,False,0
session_002,candidate_08,free,key_01,alphanum,144078,144188,109.5,False,0
session_002,candidate_08,free,key_06,alphanum,144182,144267,84.6,False,0
session_002,candidate_08,free,key_18,space,144294,144363,68.9,False,0
session_002,candidate_08,free,key_20,alphanum,144572,144666,93.6,False,0
session_002,candidate_08,free,key_06,alphanum,144757,144830,73,False,0
session_002,candidate_08,free,key_03,alphanum,144897,144968,71.9,False,0
session_002,candidate_08,free,key_13,backspace,145448,145526,78.3,False,0
session_002,candidate_08,free,key_20,alphanum,145683,145767,84,False,0
session_002,candidate_08,free,key_12,alphanum,146083,146154,71.1,False,0
session_002,candidate_08,free,key_06,alphanum,146216,146311,95.3,False,0
session_002,candidate_08,free,key_01,alphanum,146279,146388,108.6,False,0
session_002,candidate_08,free,key_07,alphanum,146531,146621,90.1,False,0
session_002,candidate_08,free,key_18,space,146672,146735,63.6,False,0
session_002,candidate_08,free,key_22,alphanum,146882,146963,80.9,False,0
session_002,candidate_08,free,key_14,alphanum,146994,147063,68.7,False,0
session_002,candidate_08,free,key_18,space,147116,147217,100.5,False,0
session_002,candidate_08,free,key_17,alphanum,147373,147458,85.1,False,0
session_002,candidate_08,free,key_15,alphanum,147454,147567,113.4,False,0
session_002,candidate_08,free,key_06,alphanum,147512,147570,58,False,0
session_002,candidate_08,free,key_18,space,147636,147688,51.3,False,0
session_002,candidate_08,free,key_15,alphanum,149056,149149,92.6,False,0
session_002,candidate_08,free,key_23,alphanum,149234,149305,70.3,False,0
session_002,candidate_08,free,key_19,alphanum,149240,149271,31.9,False,0
session_002,candidate_08,free,key_20,alphanum,149467,149534,67.7,False,0
session_002,candidate_08,free,key_16,alphanum,149615,149702,87.9,False,0
session_002,candidate_08,free,key_03,alphanum,149769,149839,69.5,False,0
session_002,candidate_08,free,key_18,space,149953,,,False,0
session_002,candidate_08,free,key_20,alphanum,152572,152655,83.1,False,0
session_002,candidate_08,free,key_16,alphanum,152819,152883,63.9,False,0
session_002,candidate_08,free,key_03,alphanum,152933,153013,79.6,False,0
session_002,candidate_08,free,key_18,space,153154,153221,66.5,False,0
session_002,candidate_08,free,key_01,alphanum,153616,153704,88.2,False,0
session_002,candidate_08,free,key_16,alphanum,153863,154010,147.1,False,0
session_002,candidate_08,free,key_02,alphanum,153998,154089,91.2,False,0
session_002,candidate_08,free,key_06,alphanum,154223,154294,70.5,False,0
session_002,candidate_08,free,key_18,space,154398,154467,69.4,False,0
session_002,candidate_08,free,key_16,alphanum,154524,154623,98.8,False,0
session_002,candidate_08,free,key_03,alphanum,154636,154736,99.9,False,0
session_002,candidate_08,free,key_28,alphanum,154756,154850,93.6,False,0
session_002,candidate_08,free,key_18,space,154864,154951,87.4,False,0
session_002,candidate_08,free,key_17,alphanum,155099,155206,106.9,False,0
session_002,candidate_08,free,key_15,alphanum,155202,155299,97.8,False,0
session_002,candidate_08,free,key_06,alphanum,155264,155329,65,False,0
session_002,candidate_08,free,key_18,space,155346,155438,91.7,False,0
session_002,candidate_08,free,key_15,alphanum,155862,155956,93.7,False,0
session_002,candidate_08,free,key_23,alphanum,156016,156095,79.2,False,0
session_002,candidate_08,free,key_20,alphanum,156219,156302,82.9,False,0
session_002,candidate_08,free,key_16,alphanum,156298,156397,99.2,False,0
session_002,candidate_08,free,key_03,alphanum,156612,156684,71.8,False,0
session_002,candidate_08,free,key_18,space,156849,156916,67.5,False,0
session_002,candidate_08,free,key_01,alphanum,157117,157201,84.3,False,0
session_002,candidate_08,free,key_16,alphanum,157236,157386,150.1,False,0
session_002,candidate_08,free,key_02,alphanum,157422,157550,128.1,False,0
session_002,candidate_08,free,key_06,alphanum,157620,157696,76.3,False,0
session_002,candidate_08,free,key_18,space,157839,157919,79.8,False,0
session_002,candidate_08,free,key_22,alphanum,158154,158238,83.3,False,0
session_002,candidate_08,free,key_07,alphanum,158290,158362,72,False,0
session_002,candidate_08,free,key_18,space,158398,158479,81.3,False,0
session_002,candidate_08,free,key_14,alphanum,158679,158754,75,False,0
session_002,candidate_08,free,key_22,alphanum,158831,158904,72.9,False,0
session_002,candidate_08,free,key_30,alphanum,159040,159117,77.1,False,0
session_002,candidate_08,free,key_30,alphanum,159202,159269,67.2,False,0
session_002,candidate_08,free,key_06,alphanum,159284,159371,86.6,False,0
session_002,candidate_08,free,key_28,alphanum,159352,159436,83.7,False,0
session_002,candidate_08,free,key_18,space,159464,159555,91.1,False,0
session_002,candidate_08,free,key_22,alphanum,159699,159796,96.6,False,0
session_002,candidate_08,free,key_10,alphanum,159748,159835,86.4,False,0
session_002,candidate_08,free,key_17,alphanum,159902,159981,78.9,False,0
session_002,candidate_08,free,key_15,alphanum,160047,160134,87.7,False,0
session_002,candidate_08,free,key_18,space,160173,160240,66.8,False,0
session_002,candidate_08,free,key_09,alphanum,160985,161063,77.7,False,0
session_002,candidate_08,free,key_16,alphanum,161273,161397,124,False,0
session_002,candidate_08,free,key_07,alphanum,161636,161711,74.9,False,0
session_002,candidate_08,free,key_07,alphanum,161798,161873,75,False,0
session_002,candidate_08,free,key_22,alphanum,162168,162280,112.1,False,0
session_002,candidate_08,free,key_24,alphanum,162319,162406,87,False,0
session_002,candidate_08,free,key_03,alphanum,162449,162501,51.5,False,0
session_002,candidate_08,free,key_04,symbol,163066,163138,72.7,False,0
session_002,candidate_08,free,key_18,space,163372,163429,57.9,False,0
session_002,candidate_08,free,key_16,alphanum,163955,164054,98.9,False,0
session_002,candidate_08,free,key_03,alphanum,164103,164183,80.1,False,0
session_002,candidate_08,free,key_28,alphanum,164234,164295,61.8,False,0
session_002,candidate_08,free,key_18,space,164387,164438,51.1,False,0
session_002,candidate_08,free,key_20,alphanum,165105,165200,95,False,0
session_002,candidate_08,free,key_06,alphanum,165234,165322,87.3,False,0
session_002,candidate_08,free,key_28,alphanum,165560,165631,70.5,False,0
session_002,candidate_08,free,key_22,alphanum,165767,165833,65.7,False,0
session_002,candidate_08,free,key_02,alphanum,165928,165996,68.4,False,0
session_002,candidate_08,free,key_22,alphanum,166104,166187,82.9,False,0
session_002,candidate_08,free,key_03,alphanum,166267,166339,71.7,False,0
session_002,candidate_08,free,key_06,alphanum,166406,166470,63.3,False,0
session_002,candidate_08,free,key_18,space,166516,166594,78.8,False,0
session_002,candidate_08,free,key_30,alphanum,166863,166937,74.3,False,0
session_002,candidate_08,free,key_16,alphanum,167148,167265,116.9,False,0
session_002,candidate_08,free,key_10,alphanum,167399,167498,98.4,False,0
session_002,candidate_08,free,key_18,space,167732,167805,73.3,False,0
session_002,candidate_08,free,key_12,alphanum,168154,168253,99.3,False,0
session_002,candidate_08,free,key_23,alphanum,168366,168452,85.7,False,0
session_002,candidate_08,free,key_07,alphanum,168501,168572,70.6,False,0
session_002,candidate_08,free,key_22,alphanum,168629,168702,72.9,False,0
session_002,candidate_08,free,key_03,alphanum,168788,168871,83,False,0
session_002,candidate_08,free,key_06,alphanum,168951,169032,80.9,False,0
session_002,candidate_08,free,key_07,alphanum,169118,169201,82.9,False,0
session_002,candidate_08,free,key_07,alphanum,169268,169347,79.3,False,0
session_002,candidate_08,free,key_18,space,169478,169544,66.2,False,0
session_002,candidate_08,free,key_06,alphanum,169815,169867,52,False,0
session_002,candidate_08,free,key_03,alphanum,169870,169946,76.5,False,0
session_002,candidate_08,free,key_11,alphanum,170150,170233,83,False,0
session_002,candidate_08,free,key_22,alphanum,170331,170422,90.5,False,0
session_002,candidate_08,free,key_03,alphanum,170453,170516,63.3,False,0
session_002,candidate_08,free,key_06,alphanum,170602,170686,83.6,False,0
session_002,candidate_08,free,key_01,alphanum,170820,170850,29.8,False,0
session_002,candidate_08,free,key_13,backspace,171332,171405,72.3,False,0
session_002,candidate_08,free,key_06,alphanum,171472,171577,105.6,False,0
session_002,candidate_08,free,key_01,alphanum,171547,171646,99.7,False,0
session_002,candidate_08,free,key_22,alphanum,171787,171865,77.8,False,0
session_002,candidate_08,free,key_03,alphanum,171935,172044,109.2,False,0
session_002,candidate_08,free,key_11,alphanum,172099,172150,50.4,False,0
session_002,candidate_08,free,key_18,space,172204,172279,75.3,False,0
session_002,candidate_08,free,key_17,alphanum,172889,173035,146.5,False,0
session_002,candidate_08,free,key_15,alphanum,172997,173088,91.1,False,0
session_002,candidate_08,free,key_06,alphanum,173080,173220,140,False,0
session_002,candidate_08,free,key_01,alphanum,173184,173317,132.7,False,0
session_002,candidate_08,free,key_13,backspace,173718,173798,79.7,False,0
session_002,candidate_08,free,key_06,alphanum,173864,173963,98.8,False,0
session_002,candidate_08,free,key_07,alphanum,173986,174114,128.2,False,0
session_002,candidate_08,free,key_13,backspace,174604,174668,63.8,False,0
session_002,candidate_08,free,key_13,backspace,174749,174818,68.7,False,0
session_002,candidate_08,free,key_06,alphanum,174973,175044,71.2,False,0
session_002,candidate_08,free,key_13,backspace,175373,175433,59.9,False,0
session_002,candidate_08,free,key_07,alphanum,175536,175688,151.8,False,0
session_002,candidate_08,free,key_06,alphanum,175748,175817,68.6,False,0
session_002,candidate_08,free,key_18,space,176018,176097,78.8,False,0
session_002,candidate_08,free,key_16,alphanum,176233,176313,79.4,False,0
session_002,candidate_08,free,key_01,alphanum,176403,176505,102.1,False,0
session_002,candidate_08,free,key_06,alphanum,176478,176563,84.5,False,0
session_002,candidate_08,free,key_18,space,176620,176704,84.4,False,0
session_002,candidate_08,free,key_03,alphanum,177079,177168,89.1,False,0
session_002,candidate_08,free,key_22,alphanum,177270,177337,66.9,False,0
session_002,candidate_08,free,key_12,alphanum,177471,177517,45.9,False,0
session_002,candidate_08,free,key_25,alphanum,177476,177504,28.3,False,0
session_002,candidate_08,free,key_06,alphanum,177636,177699,62.7,False,0
session_002,candidate_08,free,key_30,alphanum,177920,178000,79.6,False,0
session_002,candidate_08,free,key_09,alphanum,179073,179180,107.7,False,0
session_002,candidate_08,free,key_23,alphanum,179297,179377,80.5,False,0
session_002,candidate_08,free,key_01,alphanum,179482,179548,66,False,0
session_002,candidate_08,free,key_07,alphanum,179704,179787,82.8,False,0
session_002,candidate_08,free,key_23,alphanum,179872,179984,111.6,False,0
session_002,candidate_08,free,key_22,alphanum,180016,180097,80.3,False,0
session_002,candidate_08,free,key_17,alphanum,180224,180303,79,False,0
session_002,candidate_08,free,key_07,alphanum,180364,180437,72.5,False,0
session_002,candidate_08,free,key_18,space,180487,180580,92.7,False,0
session_002,candidate_08,free,key_16,alphanum,180786,180884,98.1,False,0
session_002,candidate_08,free,key_03,alphanum,180887,180979,91.9,False,0
session_002,candidate_08,free,key_28,alphanum,181020,181086,66.3,False,0
session_002,candidate_08,free,key_18,space,181166,181245,78.4,False,0
session_002,candidate_08,free,key_03,alphanum,181538,181629,90.5,False,0
session_002,candidate_08,free,key_06,alphanum,181697,181768,70.7,False,0
session_002,candidate_08,free,key_02,alphanum,181973,182061,87.7,False,0
session_002,candidate_08,free,key_06,alphanum,182367,182437,69.6,False,0
session_002,candidate_08,free,key_07,alphanum,182706,182796,90.5,False,0
session_002,candidate_08,free,key_07,alphanum,182866,182943,76.6,False,0
session_002,candidate_08,free,key_16,alphanum,182970,183115,145,False,0
session_002,candidate_08,free,key_01,alphanum,183215,183266,51,False,0
session_002,candidate_08,free,key_19,alphanum,183383,183466,82.9,False,0
session_002,candidate_08,free,key_18,space,183646,183727,81.8,False,0
session_002,candidate_08,free,key_17,alphanum,183999,184063,63.7,False,0
session_002,candidate_08,free,key_24,alphanum,184071,184148,76.8,False,0
session_002,candidate_08,free,key_18,space,184297,184381,84.1,False,0
session_002,candidate_08,free,key_07,alphanum,184549,184627,78.1,False,0
session_002,candidate_08,free,key_23,alphanum,184681,184768,87.6,False,0
session_002,candidate_08,free,key_07,alphanum,184796,184871,74.9,False,0
session_002,candidate_08,free,key_17,alphanum,184951,185035,84,False,0
session_002,candidate_08,free,key_16,alphanum,185112,185201,88.4,False,0
session_002,candidate_08,free,key_22,alphanum,185247,185338,91.2,False,0
session_002,candidate_08,free,key_03,alphanum,185385,185451,66.4,False,0
session_002,candidate_08,free,key_18,space,185589,185672,83.6,False,0
session_002,candidate_08,free,key_30,alphanum,186334,186418,83.4,False,0
session_002,candidate_08,free,key_22,alphanum,186571,186633,61.9,False,0
session_002,candidate_08,free,key_14,alphanum,186712,186820,107.6,False,0
session_002,candidate_08,free,key_06,alphanum,186799,186883,83.7,False,0
session_002,candidate_08,free,key_18,space,186986,187063,77.4,False,0
session_002,candidate_08,free,key_12,alphanum,187667,187755,88.5,False,0
session_002,candidate_08,free,key_19,alphanum,187884,187962,78.1,False,0
session_002,candidate_08,free,key_13,backspace,188479,188553,74.3,False,0
session_002,candidate_08,free,key_23,alphanum,189130,189210,80.2,False,0
session_002,candidate_08,free,key_17,alphanum,189300,189371,70.5,False,0
session_002,candidate_08,free,key_18,space,189515,189584,69.2,False,0
session_002,candidate_08,free,key_09,alphanum,189769,189900,131.2,False,0
session_002,candidate_08,free,key_24,alphanum,189895,189994,98.4,False,0
session_002,candidate_08,free,key_06,alphanum,190031,190105,74.2,False,0
session_002,candidate_08,free,key_17,alphanum,190216,190296,79.1,False,0
session_002,candidate_08,free,key_01,alphanum,190399,190444,45.8,False,0
session_002,candidate_08,free,key_19,alphanum,190585,190672,86.8,False,0
session_002,candidate_08,free,key_18,space,190985,191055,70.2,False,0
session_002,candidate_08,free,key_12,alphanum,191987,192070,82.3,False,0
session_002,candidate_08,free,key_06,alphanum,192190,192285,95.6,False,0
session_002,candidate_08,free,key_16,alphanum,192567,192664,96.9,False,0
session_002,candidate_08,free,key_23,alphanum,192852,192946,93.9,False,0
session_002,candidate_08,free,key_17,alphanum,193104,193213,109,False,0
session_002,candidate_08,free,key_19,alphanum,193248,193327,79.1,False,0
session_002,candidate_08,free,key_18,space,193434,193528,94.5,False,0
session_002,candidate_08,free,key_01,alphanum,193962,194049,86.8,False,0
session_002,candidate_08,free,key_24,alphanum,194234,194325,91.6,False,0
session_002,candidate_08,free,key_20,alphanum,194397,194526,128.9,False,0
session_002,candidate_08,free,key_16,alphanum,194544,194703,158.9,False,0
session_002,candidate_08,free,key_03,alphanum,194851,194928,76.6,False,0
session_002,candidate_08,free,key_02,alphanum,195040,195222,182.7,False,0
session_002,candidate_08,free,key_06,alphanum,195204,195279,74.6,False,0
session_002,candidate_08,free,key_18,space,195335,195402,67.2,False,0
session_002,candidate_08,free,key_30,alphanum,195562,195644,82.6,False,0
session_002,candidate_08,free,key_24,alphanum,195750,195817,67.1,False,0
session_002,candidate_08,free,key_25,alphanum,195840,195970,130.2,False,0
session_002,candidate_08,free,key_06,alphanum,195937,196019,82.6,False,0
session_002,candidate_08,free,key_18,space,196063,196147,84,False,0
session_002,candidate_08,free,key_17,alphanum,196371,196512,140.7,False,0
session_002,candidate_08,free,key_15,alphanum,196467,196582,115.2,False,0
session_002,candidate_08,free,key_06,alphanum,196597,196719,122,False,0
session_002,candidate_08,free,key_10,alphanum,196735,196862,127.7,False,0
session_002,candidate_08,free,key_06,alphanum,196852,196934,81.9,False,0
session_002,candidate_08,free,key_18,space,196970,197060,90.3,False,0
session_002,candidate_08,free,key_16,alphanum,197170,197272,101.2,False,0
session_002,candidate_08,free,key_01,alphanum,197433,197539,106.5,False,0
session_002,candidate_08,free,key_06,alphanum,197517,197610,93.8,False,0
session_002,candidate_08,free,key_18,space,197712,197797,84.5,False,0
session_002,candidate_08,free,key_10,alphanum,198295,198363,67.8,False,0
session_002,candidate_08,free,key_15,alphanum,198412,198496,84.2,False,0
session_002,candidate_08,free,key_16,alphanum,198587,198662,74.4,False,0
session_002,candidate_08,free,key_17,alphanum,198700,198783,83.2,False,0
session_002,candidate_08,free,key_18,space,198968,199064,95.5,False,0
session_002,candidate_08,free,key_10,alphanum,199212,199320,107.5,False,0
session_002,candidate_08,free,key_06,alphanum,199301,199397,96.3,False,0
session_002,candidate_08,free,key_18,space,199498,199580,81.6,False,0
session_002,candidate_08,free,key_07,alphanum,199705,199785,79.4,False,0
session_002,candidate_08,free,key_17,alphanum,199864,199946,82.7,False,0
session_002,candidate_08,free,key_16,alphanum,199998,200079,81,False,0
session_002,candidate_08,free,key_19,alphanum,200168,200233,64.5,False,0
session_002,candidate_08,free,key_18,space,200516,200585,68.9,False,0
session_002,candidate_08,free,key_16,alphanum,200883,200963,79.8,False,0
session_002,candidate_08,free,key_30,alphanum,200972,201048,76.6,False,0
session_002,candidate_08,free,key_22,alphanum,201182,201252,69.7,False,0
session_002,candidate_08,free,key_25,alphanum,201418,201496,77.7,False,0
session_002,candidate_08,free,key_06,alphanum,201549,201616,67.1,False,0
session_002,candidate_08,free,key_18,space,201670,201750,80.1,False,0
session_002,candidate_08,free,key_14,alphanum,201870,201945,75.3,False,0
session_002,candidate_08,free,key_24,alphanum,201997,202069,71.7,False,0
session_002,candidate_08,free,key_01,alphanum,202133,202187,54,False,0
session_002,candidate_08,free,key_18,space,202273,202353,79.8,False,0
session_002,candidate_08,free,key_07,alphanum,203532,203619,87.1,False,0
session_002,candidate_08,free,key_15,alphanum,203689,203796,107.5,False,0
session_002,candidate_08,free,key_24,alphanum,203837,203936,99.8,False,0
session_002,candidate_08,free,key_10,alphanum,203970,204033,63.1,False,0
session_002,candidate_08,free,key_18,space,204112,,,False,0
session_002,candidate_08,free,key_18,space,206679,206767,87.9,False,0
session_002,candidate_08,free,key_07,alphanum,207294,207366,72.3,False,0
session_002,candidate_08,free,key_15,alphanum,207432,207528,96.9,False,0
session_002,candidate_08,free,key_24,alphanum,207606,207683,76.4,False,0
session_002,candidate_08,free,key_10,alphanum,207738,,,False,0
session_002,candidate_08,free,key_18,space,211122,211201,79.5,False,0
session_002,candidate_08,free,key_18,space,211454,211527,72.9,False,0
session_002,candidate_08,free,key_21,special,211899,211987,87.9,False,0
session_002,candidate_08,free,key_07,alphanum,212991,213084,93.3,False,0
session_002,candidate_08,free,key_15,alphanum,213101,213199,98.5,False,0
session_002,candidate_08,free,key_24,alphanum,213266,,,False,0
session_010,candidate_06,free,key_08,alphanum,0,115.9,115.9,False,0
session_010,candidate_06,free,key_06,alphanum,268.7,363.1,94.4,False,0
session_010,candidate_06,free,key_10,alphanum,288.5,329.8,41.3,False,0
session_010,candidate_06,free,key_15,alphanum,469.1,567,97.9,False,0
session_010,candidate_06,free,key_13,backspace,927.6,1000,72.4,False,0
session_010,candidate_06,free,key_13,backspace,1096.6,1184.2,87.6,False,0
session_010,candidate_06,free,key_15,alphanum,2324.4,2413.6,89.2,False,0
session_010,candidate_06,free,key_17,alphanum,2560.4,2632.2,71.8,False,0
session_010,candidate_06,free,key_06,alphanum,2684.5,2765.1,80.6,False,0
session_010,candidate_06,free,key_18,space,2868.3,2978,109.7,False,0
session_010,candidate_06,free,key_15,alphanum,3295.8,3391.4,95.6,False,0
session_010,candidate_06,free,key_16,alphanum,3411.3,3535.1,123.8,False,0
session_010,candidate_06,free,key_22,alphanum,3509.5,3591.2,81.7,False,0
session_010,candidate_06,free,key_03,alphanum,3693,3764,71,False,0
session_010,candidate_06,free,key_18,space,3875.8,3961.7,85.9,False,0
session_010,candidate_06,free,key_16,alphanum,4516.5,4629.5,113,False,0
session_010,candidate_06,free,key_11,alphanum,4677,4758.6,81.6,False,0
session_010,candidate_06,free,key_16,alphanum,4760,4837.3,77.3,False,0
session_010,candidate_06,free,key_01,alphanum,4970.7,5052,81.3,False,0
session_010,candidate_06,free,key_18,space,5100.4,5181.3,80.9,False,0
session_010,candidate_06,free,key_08,alphanum,5361.6,5448,86.4,False,0
session_010,candidate_06,free,key_22,alphanum,5553.1,5631.8,78.7,False,0
session_010,candidate_06,free,key_07,alphanum,5643.4,5727.9,84.5,False,0
session_010,candidate_06,free,key_22,alphanum,5770.6,5936.7,166.1,False,0
session_010,candidate_06,free,key_18,space,5893.8,6004.3,110.5,False,0
session_010,candidate_06,free,key_02,alphanum,6132.5,6208.3,75.8,False,0
session_010,candidate_06,free,key_15,alphanum,6248.4,6330.1,81.7,False,0
session_010,candidate_06,free,key_06,alphanum,6387.9,6465.6,77.7,False,0
session_010,candidate_06,free,key_06,alphanum,6553.3,6621.5,68.2,False,0
session_010,candidate_06,free,key_26,alphanum,6832.2,6918.6,86.4,False,0
session_010,candidate_06,free,key_18,space,6999.1,7086.5,87.4,False,0
session_010,candidate_06,free,key_28,alphanum,7509.7,7612.2,102.5,False,0
session_010,candidate_06,free,key_13,backspace,7820.9,7901.6,80.7,False,0
session_010,candidate_06,free,key_08,alphanum,8046.5,8124.1,77.6,False,0
session_010,candidate_06,free,key_24,alphanum,8218.8,8361.9,143.1,False,0
session_010,candidate_06,free,key_18,space,8310.1,8418.9,108.8,False,0
session_010,candidate_06,free,key_28,alphanum,8395.2,8473.4,78.2,False,0
session_010,candidate_06,free,key_22,alphanum,8499,8577.2,78.2,False,0
session_010,candidate_06,free,key_30,alphanum,8682.9,8867,184.1,False,0
session_010,candidate_06,free,key_18,space,8822.6,8951.4,128.8,False,0
session_010,candidate_06,free,key_07,alphanum,8997.4,9068.7,71.3,False,0
session_010,candidate_06,free,key_06,alphanum,9140.7,9224.1,83.4,False,0
session_010,candidate_06,free,key_18,space,9269.5,9362.9,93.4,False,0
session_010,candidate_06,free,key_02,alphanum,9494.5,9593.6,99.1,False,0
session_010,candidate_06,free,key_15,alphanum,9676.3,9758.9,82.6,False,0
session_010,candidate_06,free,key_16,alphanum,9786.6,9860.3,73.7,False,0
session_010,candidate_06,free,key_15,alphanum,9934.6,10015.9,81.3,False,0
session_010,candidate_06,free,key_24,alphanum,10162.3,10279.3,117,False,0
session_010,candidate_06,free,key_18,space,10297.8,10414.7,116.9,False,0
session_010,candidate_06,free,key_17,alphanum,10590.7,10710.4,119.7,False,0
session_010,candidate_06,free,key_24,alphanum,10752.5,10833.4,80.9,False,0
session_010,candidate_06,free,key_15,alphanum,10942.8,11020.4,77.6,False,0
session_010,candidate_06,free,key_18,space,11143.5,11227.8,84.3,False,0
session_010,candidate_06,free,key_09,alphanum,11382.7,11476,93.3,False,0
session_010,candidate_06,free,key_24,alphanum,11576.4,11654.3,77.9,False,0
session_010,candidate_06,free,key_24,alphanum,11743.9,11826.3,82.4,False,0
session_010,candidate_06,free,key_01,alphanum,11871.2,11942.4,71.2,False,0
session_010,candidate_06,free,key_22,alphanum,11963.7,12100.6,136.9,False,0
session_010,candidate_06,free,key_18,space,12096.2,12219.5,123.3,False,0
session_010,candidate_06,free,key_08,alphanum,12620.8,12732.8,112,False,0
session_010,candidate_06,free,key_16,alphanum,12752.4,12834.3,81.9,False,0
session_010,candidate_06,free,key_19,alphanum,12935.7,13009,73.3,False,0
session_010,candidate_06,free,key_06,alphanum,13077.1,13146.5,69.4,False,0
session_010,candidate_06,free,key_03,alphanum,13262.4,13363.5,101.1,False,0
session_010,candidate_06,free,key_16,alphanum,13418.4,13479.7,61.3,False,0
session_010,candidate_06,free,key_16,alphanum,13550,13652.2,102.2,False,0
session_010,candidate_06,free,key_17,alphanum,13691.2,13773.2,82,False,0
session_010,candidate_06,free,key_18,space,13852.4,13962.6,110.2,False,0
session_010,candidate_06,free,key_23,alphanum,14003.5,14087.8,84.3,False,0
session_010,candidate_06,free,key_07,alphanum,14112.6,14168,55.4,False,0
session_010,candidate_06,free,key_07,alphanum,14241.4,14311.9,70.5,False,0
session_010,candidate_06,free,key_06,alphanum,14414.2,14492.8,78.6,False,0
session_010,candidate_06,free,key_18,space,14561.9,14679.4,117.5,False,0
session_010,candidate_06,free,key_17,alphanum,14695.6,14798.4,102.8,False,0
session_010,candidate_06,free,key_23,alphanum,14825.2,14903.5,78.3,False,0
session_010,candidate_06,free,key_20,alphanum,15009.8,15108.6,98.8,False,0
session_010,candidate_06,free,key_07,alphanum,15120.8,15185.7,64.9,False,0
session_010,candidate_06,free,key_06,alphanum,15269.3,15346.1,76.8,False,0
session_010,candidate_06,free,key_18,space,15384.3,15453.7,69.4,False,0
session_010,candidate_06,free,key_20,alphanum,15553.6,15636.8,83.2,False,0
session_010,candidate_06,free,key_22,alphanum,15729.4,15807.6,78.2,False,0
session_010,candidate_06,free,key_30,alphanum,15908.3,16001.7,93.4,False,0
session_010,candidate_06,free,key_16,alphanum,16132.3,16219.1,86.8,False,0
session_010,candidate_06,free,key_03,alphanum,16420.1,16499.1,79,False,0
session_010,candidate_06,free,key_06,alphanum,16557.1,16626.3,69.2,False,0
session_010,candidate_06,free,key_18,space,16664.6,16735.2,70.6,False,0
session_010,candidate_06,free,key_08,alphanum,16861.1,16937.7,76.6,False,0
session_010,candidate_06,free,key_22,alphanum,17014.1,17136,121.9,False,0
session_010,candidate_06,free,key_18,space,17102.9,17180.7,77.8,False,0
session_010,candidate_06,free,key_08,alphanum,17243.6,17330.9,87.3,False,0
session_010,candidate_06,free,key_24,alphanum,17418.2,17508.7,90.5,False,0
session_010,candidate_06,free,key_07,alphanum,17528.5,17603,74.5,False,0
session_010,candidate_06,free,key_15,alphanum,17659.1,17724.3,65.2,False,0
session_010,candidate_06,free,key_22,alphanum,17815.7,17920.2,104.5,False,0
session_010,candidate_06,free,key_07,alphanum,17893.7,17961.3,67.6,False,0
session_010,candidate_06,free,key_15,alphanum,18012,18109.4,97.4,False,0
session_010,candidate_06,free,key_18,space,18136.9,18223.9,87,False,0
session_010,candidate_06,free,key_20,alphanum,18335.8,18452.7,116.9,False,0
session_010,candidate_06,free,key_06,alphanum,18446,18517.4,71.4,False,0
session_010,candidate_06,free,key_22,alphanum,18574.4,18657,82.6,False,0
session_010,candidate_06,free,key_03,alphanum,18743.4,18827.9,84.5,False,0
session_010,candidate_06,free,key_18,space,18921.3,19008.2,86.9,False,0
session_010,candidate_06,free,key_30,alphanum,19128.3,19218.7,90.4,False,0
session_010,candidate_06,free,key_16,alphanum,19256.6,19325.7,69.1,False,0
session_010,candidate_06,free,key_11,alphanum,19402.6,19487.7,85.1,False,0
session_010,candidate_06,free,key_18,space,19642,19730.5,88.5,False,0
session_010,candidate_06,free,key_29,alphanum,19859.5,19942,82.5,False,0
session_010,candidate_06,free,key_16,alphanum,19960.5,20028.4,67.9,False,0
session_010,candidate_06,free,key_16,alphanum,20108.2,20204.6,96.4,False,0
session_010,candidate_06,free,key_17,alphanum,20270.7,20351.7,81,False,0
session_010,candidate_06,free,key_22,alphanum,20471.8,20561.1,89.3,False,0
session_010,candidate_06,free,key_18,space,20949.4,21077.7,128.3,False,0
session_010,candidate_06,free,key_15,alphanum,21186.1,21270.8,84.7,False,0
session_010,candidate_06,free,key_16,alphanum,21412.1,21519.1,107,False,0
session_010,candidate_06,free,key_22,alphanum,21567.6,21651.8,84.2,False,0
session_010,candidate_06,free,key_03,alphanum,21764.3,21860.2,95.9,False,0
session_010,candidate_06,free,key_18,space,21970.7,22060.6,89.9,False,0
session_010,candidate_06,free,key_16,alphanum,22079,22158,79,False,0
session_010,candidate_06,free,key_16,alphanum,22245.3,22341.8,96.5,False,0
session_010,candidate_06,free,key_29,alphanum,22379.7,22460.1,80.4,False,0
session_010,candidate_06,free,key_18,space,22580.9,22675.9,95,False,0
session_010,candidate_06,free,key_16,alphanum,22947.4,23012.8,65.4,False,0
session_010,candidate_06,free,key_16,alphanum,23093.2,23166.2,73,False,0
session_010,candidate_06,free,key_09,alphanum,23204.6,23295,90.4,False,0
session_010,candidate_06,free,key_18,space,23578.7,23743.4,164.7,False,0
session_010,candidate_06,free,key_07,alphanum,24242.2,24308.6,66.4,False,0
session_010,candidate_06,free,key_16,alphanum,24412.6,,,False,0
session_010,candidate_06,free,key_13,backspace,25600,25685,85,False,0
session_010,candidate_06,free,key_13,backspace,25782.3,25855.4,73.1,False,0
session_010,candidate_06,free,key_13,backspace,26132.4,26201.1,68.7,False,0
session_010,candidate_06,free,key_13,backspace,26267.1,26359.4,92.3,False,0
session_010,candidate_06,free,key_13,backspace,26423.8,26512.7,88.9,False,0
session_010,candidate_06,free,key_13,backspace,26582,26667.8,85.8,False,0
session_010,candidate_06,free,key_16,alphanum,27110,27168.3,58.3,False,0
session_010,candidate_06,free,key_16,alphanum,27231,27332.2,101.2,False,0
session_010,candidate_06,free,key_29,alphanum,27342.5,27480.7,138.2,False,0
session_010,candidate_06,free,key_18,space,27446.9,27585.2,138.3,False,0
session_010,candidate_06,free,key_07,alphanum,27715.9,27744.6,28.7,False,0
session_010,candidate_06,free,key_13,backspace,28110,28193.4,83.4,False,0
session_010,candidate_06,free,key_16,alphanum,28251.6,28319.7,68.1,False,0
session_010,candidate_06,free,key_16,alphanum,28400.5,28477.5,77,False,0
session_010,candidate_06,free,key_09,alphanum,28532,28632.3,100.3,False,0
session_010,candidate_06,free,key_18,space,28740.2,28875,134.8,False,0
session_010,candidate_06,free,key_07,alphanum,28955.6,29026.3,70.7,False,0
session_010,candidate_06,free,key_16,alphanum,29132.3,29226.6,94.3,False,0
session_010,candidate_06,free,key_12,alphanum,29310,29375.5,65.5,False,0
session_010,candidate_06,free,key_03,alphanum,29493,29574.6,81.6,False,0
session_010,candidate_06,free,key_06,alphanum,29598.3,29662.7,64.4,False,0
session_010,candidate_06,free,key_18,space,29735.4,29819.5,84.1,False,0
session_010,candidate_06,free,key_20,alphanum,29938.2,30042.4,104.2,False,0
session_010,candidate_06,free,key_23,alphanum,30145.5,30219.1,73.6,False,0
session_010,candidate_06,free,key_29,alphanum,30294.2,30375.1,80.9,False,0
session_010,candidate_06,free,key_15,alphanum,30448.4,30524.4,76,False,0
session_010,candidate_06,free,key_06,alphanum,30542.3,30614.8,72.5,False,0
session_010,candidate_06,free,key_18,space,30671.1,30752.3,81.2,False,0
session_010,candidate_06,free,key_20,alphanum,30874.6,30965.2,90.6,False,0
session_010,candidate_06,free,key_06,alphanum,30980.7,31058.9,78.2,False,0
session_010,candidate_06,free,key_01,alphanum,31166.1,31243.4,77.3,False,0
session_010,candidate_06,free,key_22,alphanum,31260.1,31410.6,150.5,False,0
session_010,candidate_06,free,key_18,space,31362.4,31466.2,103.8,False,0
session_010,candidate_06,free,key_02,alphanum,31480.5,31541,60.5,False,0
session_010,candidate_06,free,key_15,alphanum,31577.1,31649.1,72,False,0
session_010,candidate_06,free,key_16,alphanum,31694.5,31765.9,71.4,False,0
session_010,candidate_06,free,key_15,alphanum,31761.1,31835,73.9,False,0
session_010,candidate_06,free,key_17,alphanum,32008,32093.2,85.2,False,0
session_010,candidate_06,free,key_13,backspace,32638.2,32721.1,82.9,False,0
session_010,candidate_06,free,key_16,alphanum,32964.7,33046,81.3,False,0
session_010,candidate_06,free,key_17,alphanum,33164.1,33228.8,64.7,False,0
session_010,candidate_06,free,key_18,space,33578.8,33697.9,119.1,False,0
session_010,candidate_06,free,key_07,alphanum,33742.9,33819.9,77,False,0
session_010,candidate_06,free,key_06,alphanum,33910.4,33988.6,78.2,False,0
session_010,candidate_06,free,key_18,space,34024.7,34109.4,84.7,False,0
session_010,candidate_06,free,key_20,alphanum,34210.7,34293.1,82.4,False,0
session_010,candidate_06,free,key_22,alphanum,34387.8,34459.4,71.6,False,0
session_010,candidate_06,free,key_30,alphanum,34552.4,34642.5,90.1,False,0
session_010,candidate_06,free,key_16,alphanum,34649.6,34730,80.4,False,0
session_010,candidate_06,free,key_18,space,34778.3,34865.7,87.4,False,0
session_010,candidate_06,free,key_28,alphanum,34892.6,34958.2,65.6,False,0
session_010,candidate_06,free,key_22,alphanum,35031.7,35110,78.3,False,0
session_010,candidate_06,free,key_19,alphanum,35217.5,35294.5,77,False,0
session_010,candidate_06,free,key_16,alphanum,35331.7,35408.4,76.7,False,0
session_010,candidate_06,free,key_18,space,35467.2,35564.5,97.3,False,0
session_010,candidate_06,free,key_16,alphanum,35809,35911.7,102.7,False,0
session_010,candidate_06,free,key_23,alphanum,35961.6,36045.6,84,False,0
session_010,candidate_06,free,key_01,alphanum,36085,36160.2,75.2,False,0
session_010,candidate_06,free,key_18,space,36259.4,36361.2,101.8,False,0
session_010,candidate_06,free,key_16,alphanum,36472.4,,,False,0
session_010,candidate_06,free,key_16,alphanum,38253.5,38342.2,88.7,False,0
session_010,candidate_06,free,key_16,alphanum,38954.6,39048.1,93.5,False,0
session_010,candidate_06,free,key_23,alphanum,39067.9,39148.4,80.5,False,0
session_010,candidate_06,free,key_01,alphanum,39204.5,39269.3,64.8,False,0
session_010,candidate_06,free,key_18,space,39376.5,,,False,0
session_010,candidate_06,free,key_16,alphanum,41527.9,41615.3,87.4,False,0
session_010,candidate_06,free,key_23,alphanum,41637.7,41718.5,80.8,False,0
session_010,candidate_06,free,key_01,alphanum,41748.2,41819.6,71.4,False,0
session_010,candidate_06,free,key_13,backspace,42746.4,42858.1,111.7,False,0
session_010,candidate_06,free,key_16,alphanum,43397.6,43476.3,78.7,False,0
session_010,candidate_06,free,key_23,alphanum,43585.9,43668.9,83,False,0
session_010,candidate_06,free,key_01,alphanum,43717.4,43806,88.6,False,0
session_010,candidate_06,free,key_18,space,43967,44063.9,96.9,False,0
session_010,candidate_06,free,key_16,alphanum,44603.7,44681.3,77.6,False,0
session_010,candidate_06,free,key_16,alphanum,44748.8,44861.4,112.6,False,0
session_010,candidate_06,free,key_29,alphanum,44872.1,44945.6,73.5,False,0
session_010,candidate_06,free,key_18,space,45073.9,45162.7,88.8,False,0
session_010,candidate_06,free,key_22,alphanum,45322.9,45399.7,76.8,False,0
session_010,candidate_06,free,key_07,alphanum,45438,45510.7,72.7,False,0
session_010,candidate_06,free,key_18,space,45562.8,45658.4,95.6,False,0
session_010,candidate_06,free,key_12,alphanum,45761,45846.4,85.4,False,0
session_010,candidate_06,free,key_16,alphanum,45875.1,45942.5,67.4,False,0
session_010,candidate_06,free,key_16,alphanum,46020,46127.2,107.2,False,0
session_010,candidate_06,free,key_01,alphanum,46192,46248.1,56.1,False,0
session_010,candidate_06,free,key_18,space,46442.7,46546.4,103.7,False,0
session_010,candidate_06,free,key_13,backspace,46838,46911.9,73.9,False,0
session_010,candidate_06,free,key_13,backspace,46993.6,47081.4,87.8,False,0
session_010,candidate_06,free,key_17,alphanum,47142.4,47228.7,86.3,False,0
session_010,candidate_06,free,key_18,space,47325.2,47407.4,82.2,False,0
session_010,candidate_06,free,key_08,alphanum,47529.9,47614,84.1,False,0
session_010,candidate_06,free,key_16,alphanum,47652.5,47730.1,77.6,False,0
session_010,candidate_06,free,key_18,space,47887.4,47981,93.6,False,0
session_010,candidate_06,free,key_16,alphanum,48105.1,48169.7,64.6,False,0
session_010,candidate_06,free,key_12,alphanum,48276.6,48346.7,70.1,False,0
session_010,candidate_06,free,key_13,backspace,48611.4,48676.5,65.1,False,0
session_010,candidate_06,free,key_13,backspace,48759.4,48838.5,79.1,False,0
session_010,candidate_06,free,key_12,alphanum,49036.6,49110.8,74.2,False,0
session_010,candidate_06,free,key_15,alphanum,49202.6,49275.6,73,False,0
session_010,candidate_06,free,key_22,alphanum,49371,49512,141,False,0
session_010,candidate_06,free,key_18,space,49480.6,49624.6,144,False,0
session_010,candidate_06,free,key_19,alphanum,49949.7,50041.5,91.8,False,0
session_010,candidate_06,free,key_16,alphanum,50160.4,50233.6,73.2,False,0
session_010,candidate_06,free,key_27,alphanum,51295.3,51392.9,97.6,False,0
session_010,candidate_06,free,key_06,alphanum,51564.6,51629.2,64.6,False,0
session_010,candidate_06,free,key_06,alphanum,51698.6,51782.9,84.3,False,0
session_010,candidate_06,free,key_03,alphanum,51804.9,51892.8,87.9,False,0
session_010,candidate_06,free,key_18,space,52007.3,52096.1,88.8,False,0
session_010,candidate_06,free,key_15,alphanum,52216.7,52294.7,78,False,0
session_010,candidate_06,free,key_24,alphanum,52403.1,52545.4,142.3,False,0
session_010,candidate_06,free,key_18,space,52493.9,52609.4,115.5,False,0
session_010,candidate_06,free,key_11,alphanum,52707.4,52793.8,86.4,False,0
session_010,candidate_06,free,key_16,alphanum,52788.4,52852.1,63.7,False,0
session_010,candidate_06,free,key_19,alphanum,52882.6,52975.2,92.6,False,0
session_010,candidate_06,free,key_16,alphanum,52954.4,53035.4,81,False,0
session_010,candidate_06,free,key_18,space,53067.2,53160.6,93.4,False,0
session_010,candidate_06,free,key_08,alphanum,53236.7,53329.9,93.2,False,0
session_010,candidate_06,free,key_22,alphanum,53408,53546.1,138.1,False,0
session_010,candidate_06,free,key_18,space,53494,53610.5,116.5,False,0
session_010,candidate_06,free,key_15,alphanum,53710.9,53802.6,91.7,False,0
session_010,candidate_06,free,key_16,alphanum,53861.3,53939.6,78.3,False,0
session_010,candidate_06,free,key_20,alphanum,53960.7,54082.4,121.7,False,0
session_010,candidate_06,free,key_16,alphanum,54075.5,54148.2,72.7,False,0
session_010,candidate_06,free,key_13,backspace,54446.9,54528.9,82,False,0
session_010,candidate_06,free,key_13,backspace,54592.8,54679.3,86.5,False,0
session_010,candidate_06,free,key_13,backspace,54750.2,54845,94.8,False,0
session_010,candidate_06,free,key_23,alphanum,55015.2,55079.5,64.3,False,0
session_010,candidate_06,free,key_20,alphanum,55184.6,55307.9,123.3,False,0
session_010,candidate_06,free,key_16,alphanum,55288.7,55358.3,69.6,False,0
session_010,candidate_06,free,key_01,alphanum,55480.7,55561.2,80.5,False,0
session_010,candidate_06,free,key_22,alphanum,55643.1,55764.5,121.4,False,0
session_010,candidate_06,free,key_18,space,55771.3,55929.3,158,False,0
session_010,candidate_06,free,key_14,alphanum,56461.6,56555.7,94.1,False,0
session_010,candidate_06,free,key_22,alphanum,56586.2,56663.6,77.4,False,0
session_010,candidate_06,free,key_30,alphanum,56758.8,56827.8,69,False,0
session_010,candidate_06,free,key_20,alphanum,56933.4,57014.2,80.8,False,0
session_010,candidate_06,free,key_24,alphanum,57131.5,57212,80.5,False,0
session_010,candidate_06,free,key_03,alphanum,57347.6,57412.9,65.3,False,0
session_010,candidate_06,free,key_12,alphanum,57363.1,57395.4,32.3,False,0
session_010,candidate_06,free,key_18,space,57543.9,57627.1,83.2,False,0
session_010,candidate_06,free,key_08,alphanum,57869.3,57959.7,90.4,False,0
session_010,candidate_06,free,key_22,alphanum,58067,58128.2,61.2,False,0
session_010,candidate_06,free,key_13,backspace,58258.8,58349,90.2,False,0
session_010,candidate_06,free,key_13,backspace,58420,58507.7,87.7,False,0
session_010,candidate_06,free,key_13,backspace,58580.2,58662.8,82.6,False,0
session_010,candidate_06,free,key_08,alphanum,59033.1,59118.1,85,False,0
session_010,candidate_06,free,key_22,alphanum,59198.1,59353.8,155.7,False,0
session_010,candidate_06,free,key_18,space,59301.7,59431,129.3,False,0
session_010,candidate_06,free,key_17,alphanum,60275.7,60360.5,84.8,False,0
session_010,candidate_06,free,key_16,alphanum,60368.2,60445.1,76.9,False,0
session_010,candidate_06,free,key_01,alphanum,60479.1,60553.9,74.8,False,0
session_010,candidate_06,free,key_16,alphanum,60567,60643.9,76.9,False,0
session_010,candidate_06,free,key_15,alphanum,60736.4,60827.8,91.4,False,0
session_010,candidate_06,free,key_18,space,60990.4,61090.7,100.3,False,0
session_010,candidate_06,free,key_15,alphanum,61544.1,61635.3,91.2,False,0
session_010,candidate_06,free,key_23,alphanum,61711.1,61786.3,75.2,False,0
session_010,candidate_06,free,key_20,alphanum,61891.1,62004.6,113.5,False,0
session_010,candidate_06,free,key_16,alphanum,61993.8,62069.5,75.7,False,0
session_010,candidate_06,free,key_01,alphanum,62186.7,62287.2,100.5,False,0
session_010,candidate_06,free,key_22,alphanum,62331,62485.3,154.3,False,0
session_010,candidate_06,free,key_18,space,62454.6,62580.1,125.5,False,0
session_010,candidate_06,free,key_26,alphanum,62898.7,63002.3,103.6,False,0
session_010,candidate_06,free,key_22,alphanum,63020.8,63085.7,64.9,False,0
session_010,candidate_06,free,key_03,alphanum,63184.9,63300,115.1,False,0
session_010,candidate_06,free,key_28,alphanum,63296.1,63360.7,64.6,False,0
session_010,candidate_06,free,key_16,alphanum,63492.5,63591.8,99.3,False,0
session_010,candidate_06,free,key_11,alphanum,63613.3,63694.4,81.1,False,0
session_010,candidate_06,free,key_22,alphanum,63809.5,63975.5,166,False,0
session_010,candidate_06,free,key_18,space,63914.2,64043.7,129.5,False,0
session_010,candidate_06,free,key_20,alphanum,64134.2,64258.1,123.9,False,0
session_010,candidate_06,free,key_06,alphanum,64263.5,64335,71.5,False,0
session_010,candidate_06,free,key_22,alphanum,64356.7,64443.8,87.1,False,0
session_010,candidate_06,free,key_03,alphanum,64527.9,64612.5,84.6,False,0
session_010,candidate_06,free,key_18,space,64726.2,64811.4,85.2,False,0
session_010,candidate_06,free,key_12,alphanum,64931,65008,77,False,0
session_010,candidate_06,free,key_15,alphanum,65089.9,65176.4,86.5,False,0
session_010,candidate_06,free,key_22,alphanum,65279.6,65459.6,180,False,0
session_010,candidate_06,free,key_18,space,65383.2,65516.3,133.1,False,0
session_010,candidate_06,free,key_06,alphanum,65547.4,65625.3,77.9,False,0
session_010,candidate_06,free,key_03,alphanum,65662.4,65753.5,91.1,False,0
session_010,candidate_06,free,key_28,alphanum,65800.6,65859.6,59,False,0
session_010,candidate_06,free,key_18,space,65924.5,66020.2,95.7,False,0
session_010,candidate_06,free,key_17,alphanum,66149.8,66242.7,92.9,False,0
session_010,candidate_06,free,key_16,alphanum,66279.4,66353.9,74.5,False,0
session_010,candidate_06,free,key_08,alphanum,66388.1,66475.7,87.6,False,0
session_010,candidate_06,free,key_18,space,66596.5,66703.9,107.4,False,0
session_010,candidate_06,free,key_07,alphanum,66699.8,66764.5,64.7,False,0
session_010,candidate_06,free,key_16,alphanum,66869.3,66982.1,112.8,False,0
session_010,candidate_06,free,key_12,alphanum,67015.5,67091.8,76.3,False,0
session_010,candidate_06,free,key_18,space,67250.3,67353.6,103.3,False,0
session_010,candidate_06,free,key_08,alphanum,67536.7,67633.9,97.2,False,0
session_010,candidate_06,free,key_23,alphanum,67729.8,67813.8,84,False,0
session_010,candidate_06,free,key_02,alphanum,67842.3,67926.5,84.2,False,0
session_010,candidate_06,free,key_15,alphanum,67934.6,68094.8,160.2,False,0
session_010,candidate_06,free,key_18,space,68060.5,68176,115.5,False,0
session_010,candidate_06,free,key_17,alphanum,68465.1,68557.3,92.2,False,0
session_010,candidate_06,free,key_15,alphanum,68658.6,68748.4,89.8,False,0
session_010,candidate_06,free,key_06,alphanum,68743.6,68806.3,62.7,False,0
session_010,candidate_06,free,key_06,alphanum,68883.8,68980.7,96.9,False,0
session_010,candidate_06,free,key_08,alphanum,68994.3,69143.1,148.8,False,0
session_010,candidate_06,free,key_18,space,69075.5,69194.8,119.3,False,0
session_010,candidate_06,free,key_15,alphanum,69261.5,69349.5,88,False,0
session_010,candidate_06,free,key_24,alphanum,69463.5,69592.9,129.4,False,0
session_010,candidate_06,free,key_18,space,69532.3,69636,103.7,False,0
session_010,candidate_06,free,key_29,alphanum,69720.4,69814.5,94.1,False,0
session_010,candidate_06,free,key_16,alphanum,69821.5,69898.2,76.7,False,0
session_010,candidate_06,free,key_17,alphanum,69953.8,70031.5,77.7,False,0
session_010,candidate_06,free,key_16,alphanum,70042.8,70124.9,82.1,False,0
session_010,candidate_06,free,key_13,backspace,70507.1,70594.2,87.1,False,0
session_010,candidate_06,free,key_13,backspace,70664.3,70755,90.7,False,0
session_010,candidate_06,free,key_16,alphanum,70787.4,70861.4,74,False,0
session_010,candidate_06,free,key_16,alphanum,71063.4,71159.2,95.8,False,0
session_010,candidate_06,free,key_17,alphanum,71212.2,71283.9,71.7,False,0
session_010,candidate_06,free,key_13,backspace,71597,71688.4,91.4,False,0
session_010,candidate_06,free,key_13,backspace,71745.7,71844.1,98.4,False,0
session_010,candidate_06,free,key_17,alphanum,71987.3,72061.5,74.2,False,0
session_010,candidate_06,free,key_16,alphanum,72079.4,72151.2,71.8,False,0
session_010,candidate_06,free,key_18,space,72178.9,72266.9,88,False,0
session_010,candidate_06,free,key_15,alphanum,72319.3,72400.7,81.4,False,0
session_010,candidate_06,free,key_16,alphanum,72411.1,72484.9,73.8,False,0
session_010,candidate_06,free,key_22,alphanum,72508.3,72583.7,75.4,False,0
session_010,candidate_06,free,key_03,alphanum,72673.1,72758.8,85.7,False,0
session_010,candidate_06,free,key_13,backspace,73364.1,73448.3,84.2,False,0
session_010,candidate_06,free,key_04,symbol,73603.1,73699.8,96.7,False,0
session_010,candidate_06,free,key_18,space,73877.9,73970.9,93,False,0
session_010,candidate_06,free,key_15,alphanum,74284.6,74375.7,91.1,False,0
session_010,candidate_06,free,key_16,alphanum,74393.2,74479.1,85.9,False,0
session_010,candidate_06,free,key_09,alphanum,74584.6,74659.1,74.5,False,0
session_010,candidate_06,free,key_09,alphanum,74736.5,74827.3,90.8,False,0
session_010,candidate_06,free,key_19,alphanum,75108.3,75192.5,84.2,False,0
session_010,candidate_06,free,key_07,alphanum,75409.8,75480.1,70.3,False,0
session_010,candidate_06,free,key_18,space,75642.8,75743,100.2,False,0
session_010,candidate_06,free,key_06,alphanum,75783.1,75864.3,81.2,False,0
session_010,candidate_06,free,key_03,alphanum,75870.6,75964.6,94,False,0
session_010,candidate_06,free,key_28,alphanum,75995.4,76083.9,88.5,False,0
session_010,candidate_06,free,key_22,alphanum,76146.1,76220.5,74.4,False,0
session_010,candidate_06,free,key_03,alphanum,76321.6,76412.4,90.8,False,0
session_010,candidate_06,free,key_11,alphanum,76509.1,76577.9,68.8,False,0
session_010,candidate_06,free,key_07,alphanum,76609.4,76671.5,62.1,False,0
session_010,candidate_06,free,key_18,space,76714.7,76808.9,94.2,False,0
session_010,candidate_06,free,key_16,alphanum,76831,76911.4,80.4,False,0
session_010,candidate_06,free,key_23,alphanum,76950.3,77026.4,76.1,False,0
session_010,candidate_06,free,key_01,alphanum,77056.2,77133.5,77.3,False,0
session_010,candidate_06,free,key_18,space,77193.2,77291,97.8,False,0
session_010,candidate_06,free,key_16,alphanum,77325.9,,,False,0
session_010,candidate_06,free,key_13,backspace,78446.7,78526.7,80,False,0
session_010,candidate_06,free,key_18,space,79108.4,79236.9,128.5,False,0
session_010,candidate_06,free,key_16,alphanum,79272.3,79346.3,74,False,0
session_010,candidate_06,free,key_23,alphanum,79364.2,79453.2,89,False,0
session_010,candidate_06,free,key_01,alphanum,79480.6,79545.4,64.8,False,0
session_010,candidate_06,free,key_18,space,79591.2,79702.5,111.3,False,0
session_010,candidate_06,free,key_13,backspace,80028.8,80107,78.2,False,0
session_010,candidate_06,free,key_13,backspace,80182.7,80269.1,86.4,False,0
session_010,candidate_06,free,key_16,alphanum,80759,80830.2,71.2,False,0
session_010,candidate_06,free,key_23,alphanum,80896.6,80980.5,83.9,False,0
session_010,candidate_06,free,key_01,alphanum,81003.6,81078,74.4,False,0
session_010,candidate_06,free,key_18,space,81170.6,81260.5,89.9,False,0
session_004,candidate_05,pangram,key_17,alphanum,0,133.9,133.9,False,0
session_004,candidate_05,pangram,key_15,alphanum,119.8,214.7,94.9,False,0
session_004,candidate_05,pangram,key_06,alphanum,252.3,418.1,165.8,False,0
session_004,candidate_05,pangram,key_18,space,438.6,548,109.4,False,0
session_004,candidate_05,pangram,key_27,alphanum,585.2,759.2,174,False,0
session_004,candidate_05,pangram,key_23,alphanum,793.8,888.4,94.6,False,0
session_004,candidate_05,pangram,key_22,alphanum,986.1,1105.8,119.7,False,0
session_004,candidate_05,pangram,key_02,alphanum,1114.3,1280.6,166.3,False,0
session_004,candidate_05,pangram,key_08,alphanum,1834,1920.4,86.4,False,0
session_004,candidate_05,pangram,key_18,space,2014.6,2075.4,60.8,False,0
session_004,candidate_05,pangram,key_12,alphanum,2179.2,2266,86.8,False,0
session_004,candidate_05,pangram,key_01,alphanum,2338,2433.3,95.3,False,0
session_004,candidate_05,pangram,key_24,alphanum,2490.2,2504.9,14.7,False,0
session_004,candidate_05,pangram,key_10,alphanum,2717.1,2836.8,119.7,False,0
session_004,candidate_05,pangram,key_03,alphanum,2880.6,2952.2,71.6,False,0
session_004,candidate_05,pangram,key_18,space,3054.3,3141.9,87.6,False,0
session_004,candidate_05,pangram,key_14,alphanum,3266.6,3401,134.4,False,0
session_004,candidate_05,pangram,key_24,alphanum,3425.8,3526.5,100.7,False,0
session_004,candidate_05,pangram,key_05,alphanum,3571.7,3740.4,168.7,False,0
session_004,candidate_05,pangram,key_18,space,3727.5,3805.4,77.9,False,0
session_004,candidate_05,pangram,key_29,alphanum,4012.8,4121,108.2,False,0
session_004,candidate_05,pangram,key_23,alphanum,4091.5,4207.8,116.3,False,0
session_004,candidate_05,pangram,key_20,alphanum,4306.4,4441.9,135.5,False,0
session_004,candidate_05,pangram,key_09,alphanum,4390,4518.6,128.6,False,0
session_004,candidate_05,pangram,key_07,alphanum,4533.9,4687,153.1,False,0
session_004,candidate_05,pangram,key_18,space,4632.8,4714.7,81.9,False,0
session_004,candidate_05,pangram,key_24,alphanum,4796.5,4920.7,124.2,False,0
session_004,candidate_05,pangram,key_25,alphanum,4895.8,5045.3,149.5,False,0
session_004,candidate_05,pangram,key_06,alphanum,4992.3,5266,273.7,False,0
session_004,candidate_05,pangram,key_01,alphanum,5193.9,5317.6,123.7,False,0
session_004,candidate_05,pangram,key_18,space,5281.7,5372.2,90.5,False,0
session_004,candidate_05,pangram,key_17,alphanum,5433.1,5563.4,130.3,False,0
session_004,candidate_05,pangram,key_15,alphanum,5532.5,5630.6,98.1,False,0
session_004,candidate_05,pangram,key_06,alphanum,5589.3,5733.5,144.2,False,0
session_004,candidate_05,pangram,key_18,space,5759.5,5852.7,93.2,False,0
session_004,candidate_05,pangram,key_30,alphanum,5966.8,6060.4,93.6,False,0
session_004,candidate_05,pangram,key_16,alphanum,6016.9,6179.8,162.9,False,0
session_004,candidate_05,pangram,key_26,alphanum,6298.4,6488,189.6,False,0
session_004,candidate_05,pangram,key_19,alphanum,6463.5,6592.8,129.3,False,0
session_004,candidate_05,pangram,key_18,space,6603.6,6722.5,118.9,False,0
session_004,candidate_05,pangram,key_28,alphanum,6754.6,6885.3,130.7,False,0
session_004,candidate_05,pangram,key_24,alphanum,6895.3,7005.1,109.8,False,0
session_004,candidate_05,pangram,key_11,alphanum,7498.1,7640.6,142.5,False,0
session_004,candidate_05,pangram,key_09,alphanum,8190.7,8288.4,97.7,False,0
session_004,candidate_05,pangram,key_16,alphanum,8297.4,8449.8,152.4,False,0
session_004,candidate_05,pangram,key_02,alphanum,8425.2,8570.7,145.5,False,0
session_004,candidate_05,pangram,key_08,alphanum,8541.1,8624.9,83.8,False,0
session_004,candidate_05,pangram,key_18,space,8717.9,8800.2,82.3,False,0
session_004,candidate_05,pangram,key_20,alphanum,8879.1,9018.1,139,False,0
session_004,candidate_05,pangram,key_19,alphanum,9126.6,9261.6,135,False,0
session_004,candidate_05,pangram,key_18,space,9285.3,9395.4,110.1,False,0
session_004,candidate_05,pangram,key_12,alphanum,9465.9,9601.4,135.5,False,0
session_004,candidate_05,pangram,key_24,alphanum,9590.9,9693.5,102.6,False,0
session_004,candidate_05,pangram,key_05,alphanum,9756.1,9910.5,154.4,False,0
session_004,candidate_05,pangram,key_18,space,9892,10002.9,110.9,False,0
session_004,candidate_05,pangram,key_10,alphanum,10053.2,10201.2,148,False,0
session_004,candidate_05,pangram,key_22,alphanum,10171.4,10294.9,123.5,False,0
session_004,candidate_05,pangram,key_17,alphanum,10329.9,10454,124.1,False,0
session_004,candidate_05,pangram,key_15,alphanum,10398.7,10487,88.3,False,0
session_004,candidate_05,pangram,key_18,space,10607.4,10689.2,81.8,False,0
session_004,candidate_05,pangram,key_14,alphanum,10750.5,10910,159.5,False,0
session_004,candidate_05,pangram,key_22,alphanum,10897.8,11009.9,112.1,False,0
session_004,candidate_05,pangram,key_25,alphanum,11018.1,11182.4,164.3,False,0
session_004,candidate_05,pangram,key_06,alphanum,11070.3,11247.2,176.9,False,0
session_004,candidate_05,pangram,key_18,space,11234.1,11293,58.9,False,0
session_004,candidate_05,pangram,key_28,alphanum,11422.4,11580.6,158.2,False,0
session_004,candidate_05,pangram,key_24,alphanum,11566.6,11669.2,102.6,False,0
session_004,candidate_05,pangram,key_26,alphanum,11803.5,12016.6,213.1,False,0
session_004,candidate_05,pangram,key_06,alphanum,11954.9,12102.5,147.6,False,0
session_004,candidate_05,pangram,key_03,alphanum,12091.7,12174.9,83.2,False,0
session_004,candidate_05,pangram,key_18,space,12260,12344.6,84.6,False,0
session_004,candidate_05,pangram,key_30,alphanum,12434.4,12518.9,84.5,False,0
session_004,candidate_05,pangram,key_22,alphanum,12632.5,12717.1,84.6,False,0
session_004,candidate_05,pangram,key_27,alphanum,12727.9,12881,153.1,False,0
session_004,candidate_05,pangram,key_23,alphanum,13320,13402.5,82.5,False,0
session_004,candidate_05,pangram,key_24,alphanum,13525.4,13601.4,76,False,0
session_004,candidate_05,pangram,key_01,alphanum,13611.3,13712.1,100.8,False,0
session_004,candidate_05,pangram,key_18,space,13787.8,13841.5,53.7,False,0
session_004,candidate_05,pangram,key_29,alphanum,14024.6,14184.6,160,False,0
session_004,candidate_05,pangram,key_23,alphanum,14252.9,14378.2,125.3,False,0
session_004,candidate_05,pangram,key_11,alphanum,14432.8,14599.4,166.6,False,0
session_004,candidate_05,pangram,key_07,alphanum,14529,14707.6,178.6,False,0
session_004,candidate_05,pangram,key_15,alphanum,15212.9,15307.6,94.7,False,0
session_004,candidate_05,pangram,key_24,alphanum,15294.8,15421.4,126.6,False,0
session_004,candidate_05,pangram,key_10,alphanum,15354.8,15535.8,181,False,0
session_004,candidate_05,pangram,key_18,space,15562.1,15640.7,78.6,False,0
session_004,candidate_05,pangram,key_25,alphanum,15740.2,15910,169.8,False,0
session_004,candidate_05,pangram,key_06,alphanum,15848,16082.4,234.4,False,0
session_004,candidate_05,pangram,key_02,alphanum,15989,16131.4,142.4,False,0
session_004,candidate_05,pangram,key_22,alphanum,16176.5,16317,140.5,False,0
session_004,candidate_05,pangram,key_03,alphanum,16251.4,16394.6,143.2,False,0
session_004,candidate_05,pangram,key_11,alphanum,16379.2,16462.1,82.9,False,0
session_004,candidate_05,pangram,key_30,alphanum,16492.9,16573.6,80.7,False,0
session_004,candidate_05,pangram,key_19,alphanum,16730.6,16871.7,141.1,False,0
session_004,candidate_05,pangram,key_18,space,16951.3,17068.4,117.1,False,0
session_004,candidate_05,pangram,key_27,alphanum,17330.4,17462.1,131.7,False,0
session_004,candidate_05,pangram,key_23,alphanum,17469.6,17581.3,111.7,False,0
session_004,candidate_05,pangram,key_22,alphanum,17645.9,17767.7,121.8,False,0
session_004,candidate_05,pangram,key_02,alphanum,17792.5,17968.9,176.4,False,0
session_004,candidate_05,pangram,key_08,alphanum,17903.6,18033.1,129.5,False,0
session_004,candidate_05,pangram,key_18,space,18064.6,18146.5,81.9,False,0
session_004,candidate_05,pangram,key_28,alphanum,18281.3,18494,212.7,False,0
session_004,candidate_05,pangram,key_16,alphanum,18466.9,18651.1,184.2,False,0
session_004,candidate_05,pangram,key_14,alphanum,18602.7,18729.8,127.1,False,0
session_004,candidate_05,pangram,key_17,alphanum,18858.7,18936.6,77.9,False,0
session_004,candidate_05,pangram,key_18,space,18976.5,18996.8,20.3,False,0
session_004,candidate_05,pangram,key_26,alphanum,19319.9,19532.5,212.6,False,0
session_004,candidate_05,pangram,key_06,alphanum,19477.4,19673.2,195.8,False,0
session_004,candidate_05,pangram,key_12,alphanum,19653.5,19754,100.5,False,0
session_004,candidate_05,pangram,key_01,alphanum,19889.4,20034.5,145.1,False,0
session_004,candidate_05,pangram,key_16,alphanum,20022.8,20176.3,153.5,False,0
session_004,candidate_05,pangram,key_07,alphanum,20269.3,20429.5,160.2,False,0
session_004,candidate_05,pangram,key_18,space,20466.4,20504,37.6,False,0
session_004,candidate_05,pangram,key_29,alphanum,20672.8,20764,91.2,False,0
session_004,candidate_05,pangram,key_29,alphanum,20802.7,20842.8,40.1,False,0
session_004,candidate_05,pangram,key_29,alphanum,20912,21006.7,94.7,False,0
session_004,candidate_05,pangram,key_13,backspace,21305.8,21377.4,71.6,False,0
session_004,candidate_05,pangram,key_13,backspace,21457.8,21544.4,86.6,False,0
session_004,candidate_05,pangram,key_23,alphanum,21681.8,21801.4,119.6,False,0
session_004,candidate_05,pangram,key_20,alphanum,21874.9,22019.8,144.9,False,0
session_004,candidate_05,pangram,key_24,alphanum,22030.4,22149.8,119.4,False,0
session_004,candidate_05,pangram,key_18,space,22499.2,22559.4,60.2,False,0
session_004,candidate_05,pangram,key_13,backspace,22782.4,22856.4,74,False,0
session_004,candidate_05,pangram,key_17,alphanum,22996.2,23105.5,109.3,False,0
session_004,candidate_05,pangram,key_15,alphanum,23057.7,23135,77.3,False,0
session_004,candidate_05,pangram,key_06,alphanum,23241,23382.5,141.5,False,0
session_004,candidate_05,pangram,key_18,space,23340,23392.9,52.9,False,0
session_004,candidate_05,pangram,key_14,alphanum,23656.1,23778.9,122.8,False,0
session_004,candidate_05,pangram,key_22,alphanum,23766.6,23887.9,121.3,False,0
session_004,candidate_05,pangram,key_25,alphanum,23895.1,24052,156.9,False,0
session_004,candidate_05,pangram,key_06,alphanum,23972.6,24110.8,138.2,False,0
session_004,candidate_05,pangram,key_18,space,24099.9,24196.6,96.7,False,0
session_004,candidate_05,pangram,key_12,alphanum,24554.7,24669.3,114.6,False,0
session_004,candidate_05,pangram,key_22,alphanum,24694.5,24809.1,114.6,False,0
session_004,candidate_05,pangram,key_05,alphanum,24969.9,25001.4,31.5,False,0
session_004,candidate_05,pangram,key_13,backspace,25176.6,25259,82.4,False,0
session_004,candidate_05,pangram,key_13,backspace,25333.8,25425.5,91.7,False,0
session_004,candidate_05,pangram,key_24,alphanum,25492.1,25609.6,117.5,False,0
session_004,candidate_05,pangram,key_05,alphanum,25596.9,25750.5,153.6,False,0
session_004,candidate_05,pangram,key_22,alphanum,25766.3,25917.2,150.9,False,0
session_004,candidate_05,pangram,key_03,alphanum,25869.3,25974.4,105.1,False,0
session_004,candidate_05,pangram,key_18,space,26100.4,26169.3,68.9,False,0
session_004,candidate_05,pangram,key_13,backspace,26400.1,26497.2,97.1,False,0
session_004,candidate_05,pangram,key_11,alphanum,26480.3,26596.6,116.3,False,0
session_004,candidate_05,pangram,key_18,space,26637.7,26720.8,83.1,False,0
session_004,candidate_05,pangram,key_10,alphanum,26821.9,26958.7,136.8,False,0
session_004,candidate_05,pangram,key_22,alphanum,26989.4,27105.9,116.5,False,0
session_004,candidate_05,pangram,key_26,alphanum,27151.6,27388.6,237,False,0
session_004,candidate_05,pangram,key_01,alphanum,27649.9,27776.6,126.7,False,0
session_004,candidate_05,pangram,key_13,backspace,28018,28075.6,57.6,False,0
session_004,candidate_05,pangram,key_16,alphanum,28040.3,28297.9,257.6,False,0
session_004,candidate_05,pangram,key_01,alphanum,28301,28427.5,126.5,False,0
session_004,candidate_05,pangram,key_28,alphanum,28523.5,28650.5,127,False,0
session_004,candidate_05,pangram,key_07,alphanum,28609.6,28788.8,179.2,False,0
session_004,candidate_05,pangram,key_18,space,28828.1,28875.7,47.6,False,0
session_004,candidate_05,pangram,key_29,alphanum,29028.7,29183.3,154.6,False,0
session_004,candidate_05,pangram,key_23,alphanum,29191.2,29358.7,167.5,False,0
session_004,candidate_05,pangram,key_20,alphanum,29427.8,29579.8,152,False,0
session_004,candidate_05,pangram,key_09,alphanum,29568.6,29672.1,103.5,False,0
session_004,candidate_05,pangram,key_18,space,29749,29865,116,False,0
session_004,candidate_05,pangram,key_27,alphanum,30018.5,30191.6,173.1,False,0
session_004,candidate_05,pangram,key_22,alphanum,30151,30460.7,309.7,False,0
session_004,candidate_05,pangram,key_22,alphanum,30594.9,30656.7,61.8,False,0
session_004,candidate_05,pangram,key_13,backspace,30904.5,30977.6,73.1,False,0
session_004,candidate_05,pangram,key_13,backspace,31077.6,31154.3,76.7,False,0
session_004,candidate_05,pangram,key_23,alphanum,31294.6,31384.6,90,False,0
session_004,candidate_05,pangram,key_22,alphanum,31481.6,31598.5,116.9,False,0
session_004,candidate_05,pangram,key_02,alphanum,31628.8,31789.7,160.9,False,0
session_004,candidate_05,pangram,key_08,alphanum,31758.7,31872.4,113.7,False,0
session_004,candidate_05,pangram,key_30,alphanum,31985.3,32091.8,106.5,False,0
session_004,candidate_05,pangram,key_19,alphanum,32258.2,32371.1,112.9,False,0
session_004,candidate_05,pangram,key_18,space,32691.9,32714.4,22.5,False,0
session_004,candidate_05,pangram,key_13,backspace,32967.7,33060.7,93,False,0
session_004,candidate_05,pangram,key_07,alphanum,33087,33255.8,168.8,False,0
session_004,candidate_05,pangram,key_24,alphanum,33207.8,33334.4,126.6,False,0
session_004,candidate_05,pangram,key_15,alphanum,33417.7,33585,167.3,False,0
session_004,candidate_05,pangram,key_22,alphanum,34373.2,34484.1,110.9,False,0
session_004,candidate_05,pangram,key_03,alphanum,34533.8,34628.9,95.1,False,0
session_004,candidate_05,pangram,key_05,alphanum,34670.6,34868.8,198.2,False,0
session_004,candidate_05,pangram,key_18,space,34899.9,35002.8,102.9,False,0
session_004,candidate_05,pangram,key_24,alphanum,35095.4,35207.8,112.4,False,0
session_004,candidate_05,pangram,key_14,alphanum,35216.4,35340,123.6,False,0
session_004,candidate_05,pangram,key_18,space,35371.9,35459.4,87.5,False,0
session_004,candidate_05,pangram,key_12,alphanum,35709,35798,89,False,0
session_004,candidate_05,pangram,key_30,alphanum,35910.7,36006.5,95.8,False,0
session_004,candidate_05,pangram,key_16,alphanum,35992.9,36146.6,153.7,False,0
session_004,candidate_05,pangram,key_02,alphanum,36114.8,36212.9,98.1,False,0
session_004,candidate_05,pangram,key_08,alphanum,36190.9,36291.2,100.3,False,0
session_004,candidate_05,pangram,key_18,space,36573.4,36643.1,69.7,False,0
session_004,candidate_05,pangram,key_27,alphanum,36967.7,37075.1,107.4,False,0
session_004,candidate_05,pangram,key_27,alphanum,37089,37139.6,50.6,False,0
session_004,candidate_05,pangram,key_23,alphanum,37150.3,37269.5,119.2,False,0
session_004,candidate_05,pangram,key_16,alphanum,37367.9,37573.5,205.6,False,0
session_004,candidate_05,pangram,key_13,backspace,37681.4,37771.6,90.2,False,0
session_004,candidate_05,pangram,key_13,backspace,37854.4,37931.3,76.9,False,0
session_004,candidate_05,pangram,key_13,backspace,38005.5,38090.9,85.4,False,0
session_004,candidate_05,pangram,key_23,alphanum,38210.2,38311.5,101.3,False,0
session_004,candidate_05,pangram,key_16,alphanum,38332.9,38612.2,279.3,False,0
session_004,candidate_05,pangram,key_17,alphanum,38953,39078.1,125.1,False,0
session_004,candidate_05,pangram,key_01,alphanum,39457.3,39576.1,118.8,False,0
session_004,candidate_05,pangram,key_13,backspace,39679.2,39728.6,49.4,False,0
session_004,candidate_05,pangram,key_13,backspace,39909.4,40004.6,95.2,False,0
session_004,candidate_05,pangram,key_01,alphanum,40013.4,40096.5,83.1,False,0
session_004,candidate_05,pangram,key_17,alphanum,40199.8,40324.7,124.9,False,0
session_004,candidate_05,pangram,key_16,alphanum,40543.7,40743.5,199.8,False,0
session_004,candidate_05,pangram,key_13,backspace,41072.3,41197,124.7,False,0
session_004,candidate_05,pangram,key_26,alphanum,41205.1,41354.6,149.5,False,0
session_004,candidate_05,pangram,key_18,space,41324,41400.7,76.7,False,0
session_004,candidate_05,pangram,key_29,alphanum,41542.2,41719.6,177.4,False,0
session_004,candidate_05,pangram,key_23,alphanum,41735.6,41875.1,139.5,False,0
session_004,candidate_05,pangram,key_28,alphanum,41995.2,42134.6,139.4,False,0
session_004,candidate_05,pangram,key_11,alphanum,42292.9,42414.9,122,False,0
session_004,candidate_05,pangram,key_06,alphanum,42363.6,42508.7,145.1,False,0
session_004,candidate_05,pangram,key_18,space,42620.2,42736.9,116.7,False,0
session_004,candidate_05,pangram,key_20,alphanum,42843.6,42948.3,104.7,False,0
session_004,candidate_05,pangram,key_19,alphanum,43062.7,43195.6,132.9,False,0
session_004,candidate_05,pangram,key_18,space,43242.1,43327.9,85.8,False,0
session_004,candidate_05,pangram,key_25,alphanum,43534.2,43698.2,164,False,0
session_004,candidate_05,pangram,key_24,alphanum,43631.8,43687.2,55.4,False,0
session_004,candidate_05,pangram,key_06,alphanum,44014.7,44231.9,217.2,False,0
session_004,candidate_05,pangram,key_10,alphanum,44126.3,44278.9,152.6,False,0
session_004,candidate_05,pangram,key_13,backspace,44559.1,44653.3,94.2,False,0
session_004,candidate_05,pangram,key_15,alphanum,44875.1,44966.3,91.2,False,0
session_004,candidate_05,pangram,key_13,backspace,45147.8,45231.1,83.3,False,0
session_004,candidate_05,pangram,key_17,alphanum,45241.7,45397.8,156.1,False,0
session_004,candidate_05,pangram,key_15,alphanum,45356.2,45431,74.8,False,0
session_004,candidate_05,pangram,key_06,alphanum,45445.1,45585.9,140.8,False,0
session_004,candidate_05,pangram,key_18,space,45567.6,45673.2,105.6,False,0
session_004,candidate_05,pangram,key_27,alphanum,46019.5,46128.8,109.3,False,0
session_004,candidate_05,pangram,key_23,alphanum,46211.6,46305.6,94,False,0
session_004,candidate_05,pangram,key_22,alphanum,46403.9,46527.4,123.5,False,0
session_004,candidate_05,pangram,key_02,alphanum,46490.6,46669.4,178.8,False,0
session_004,candidate_05,pangram,key_08,alphanum,46656,46773.5,117.5,False,0
session_004,candidate_05,pangram,key_18,space,46819.1,46932.1,113,False,0
session_004,candidate_05,pangram,key_12,alphanum,47122,47200,78,False,0
session_004,candidate_05,pangram,key_01,alphanum,47223.6,47416.1,192.5,False,0
session_004,candidate_05,pangram,key_24,alphanum,47423.5,47520.3,96.8,False,0
session_004,candidate_05,pangram,key_10,alphanum,47592,47732.4,140.4,False,0
session_004,candidate_05,pangram,key_03,alphanum,47703.4,47799.8,96.4,False,0
session_004,candidate_05,pangram,key_18,space,48000.4,48096.1,95.7,False,0
session_004,candidate_05,pangram,key_14,alphanum,48500.2,48625.7,125.5,False,0
session_004,candidate_05,pangram,key_24,alphanum,48742.6,48854,111.4,False,0
session_004,candidate_05,pangram,key_05,alphanum,48887.3,49087.4,200.1,False,0
session_004,candidate_05,pangram,key_18,space,49108.3,49191.4,83.1,False,0
session_004,candidate_05,pangram,key_29,alphanum,49337.9,49521.7,183.8,False,0
session_004,candidate_05,pangram,key_23,alphanum,49530.5,49653.7,123.2,False,0
session_004,candidate_05,pangram,key_20,alphanum,49736.4,49877.8,141.4,False,0
session_004,candidate_05,pangram,key_09,alphanum,49847,49953,106,False,0
session_004,candidate_05,pangram,key_07,alphanum,50017.4,50181.4,164,False,0
session_004,candidate_05,pangram,key_18,space,50122.3,50232.6,110.3,False,0
session_004,candidate_05,pangram,key_24,alphanum,50465.4,50589,123.6,False,0
session_004,candidate_05,pangram,key_25,alphanum,50609.4,50818,208.6,False,0
session_004,candidate_05,pangram,key_06,alphanum,50735.3,50916,180.7,False,0
session_004,candidate_05,pangram,key_18,space,50957.6,51103.3,145.7,False,0
session_004,candidate_05,pangram,key_01,alphanum,51084.8,51206,121.2,False,0
session_004,candidate_05,pangram,key_18,space,51261.5,51332.9,71.4,False,0
session_004,candidate_05,pangram,key_13,backspace,51551.9,51641.5,89.6,False,0
session_004,candidate_05,pangram,key_13,backspace,51713.6,51792.6,79,False,0
session_004,candidate_05,pangram,key_13,backspace,51880.2,51957.9,77.7,False,0
session_004,candidate_05,pangram,key_01,alphanum,51973.5,52102,128.5,False,0
session_004,candidate_05,pangram,key_18,space,52154.4,52226.3,71.9,False,0
session_004,candidate_05,pangram,key_17,alphanum,52252.6,52380.3,127.7,False,0
session_004,candidate_05,pangram,key_15,alphanum,52397.9,52510.9,113,False,0
session_004,candidate_05,pangram,key_06,alphanum,52626.4,52783,156.6,False,0
session_004,candidate_05,pangram,key_18,space,52808.6,52902.8,94.2,False,0
session_004,candidate_05,pangram,key_30,alphanum,53015.7,53121.5,105.8,False,0
session_004,candidate_05,pangram,key_16,alphanum,53097.7,53512.6,414.9,False,0
session_004,candidate_05,pangram,key_26,alphanum,53630.4,53850.7,220.3,False,0
session_004,candidate_05,pangram,key_19,alphanum,53800.4,53952.7,152.3,False,0
session_004,candidate_05,pangram,key_18,space,54009.8,54125.8,116,False,0
session_004,candidate_05,pangram,key_28,alphanum,54213.3,54349.3,136,False,0
session_004,candidate_05,pangram,key_24,alphanum,54358.4,54452.4,94,False,0
session_004,candidate_05,pangram,key_14,alphanum,54494,54663.8,169.8,False,0
session_004,candidate_05,pangram,key_13,backspace,54977.4,55029.7,52.3,False,0
session_004,candidate_05,pangram,key_24,alphanum,55357.9,55470.1,112.2,False,0
session_004,candidate_05,pangram,key_16,alphanum,55477.8,55649.2,171.4,False,0
session_004,candidate_05,pangram,key_02,alphanum,55612.3,55730.7,118.4,False,0
session_004,candidate_05,pangram,key_13,backspace,55909.7,55990.6,80.9,False,0
session_004,candidate_05,pangram,key_13,backspace,56078.8,56157.6,78.8,False,0
session_004,candidate_05,pangram,key_13,backspace,56244,56343.5,99.5,False,0
session_004,candidate_05,pangram,key_16,alphanum,56574,56674.3,100.3,False,0
session_004,candidate_05,pangram,key_09,alphanum,56704.5,56765.2,60.7,False,0
session_004,candidate_05,pangram,key_13,backspace,56956.6,57034.7,78.1,False,0
session_004,candidate_05,pangram,key_13,backspace,57121.4,57204.3,82.9,False,0
session_004,candidate_05,pangram,key_09,alphanum,57287.6,57308.1,20.5,False,0
session_004,candidate_05,pangram,key_16,alphanum,57506.4,57669.7,163.3,False,0
session_004,candidate_05,pangram,key_02,alphanum,57575.4,57748.1,172.7,False,0
session_004,candidate_05,pangram,key_08,alphanum,57971.5,58100.2,128.7,False,0
session_004,candidate_05,pangram,key_18,space,58232.7,58317.8,85.1,False,0
session_004,candidate_05,pangram,key_20,alphanum,58419.8,58515.1,95.3,False,0
session_004,candidate_05,pangram,key_19,alphanum,58650.1,58767.5,117.4,False,0
session_004,candidate_05,pangram,key_18,space,58799.2,58903.4,104.2,False,0
session_004,candidate_05,pangram,key_12,alphanum,58971.8,59128.1,156.3,False,0
session_004,candidate_05,pangram,key_24,alphanum,59115.8,59227.5,111.7,False,0
session_004,candidate_05,pangram,key_05,alphanum,59252.5,59439.8,187.3,False,0
session_004,candidate_05,pangram,key_18,space,59425,59506.6,81.6,False,0
session_004,candidate_05,pangram,key_10,alphanum,59565.4,59699.1,133.7,False,0
session_004,candidate_05,pangram,key_22,alphanum,59666.7,59785.9,119.2,False,0
session_004,candidate_05,pangram,key_17,alphanum,59847.2,59977.5,130.3,False,0
session_004,candidate_05,pangram,key_15,alphanum,59890.4,59994.9,104.5,False,0
session_004,candidate_05,pangram,key_18,space,60119.3,60205.7,86.4,False,0
session_004,candidate_05,pangram,key_14,alphanum,60340.9,60511.3,170.4,False,0
session_004,candidate_05,pangram,key_25,alphanum,60658.5,60838.8,180.3,False,0
session_004,candidate_05,pangram,key_06,alphanum,60716.4,60903.8,187.4,False,0
session_004,candidate_05,pangram,key_18,space,61017.2,61089.2,72,False,0
session_004,candidate_05,pangram,key_13,backspace,61401.5,61467.2,65.7,False,0
session_004,candidate_05,pangram,key_13,backspace,61774.2,61897,122.8,False,0
session_004,candidate_05,pangram,key_13,backspace,62123,62186.3,63.3,False,0
session_004,candidate_05,pangram,key_22,alphanum,62315.3,62412.7,97.4,False,0
session_004,candidate_05,pangram,key_25,alphanum,62451.7,62592.7,141,False,0
session_004,candidate_05,pangram,key_06,alphanum,62481.8,62658.6,176.8,False,0
session_004,candidate_05,pangram,key_18,space,62627.4,62729.5,102.1,False,0
session_004,candidate_05,pangram,key_14,alphanum,62885.6,63020,134.4,False,0
session_004,candidate_05,pangram,key_13,backspace,63220.2,63319.3,99.1,False,0
session_004,candidate_05,pangram,key_28,alphanum,63349.5,63491.6,142.1,False,0
session_004,candidate_05,pangram,key_24,alphanum,63442,63565.7,123.7,False,0
session_004,candidate_05,pangram,key_26,alphanum,63738.3,63957.4,219.1,False,0
session_004,candidate_05,pangram,key_06,alphanum,63886.5,64060.9,174.4,False,0
session_004,candidate_05,pangram,key_03,alphanum,64047.8,64129.7,81.9,False,0
session_004,candidate_05,pangram,key_18,space,64216.5,64310.9,94.4,False,0
session_004,candidate_05,pangram,key_30,alphanum,64407.7,64504.7,97,False,0
session_004,candidate_05,pangram,key_22,alphanum,64586.8,64701.2,114.4,False,0
session_004,candidate_05,pangram,key_27,alphanum,64752.5,64896.5,144,False,0
session_004,candidate_05,pangram,key_23,alphanum,65719.6,65819.2,99.6,False,0
session_004,candidate_05,pangram,key_24,alphanum,65929.4,66050.5,121.1,False,0
session_004,candidate_05,pangram,key_01,alphanum,66053.7,66160.8,107.1,False,0
session_004,candidate_05,pangram,key_18,space,66175.9,66269.2,93.3,False,0
session_004,candidate_05,pangram,key_29,alphanum,66384,66631.7,247.7,False,0
session_004,candidate_05,pangram,key_23,alphanum,66662.3,66792.3,130,False,0
session_004,candidate_05,pangram,key_11,alphanum,66859.8,67056,196.2,False,0
session_004,candidate_05,pangram,key_07,alphanum,66953.6,67167.6,214,False,0
session_004,candidate_05,pangram,key_18,space,67290.6,67330.8,40.2,False,0
session_004,candidate_05,pangram,key_04,symbol,67676.2,67783.7,107.5,False,0
session_004,candidate_05,pangram,key_13,backspace,67939.7,68035.1,95.4,False,0
session_004,candidate_05,pangram,key_13,backspace,68108.2,68174.5,66.3,False,0
session_004,candidate_05,pangram,key_13,backspace,68212.6,68262.9,50.3,False,0
session_004,candidate_05,pangram,key_15,alphanum,68358.6,68491.5,132.9,False,0
session_004,candidate_05,pangram,key_24,alphanum,68479.9,68614.3,134.4,False,0
session_004,candidate_05,pangram,key_10,alphanum,68623.1,68790.7,167.6,False,0
session_004,candidate_05,pangram,key_18,space,68756.1,68831.1,75,False,0
session_004,candidate_05,pangram,key_02,alphanum,69050.9,69127.1,76.2,False,0
session_004,candidate_05,pangram,key_13,backspace,69285.9,69387,101.1,False,0
session_004,candidate_05,pangram,key_25,alphanum,69391,69517.1,126.1,False,0
session_004,candidate_05,pangram,key_06,alphanum,69433.6,69689.6,256,False,0
session_004,candidate_05,pangram,key_02,alphanum,69608.9,69730.2,121.3,False,0
session_004,candidate_05,pangram,key_22,alphanum,69740.2,69901.2,161,False,0
session_004,candidate_05,pangram,key_03,alphanum,69843.1,69981.6,138.5,False,0
session_004,candidate_05,pangram,key_11,alphanum,70059,70196.7,137.7,False,0
session_004,candidate_05,pangram,key_30,alphanum,70221.6,70336.4,114.8,False,0
session_004,candidate_05,pangram,key_19,alphanum,70489,70602.8,113.8,False,0
session_004,candidate_05,pangram,key_18,space,70648.1,70748.3,100.2,False,0
session_004,candidate_05,pangram,key_27,alphanum,71121.4,71318.7,197.3,False,0
session_004,candidate_05,pangram,key_23,alphanum,71273.1,71410.7,137.6,False,0
session_004,candidate_05,pangram,key_22,alphanum,71489.2,71620.8,131.6,False,0
session_004,candidate_05,pangram,key_02,alphanum,71624.7,71744.2,119.5,False,0
session_004,candidate_05,pangram,key_08,alphanum,71778.5,71877.1,98.6,False,0
session_004,candidate_05,pangram,key_18,space,71979.9,72081.2,101.3,False,0
session_004,candidate_05,pangram,key_28,alphanum,72228.7,72452.4,223.7,False,0
session_004,candidate_05,pangram,key_16,alphanum,72431.4,72642.8,211.4,False,0
session_004,candidate_05,pangram,key_14,alphanum,72590.2,72717.3,127.1,False,0
session_004,candidate_05,pangram,key_17,alphanum,72819.9,72936.9,117,False,0
session_004,candidate_05,pangram,key_18,space,72953.4,73051.5,98.1,False,0
session_004,candidate_05,pangram,key_26,alphanum,73121.2,73403.2,282,False,0
session_004,candidate_05,pangram,key_06,alphanum,73349.3,73546.8,197.5,False,0
session_004,candidate_05,pangram,key_12,alphanum,73556.3,73664.2,107.9,False,0
session_004,candidate_05,pangram,key_01,alphanum,73754.2,73880.8,126.6,False,0
session_004,candidate_05,pangram,key_16,alphanum,73829.2,73986.6,157.4,False,0
session_004,candidate_05,pangram,key_07,alphanum,74242.9,74445.3,202.4,False,0
session_004,candidate_05,pangram,key_18,space,74484.6,74550.4,65.8,False,0
session_004,candidate_05,pangram,key_29,alphanum,74713.5,74872.6,159.1,False,0
session_004,candidate_05,pangram,key_23,alphanum,74867.8,74988.5,120.7,False,0
session_004,candidate_05,pangram,key_20,alphanum,75063.7,75188.6,124.9,False,0
session_004,candidate_05,pangram,key_09,alphanum,75163.7,75275.6,111.9,False,0
session_004,candidate_05,pangram,key_18,space,75409.6,75462.7,53.1,False,0
session_004,candidate_05,pangram,key_13,backspace,75740.8,75849.4,108.6,False,0
session_004,candidate_05,pangram,key_17,alphanum,75894.6,76014.4,119.8,False,0
session_004,candidate_05,pangram,key_15,alphanum,75966.5,76069.3,102.8,False,0
session_004,candidate_05,pangram,key_06,alphanum,76105.7,76233.5,127.8,False,0
session_004,candidate_05,pangram,key_18,space,76202.5,76273.4,70.9,False,0
session_004,candidate_05,pangram,key_14,alphanum,76397.9,76532.6,134.7,False,0
session_004,candidate_05,pangram,key_22,alphanum,76558.4,76703.4,145,False,0
session_004,candidate_05,pangram,key_25,alphanum,76688.4,76841.9,153.5,False,0
session_004,candidate_05,pangram,key_06,alphanum,76741.3,76928.4,187.1,False,0
session_004,candidate_05,pangram,key_18,space,76937.3,77011.4,74.1,False,0
session_004,candidate_05,pangram,key_12,alphanum,77198.3,77260.8,62.5,False,0
session_004,candidate_05,pangram,key_24,alphanum,77302.2,77389.6,87.4,False,0
session_004,candidate_05,pangram,key_01,alphanum,77460.4,77567.9,107.5,False,0
session_004,candidate_05,pangram,key_13,backspace,77806.3,77939.6,133.3,False,0
session_004,candidate_05,pangram,key_05,alphanum,77984.9,78133.3,148.4,False,0
session_004,candidate_05,pangram,key_22,alphanum,78164.4,78313.6,149.2,False,0
session_004,candidate_05,pangram,key_03,alphanum,78271.3,78388.9,117.6,False,0
session_004,candidate_05,pangram,key_11,alphanum,78334,78442.4,108.4,False,0
session_004,candidate_05,pangram,key_18,space,78827,78897.5,70.5,False,0
session_004,candidate_05,pangram,key_10,alphanum,79098.6,79247.6,149,False,0
session_004,candidate_05,pangram,key_22,alphanum,80017.7,80122.4,104.7,False,0
session_004,candidate_05,pangram,key_26,alphanum,80408,80563.7,155.7,False,0
session_004,candidate_05,pangram,key_16,alphanum,80711.6,80962,250.4,False,0
session_004,candidate_05,pangram,key_01,alphanum,80901.6,81060.9,159.3,False,0
session_004,candidate_05,pangram,key_28,alphanum,81147.3,81312.2,164.9,False,0
session_004,candidate_05,pangram,key_07,alphanum,81225.1,81415.3,190.2,False,0
session_004,candidate_05,pangram,key_29,alphanum,81691.7,81888.2,196.5,False,0
session_004,candidate_05,pangram,key_23,alphanum,81997.4,82050.7,53.3,False,0
session_004,candidate_05,pangram,key_23,alphanum,82060,82167.7,107.7,False,0
session_004,candidate_05,pangram,key_09,alphanum,82379.2,82423.8,44.6,False,0
session_004,candidate_05,pangram,key_13,backspace,82619.7,82716.6,96.9,False,0
session_004,candidate_05,pangram,key_13,backspace,82788.4,82888.1,99.7,False,0
session_004,candidate_05,pangram,key_13,backspace,82974,83092.8,118.8,False,0
session_004,candidate_05,pangram,key_29,alphanum,83303.9,83358.2,54.3,False,0
session_004,candidate_05,pangram,key_23,alphanum,83566.8,83668.1,101.3,False,0
session_004,candidate_05,pangram,key_20,alphanum,83778,83889.8,111.8,False,0
session_004,candidate_05,pangram,key_09,alphanum,83916.2,84049.7,133.5,False,0
session_004,candidate_05,pangram,key_18,space,84149.4,84226.6,77.2,False,0
session_004,candidate_05,pangram,key_27,alphanum,84313.9,84472.2,158.3,False,0
session_004,candidate_05,pangram,key_22,alphanum,84673.2,84747.4,74.2,False,0
session_004,candidate_05,pangram,key_13,backspace,85059.9,85159.1,99.2,False,0
session_004,candidate_05,pangram,key_23,alphanum,85267.5,85311.4,43.9,False,0
session_004,candidate_05,pangram,key_22,alphanum,85424.3,85524.8,100.5,False,0
session_004,candidate_05,pangram,key_02,alphanum,85600.7,85763.3,162.6,False,0
session_004,candidate_05,pangram,key_08,alphanum,85745.3,85824.8,79.5,False,0
session_004,candidate_05,pangram,key_30,alphanum,85980.4,86091.5,111.1,False,0
session_004,candidate_05,pangram,key_19,alphanum,86258.5,86372.7,114.2,False,0
session_004,candidate_05,pangram,key_18,space,86462.9,86542.6,79.7,False,0
session_004,candidate_05,pangram,key_13,backspace,86797.5,86922.1,124.6,False,0
session_004,candidate_05,pangram,key_07,alphanum,86943.3,87052.5,109.2,False,0
session_004,candidate_05,pangram,key_09,alphanum,87197.4,87343.6,146.2,False,0
session_004,candidate_05,pangram,key_22,alphanum,87461.7,87629.9,168.2,False,0
session_004,candidate_05,pangram,key_15,alphanum,87484.3,87640.4,156.1,False,0
session_004,candidate_05,pangram,key_13,backspace,87872.1,87974,101.9,False,0
session_004,candidate_05,pangram,key_13,backspace,88065.3,88137.6,72.3,False,0
session_004,candidate_05,pangram,key_15,alphanum,88421.3,88552.7,131.4,False,0
session_004,candidate_05,pangram,key_22,alphanum,88528.5,88698.7,170.2,False,0
session_004,candidate_05,pangram,key_03,alphanum,88661.6,88773.2,111.6,False,0
session_004,candidate_05,pangram,key_05,alphanum,88820.6,89017.6,197,False,0
session_004,candidate_05,pangram,key_18,space,89005.5,,,False,0
session_004,candidate_05,free,key_08,alphanum,116717,116828,110.6,False,0
session_004,candidate_05,free,key_06,alphanum,116868,117037,168.9,False,0
session_004,candidate_05,free,key_15,alphanum,116993,117087,94.5,False,0
session_004,candidate_05,free,key_17,alphanum,117270,117441,170.8,False,0
session_004,candidate_05,free,key_06,alphanum,117411,117531,120.1,False,0
session_004,candidate_05,free,key_18,space,117506,117617,110.1,False,0
session_004,candidate_05,free,key_15,alphanum,117662,117745,82.9,False,0
session_004,candidate_05,free,key_16,alphanum,117755,117913,158,False,0
session_004,candidate_05,free,key_22,alphanum,117873,118041,168.1,False,0
session_004,candidate_05,free,key_03,alphanum,118004,118139,134.2,False,0
session_004,candidate_05,free,key_18,space,118215,118273,57.9,False,0
session_004,candidate_05,free,key_16,alphanum,118311,118488,176.7,False,0
session_004,candidate_05,free,key_11,alphanum,118452,118608,156.2,False,0
session_004,candidate_05,free,key_16,alphanum,118589,118826,236.3,False,0
session_004,candidate_05,free,key_01,alphanum,118752,118917,164.6,False,0
session_004,candidate_05,free,key_18,space,118858,118955,96.4,False,0
session_004,candidate_05,free,key_08,alphanum,119050,119127,77,False,0
session_004,candidate_05,free,key_22,alphanum,119224,119315,91.1,False,0
session_004,candidate_05,free,key_07,alphanum,119318,119546,228.6,False,0
session_004,candidate_05,free,key_22,alphanum,119427,119519,92.5,False,0
session_004,candidate_05,free,key_18,space,119633,119712,78.4,False,0
session_004,candidate_05,free,key_25,alphanum,119976,120116,140.3,False,0
session_004,candidate_05,free,key_15,alphanum,120061,120151,89.9,False,0
session_004,candidate_05,free,key_06,alphanum,120288,120411,122.8,False,0
session_004,candidate_05,free,key_06,alphanum,120492,120606,113.1,False,0
session_004,candidate_05,free,key_26,alphanum,120690,120919,228.5,False,0
session_004,candidate_05,free,key_18,space,120934,121005,71.2,False,0
session_004,candidate_05,free,key_08,alphanum,121103,121197,94.2,False,0
session_004,candidate_05,free,key_24,alphanum,121290,121368,77.9,False,0
session_004,candidate_05,free,key_18,space,121446,121547,101,False,0
session_004,candidate_05,free,key_28,alphanum,121655,121790,134.7,False,0
session_004,candidate_05,free,key_22,alphanum,121755,121851,95.7,False,0
session_004,candidate_05,free,key_30,alphanum,121961,122050,88.9,False,0
session_004,candidate_05,free,key_18,space,122127,122205,78.5,False,0
session_004,candidate_05,free,key_07,alphanum,122284,122438,153.9,False,0
session_004,candidate_05,free,key_06,alphanum,122376,122509,132.9,False,0
session_004,candidate_05,free,key_18,space,122449,122520,71,False,0
session_004,candidate_05,free,key_02,alphanum,122632,122801,168.6,False,0
session_004,candidate_05,free,key_15,alphanum,122708,122816,108.9,False,0
session_004,candidate_05,free,key_16,alphanum,122906,123055,148.7,False,0
session_004,candidate_05,free,key_15,alphanum,123065,123204,139.6,False,0
session_004,candidate_05,free,key_24,alphanum,123173,123301,128.5,False,0
session_004,candidate_05,free,key_18,space,123439,123487,48,False,0
session_004,candidate_05,free,key_17,alphanum,123686,123751,65.7,False,0
session_004,candidate_05,free,key_24,alphanum,123767,123891,124.3,False,0
session_004,candidate_05,free,key_15,alphanum,123926,124004,78.7,False,0
session_004,candidate_05,free,key_18,space,124121,124208,87.5,False,0
session_004,candidate_05,free,key_09,alphanum,124307,124389,82.7,False,0
session_004,candidate_05,free,key_24,alphanum,124478,124554,75.7,False,0
session_004,candidate_05,free,key_24,alphanum,124632,124726,94.5,False,0
session_004,candidate_05,free,key_01,alphanum,124854,124981,126.5,False,0
session_004,candidate_05,free,key_22,alphanum,124997,125099,101.8,False,0
session_004,candidate_05,free,key_18,space,125243,125348,105,False,0
session_004,candidate_05,free,key_08,alphanum,125920,126067,147,False,0
session_004,candidate_05,free,key_16,alphanum,126518,126635,117.1,False,0
session_004,candidate_05,free,key_23,alphanum,126660,126775,115.1,False,0
session_004,candidate_05,free,key_06,alphanum,126816,126939,123.2,False,0
session_004,candidate_05,free,key_13,backspace,127080,127161,80.4,False,0
session_004,candidate_05,free,key_13,backspace,127236,127331,94.2,False,0
session_004,candidate_05,free,key_19,alphanum,127760,127850,90.5,False,0
session_004,candidate_05,free,key_06,alphanum,127882,128026,143.3,False,0
session_004,candidate_05,free,key_03,alphanum,128014,128133,119.4,False,0
session_004,candidate_05,free,key_16,alphanum,128165,128340,175.4,False,0
session_004,candidate_05,free,key_16,alphanum,128494,128686,191.9,False,0
session_004,candidate_05,free,key_17,alphanum,128707,128843,136.1,False,0
session_004,candidate_05,free,key_18,space,128822,128896,73.5,False,0
session_004,candidate_05,free,key_07,alphanum,129163,129245,82.6,False,0
session_004,candidate_05,free,key_13,backspace,129507,129619,112.8,False,0
session_004,candidate_05,free,key_23,alphanum,129634,129778,144.8,False,0
session_004,candidate_05,free,key_07,alphanum,129794,129888,93.5,False,0
session_004,candidate_05,free,key_07,alphanum,129976,130179,203.6,False,0
session_004,candidate_05,free,key_06,alphanum,130103,130277,174,False,0
session_004,candidate_05,free,key_18,space,130258,130316,57.8,False,0
session_004,candidate_05,free,key_17,alphanum,130499,130625,125.5,False,0
session_004,candidate_05,free,key_23,alphanum,130685,130797,112.1,False,0
session_004,candidate_05,free,key_20,alphanum,130943,131021,78,False,0
session_004,candidate_05,free,key_07,alphanum,131230,131502,272.6,False,0
session_004,candidate_05,free,key_06,alphanum,131365,131538,172.4,False,0
session_004,candidate_05,free,key_18,space,131518,131579,61.4,False,0
session_004,candidate_05,free,key_20,alphanum,131703,131817,113.8,False,0
session_004,candidate_05,free,key_22,alphanum,131848,131954,106.6,False,0
session_004,candidate_05,free,key_30,alphanum,132174,132306,131.2,False,0
session_004,candidate_05,free,key_16,alphanum,132369,132552,183.7,False,0
session_004,candidate_05,free,key_03,alphanum,132501,132624,123.2,False,0
session_004,candidate_05,free,key_02,alphanum,132695,132896,201.9,False,0
session_004,candidate_05,free,key_06,alphanum,132764,132943,179,False,0
session_004,candidate_05,free,key_18,space,132959,133048,89.8,False,0
session_004,candidate_05,free,key_13,backspace,133271,133373,101.3,False,0
session_004,candidate_05,free,key_13,backspace,133444,133516,71,False,0
session_004,candidate_05,free,key_13,backspace,133596,133670,73.1,False,0
session_004,candidate_05,free,key_06,alphanum,133694,133820,126,False,0
session_004,candidate_05,free,key_18,space,133835,133884,49.4,False,0
session_004,candidate_05,free,key_20,alphanum,133996,134082,85.8,False,0
session_004,candidate_05,free,key_13,backspace,134316,134398,81.6,False,0
session_004,candidate_05,free,key_08,alphanum,134459,134581,122.3,False,0
session_004,candidate_05,free,key_22,alphanum,134677,134769,92.8,False,0
session_004,candidate_05,free,key_18,space,134877,134955,77.5,False,0
session_004,candidate_05,free,key_08,alphanum,135109,135250,141.9,False,0
session_004,candidate_05,free,key_24,alphanum,135283,135396,113.2,False,0
session_004,candidate_05,free,key_07,alphanum,135442,135606,163.7,False,0
session_004,candidate_05,free,key_15,alphanum,135555,135721,165.6,False,0
session_004,candidate_05,free,key_22,alphanum,135663,135761,97.4,False,0
session_004,candidate_05,free,key_07,alphanum,135833,136015,181.9,False,0
session_004,candidate_05,free,key_15,alphanum,135861,135952,91.2,False,0
session_004,candidate_05,free,key_18,space,136120,136202,82.1,False,0
session_004,candidate_05,free,key_20,alphanum,136334,136442,107.8,False,0
session_004,candidate_05,free,key_06,alphanum,136473,136619,145.4,False,0
session_004,candidate_05,free,key_22,alphanum,136590,136722,132.3,False,0
session_004,candidate_05,free,key_03,alphanum,136640,136783,143.7,False,0
session_004,candidate_05,free,key_18,space,136835,136916,81.5,False,0
session_004,candidate_05,free,key_30,alphanum,137023,137113,89.7,False,0
session_004,candidate_05,free,key_16,alphanum,137076,137264,188.1,False,0
session_004,candidate_05,free,key_11,alphanum,137220,137311,91,False,0
session_004,candidate_05,free,key_18,space,137333,137418,85.4,False,0
session_004,candidate_05,free,key_29,alphanum,137470,137576,106.1,False,0
session_004,candidate_05,free,key_16,alphanum,137585,137693,107.4,False,0
session_004,candidate_05,free,key_16,alphanum,137780,137928,148.2,False,0
session_004,candidate_05,free,key_17,alphanum,137984,138121,136.2,False,0
session_004,candidate_05,free,key_22,alphanum,138124,138236,112,False,0
session_004,candidate_05,free,key_18,space,138256,138374,117.6,False,0
session_004,candidate_05,free,key_15,alphanum,138454,138540,86.1,False,0
session_004,candidate_05,free,key_16,alphanum,138561,138696,135.1,False,0
session_004,candidate_05,free,key_22,alphanum,138668,138769,100.5,False,0
session_004,candidate_05,free,key_18,space,138823,138899,75.9,False,0
session_004,candidate_05,free,key_16,alphanum,138919,139062,142.5,False,0
session_004,candidate_05,free,key_16,alphanum,139251,139369,117.7,False,0
session_004,candidate_05,free,key_29,alphanum,139432,139529,96.7,False,0
session_004,candidate_05,free,key_18,space,139633,139693,60.1,False,0
session_004,candidate_05,free,key_16,alphanum,139747,139866,118.4,False,0
session_004,candidate_05,free,key_16,alphanum,139956,140067,111.6,False,0
session_004,candidate_05,free,key_09,alphanum,140077,140192,114.3,False,0
session_004,candidate_05,free,key_18,space,140309,140385,76.4,False,0
session_004,candidate_05,free,key_07,alphanum,140585,140674,89,False,0
session_004,candidate_05,free,key_16,alphanum,140761,140879,118.2,False,0
session_004,candidate_05,free,key_12,alphanum,140907,140973,66.7,False,0
session_004,candidate_05,free,key_03,alphanum,141128,141246,118.8,False,0
session_004,candidate_05,free,key_06,alphanum,141344,141455,110.7,False,0
session_004,candidate_05,free,key_18,space,141647,141768,120.4,False,0
session_004,candidate_05,free,key_20,alphanum,141894,141988,93.4,False,0
session_004,candidate_05,free,key_23,alphanum,142086,142212,126.7,False,0
session_004,candidate_05,free,key_29,alphanum,142255,142467,212.7,False,0
session_004,candidate_05,free,key_15,alphanum,142376,142518,142.7,False,0
session_004,candidate_05,free,key_06,alphanum,142559,142705,146.7,False,0
session_004,candidate_05,free,key_18,space,142697,142771,73.8,False,0
session_004,candidate_05,free,key_20,alphanum,142922,143005,82.8,False,0
session_004,candidate_05,free,key_06,alphanum,143013,143190,177.1,False,0
session_004,candidate_05,free,key_01,alphanum,143126,143252,125.9,False,0
session_004,candidate_05,free,key_22,alphanum,143230,143366,136.6,False,0
session_004,candidate_05,free,key_18,space,143413,143550,137.2,False,0
session_004,candidate_05,free,key_02,alphanum,143682,143837,155,False,0
session_004,candidate_05,free,key_15,alphanum,143813,143902,89.3,False,0
session_004,candidate_05,free,key_16,alphanum,143949,144117,168,False,0
session_004,candidate_05,free,key_15,alphanum,144008,144128,119.4,False,0
session_004,candidate_05,free,key_15,alphanum,144205,144358,153,False,0
session_004,candidate_05,free,key_27,alphanum,144383,144537,154,False,0
session_004,candidate_05,free,key_13,backspace,144778,144850,71.7,False,0
session_004,candidate_05,free,key_13,backspace,144924,145020,96.2,False,0
session_004,candidate_05,free,key_16,alphanum,145002,145224,221.7,False,0
session_004,candidate_05,free,key_17,alphanum,145161,145275,114.6,False,0
session_004,candidate_05,free,key_18,space,145341,145416,75.6,False,0
session_004,candidate_05,free,key_07,alphanum,145713,145948,235.8,False,0
session_004,candidate_05,free,key_06,alphanum,145838,146016,178.1,False,0
session_004,candidate_05,free,key_18,space,145970,146033,63,False,0
session_004,candidate_05,free,key_20,alphanum,146142,146242,99.6,False,0
session_004,candidate_05,free,key_22,alphanum,146326,146448,121.9,False,0
session_004,candidate_05,free,key_30,alphanum,146531,146654,123,False,0
session_004,candidate_05,free,key_16,alphanum,146669,146838,168.2,False,0
session_004,candidate_05,free,key_18,space,146800,146849,49.3,False,0
session_004,candidate_05,free,key_28,alphanum,147066,147199,132.8,False,0
session_004,candidate_05,free,key_22,alphanum,147201,147303,102,False,0
session_004,candidate_05,free,key_16,alphanum,147540,147602,62,False,0
session_004,candidate_05,free,key_13,backspace,147860,147954,94.9,False,0
session_004,candidate_05,free,key_19,alphanum,148154,148273,118.5,False,0
session_004,candidate_05,free,key_16,alphanum,148304,148470,166.6,False,0
session_004,candidate_05,free,key_18,space,148450,148543,93.4,False,0
session_004,candidate_05,free,key_16,alphanum,148614,148766,151.6,False,0
session_004,candidate_05,free,key_23,alphanum,148774,148907,132.5,False,0
session_004,candidate_05,free,key_01,alphanum,148932,149058,125.2,False,0
session_004,candidate_05,free,key_18,space,149047,149121,74.1,False,0
session_004,candidate_05,free,key_16,alphanum,149210,,,False,0
session_004,candidate_05,free,key_16,alphanum,150635,150764,128.3,False,0
session_004,candidate_05,free,key_23,alphanum,150794,150941,146.9,False,0
session_004,candidate_05,free,key_16,alphanum,151657,151822,165.8,False,0
session_004,candidate_05,free,key_23,alphanum,152080,152212,132,False,0
session_004,candidate_05,free,key_01,alphanum,152248,152401,152.6,False,0
session_004,candidate_05,free,key_18,space,152473,152561,88.6,False,0
session_004,candidate_05,free,key_16,alphanum,152884,152991,106.6,False,0
session_004,candidate_05,free,key_16,alphanum,153066,153200,133.6,False,0
session_004,candidate_05,free,key_29,alphanum,153208,153328,120.2,False,0
session_004,candidate_05,free,key_18,space,153442,153519,77.4,False,0
session_004,candidate_05,free,key_22,alphanum,153627,153731,103.5,False,0
session_004,candidate_05,free,key_07,alphanum,153750,153882,132.2,False,0
session_004,candidate_05,free,key_18,space,153903,153971,67.3,False,0
session_004,candidate_05,free,key_12,alphanum,154360,154475,115,False,0
session_004,candidate_05,free,key_16,alphanum,154559,154635,75.6,False,0
session_004,candidate_05,free,key_16,alphanum,154773,155006,232.8,False,0
session_004,candidate_05,free,key_17,alphanum,154933,155071,137.9,False,0
session_004,candidate_05,free,key_18,space,155050,155131,81.4,False,0
session_004,candidate_05,free,key_08,alphanum,155249,155353,103.4,False,0
session_004,candidate_05,free,key_16,alphanum,155361,155536,175.5,False,0
session_004,candidate_05,free,key_18,space,155512,155583,71.2,False,0
session_004,candidate_05,free,key_12,alphanum,155757,155832,75.6,False,0
session_004,candidate_05,free,key_15,alphanum,155846,156036,189.9,False,0
session_004,candidate_05,free,key_22,alphanum,155999,156107,108.4,False,0
session_004,candidate_05,free,key_18,space,156179,156293,114.4,False,0
session_004,candidate_05,free,key_19,alphanum,156885,156976,91.4,False,0
session_004,candidate_05,free,key_16,alphanum,157022,157161,138.6,False,0
session_004,candidate_05,free,key_27,alphanum,157613,157763,150.1,False,0
session_004,candidate_05,free,key_06,alphanum,157998,158088,89.3,False,0
session_004,candidate_05,free,key_06,alphanum,158202,158313,111,False,0
session_004,candidate_05,free,key_03,alphanum,158484,158558,74.6,False,0
session_004,candidate_05,free,key_18,space,158658,158745,86.4,False,0
session_004,candidate_05,free,key_15,alphanum,158881,159007,126.3,False,0
session_004,candidate_05,free,key_24,alphanum,158995,159107,111.5,False,0
session_004,candidate_05,free,key_18,space,159175,159278,103.3,False,0
session_004,candidate_05,free,key_11,alphanum,159551,159635,84,False,0
session_004,candidate_05,free,key_16,alphanum,159692,159834,141.5,False,0
session_004,candidate_05,free,key_19,alphanum,159815,159938,123.2,False,0
session_004,candidate_05,free,key_16,alphanum,159987,160128,140.8,False,0
session_004,candidate_05,free,key_18,space,160116,160194,78.9,False,0
session_004,candidate_05,free,key_08,alphanum,160618,160712,93.8,False,0
session_004,candidate_05,free,key_22,alphanum,160816,160898,81.5,False,0
session_004,candidate_05,free,key_18,space,160981,161052,71.5,False,0
session_004,candidate_05,free,key_15,alphanum,161265,161353,88.2,False,0
session_004,candidate_05,free,key_23,alphanum,161559,161697,137.7,False,0
session_004,candidate_05,free,key_20,alphanum,161784,161898,113.9,False,0
session_004,candidate_05,free,key_16,alphanum,161948,162159,210.4,False,0
session_004,candidate_05,free,key_01,alphanum,162058,162199,141.1,False,0
session_004,candidate_05,free,key_22,alphanum,162184,162284,99.2,False,0
session_004,candidate_05,free,key_18,space,162335,162448,113.1,False,0
session_004,candidate_05,free,key_14,alphanum,162572,162744,171.5,False,0
session_004,candidate_05,free,key_22,alphanum,162731,162855,123.9,False,0
session_004,candidate_05,free,key_30,alphanum,162928,163084,156.4,False,0
session_004,candidate_05,free,key_20,alphanum,163100,163247,147.2,False,0
session_004,candidate_05,free,key_24,alphanum,163272,163392,120.7,False,0
session_004,candidate_05,free,key_03,alphanum,163407,163477,70,False,0
session_004,candidate_05,free,key_18,space,163540,163681,141.1,False,0
session_004,candidate_05,free,key_08,alphanum,163773,163852,79.2,False,0
session_004,candidate_05,free,key_22,alphanum,163948,164048,99.6,False,0
session_004,candidate_05,free,key_18,space,164084,164172,87.8,False,0
session_004,candidate_05,free,key_16,alphanum,164460,164561,100.3,False,0
session_004,candidate_05,free,key_17,alphanum,164664,164748,84.4,False,0
session_004,candidate_05,free,key_13,backspace,164758,164844,85.9,False,0
session_004,candidate_05,free,key_13,backspace,164913,165009,95.7,False,0
session_004,candidate_05,free,key_17,alphanum,165017,165183,165.9,False,0
session_004,candidate_05,free,key_16,alphanum,165166,165340,174.5,False,0
session_004,candidate_05,free,key_01,alphanum,165320,165502,182.3,False,0
session_004,candidate_05,free,key_16,alphanum,165460,165621,161.5,False,0
session_004,candidate_05,free,key_15,alphanum,165666,165813,147,False,0
session_004,candidate_05,free,key_18,space,165946,166027,80.7,False,0
session_004,candidate_05,free,key_29,alphanum,166162,166337,175,False,0
session_004,candidate_05,free,key_13,backspace,166543,166638,94.7,False,0
session_004,candidate_05,free,key_15,alphanum,166746,166890,143.8,False,0
session_004,candidate_05,free,key_23,alphanum,166864,166981,117.7,False,0
session_004,candidate_05,free,key_20,alphanum,167088,167185,96.9,False,0
session_004,candidate_05,free,key_16,alphanum,167207,167425,218.3,False,0
session_004,candidate_05,free,key_01,alphanum,167382,167529,147,False,0
session_004,candidate_05,free,key_22,alphanum,167546,167667,121,False,0
session_004,candidate_05,free,key_18,space,167740,167823,83.9,False,0
session_004,candidate_05,free,key_26,alphanum,168167,168190,22.7,False,0
session_004,candidate_05,free,key_26,alphanum,168233,168387,153.5,False,0
session_004,candidate_05,free,key_22,alphanum,168398,168548,150.1,False,0
session_004,candidate_05,free,key_03,alphanum,168513,168626,112.8,False,0
session_004,candidate_05,free,key_13,backspace,168836,168902,66.8,False,0
session_004,candidate_05,free,key_13,backspace,168998,169091,93.7,False,0
session_004,candidate_05,free,key_13,backspace,169174,169234,60.7,False,0
session_004,candidate_05,free,key_03,alphanum,169449,169578,129.7,False,0
session_004,candidate_05,free,key_13,backspace,169774,169845,70.6,False,0
session_004,candidate_05,free,key_22,alphanum,169983,170115,132.5,False,0
session_004,candidate_05,free,key_03,alphanum,170071,170199,127.8,False,0
session_004,candidate_05,free,key_28,alphanum,170213,170378,164.3,False,0
session_004,candidate_05,free,key_16,alphanum,170323,170481,158.5,False,0
session_004,candidate_05,free,key_11,alphanum,170767,170867,100.6,False,0
session_004,candidate_05,free,key_22,alphanum,170880,170995,115.9,False,0
session_004,candidate_05,free,key_18,space,171098,171159,61.5,False,0
session_004,candidate_05,free,key_20,alphanum,171266,171353,87.3,False,0
session_004,candidate_05,free,key_06,alphanum,171388,171534,146,False,0
session_004,candidate_05,free,key_22,alphanum,171453,171596,143.8,False,0
session_004,candidate_05,free,key_03,alphanum,171519,171685,166.4,False,0
session_004,candidate_05,free,key_18,space,171707,171812,105.3,False,0
session_004,candidate_05,free,key_12,alphanum,171938,172004,66.1,False,0
session_004,candidate_05,free,key_15,alphanum,172008,172194,186.3,False,0
session_004,candidate_05,free,key_22,alphanum,172123,172250,127.4,False,0
session_004,candidate_05,free,key_18,space,172298,172430,131.5,False,0
session_004,candidate_05,free,key_06,alphanum,172791,172956,164.9,False,0
session_004,candidate_05,free,key_03,alphanum,172920,173020,99,False,0
session_004,candidate_05,free,key_28,alphanum,173060,173178,118.1,False,0
session_004,candidate_05,free,key_18,space,173155,173278,122.7,False,0
session_004,candidate_05,free,key_17,alphanum,173394,173532,138.1,False,0
session_004,candidate_05,free,key_16,alphanum,173573,173684,111.4,False,0
session_004,candidate_05,free,key_08,alphanum,173648,173762,113.3,False,0
session_004,candidate_05,free,key_18,space,173826,173940,114,False,0
session_004,candidate_05,free,key_07,alphanum,174228,174327,99.5,False,0
session_004,candidate_05,free,key_16,alphanum,174443,174579,136,False,0
session_004,candidate_05,free,key_12,alphanum,174565,174638,72.7,False,0
session_004,candidate_05,free,key_18,space,174856,174943,87.1,False,0
session_004,candidate_05,free,key_08,alphanum,175043,175131,87.9,False,0
session_004,candidate_05,free,key_23,alphanum,175229,175329,99.7,False,0
session_004,candidate_05,free,key_02,alphanum,175350,175554,203.8,False,0
session_004,candidate_05,free,key_15,alphanum,175436,175543,107.7,False,0
session_004,candidate_05,free,key_18,space,175619,175730,110.7,False,0
session_004,candidate_05,free,key_17,alphanum,175784,175899,115.9,False,0
session_004,candidate_05,free,key_15,alphanum,175887,175996,108.9,False,0
session_004,candidate_05,free,key_06,alphanum,176028,176094,65.8,False,0
session_004,candidate_05,free,key_06,alphanum,176168,176326,157.5,False,0
session_004,candidate_05,free,key_08,alphanum,176300,176420,119.5,False,0
session_004,candidate_05,free,key_18,space,176466,176565,98.6,False,0
session_004,candidate_05,free,key_15,alphanum,176689,176823,134.7,False,0
session_004,candidate_05,free,key_24,alphanum,176776,176886,109.2,False,0
session_004,candidate_05,free,key_18,space,176959,177068,109.2,False,0
session_004,candidate_05,free,key_29,alphanum,177209,177330,121.4,False,0
session_004,candidate_05,free,key_16,alphanum,177356,177451,94.9,False,0
session_004,candidate_05,free,key_16,alphanum,177563,177680,116.7,False,0
session_004,candidate_05,free,key_16,alphanum,177718,177769,51.5,False,0
session_004,candidate_05,free,key_17,alphanum,177789,177979,189.7,False,0
session_004,candidate_05,free,key_16,alphanum,177958,178140,181.8,False,0
session_004,candidate_05,free,key_18,space,178127,178219,91.8,False,0
session_004,candidate_05,free,key_15,alphanum,178298,,,False,0
session_004,candidate_05,free,key_17,alphanum,179707,179872,165.9,False,0
session_004,candidate_05,free,key_16,alphanum,179816,179980,164.5,False,0
session_004,candidate_05,free,key_18,space,180062,180163,101.2,False,0
session_004,candidate_05,free,key_29,alphanum,180246,180363,116.7,False,0
session_004,candidate_05,free,key_13,backspace,180611,180687,76.2,False,0
session_004,candidate_05,free,key_15,alphanum,180961,181059,98,False,0
session_004,candidate_05,free,key_16,alphanum,181121,181255,133.9,False,0
session_004,candidate_05,free,key_22,alphanum,181243,181368,124.4,False,0
session_004,candidate_05,free,key_04,symbol,181483,181568,85,False,0
session_004,candidate_05,free,key_18,space,181680,181766,86.7,False,0
session_004,candidate_05,free,key_15,alphanum,182030,182165,134.6,False,0
session_004,candidate_05,free,key_16,alphanum,182247,182381,133.9,False,0
session_004,candidate_05,free,key_09,alphanum,182460,182532,71.2,False,0
session_004,candidate_05,free,key_09,alphanum,182815,182896,81,False,0
session_004,candidate_05,free,key_19,alphanum,183141,183260,119.7,False,0
session_004,candidate_05,free,key_18,space,183352,183412,60.7,False,0
session_004,candidate_05,free,key_06,alphanum,183530,183667,137.2,False,0
session_004,candidate_05,free,key_03,alphanum,183648,183768,119.5,False,0
session_004,candidate_05,free,key_13,backspace,184023,184104,81.5,False,0
session_004,candidate_05,free,key_13,backspace,184186,184264,77.5,False,0
session_004,candidate_05,free,key_13,backspace,184335,184439,103.5,False,0
session_004,candidate_05,free,key_07,alphanum,184676,184838,162,False,0
session_004,candidate_05,free,key_18,space,184904,184954,50.5,False,0
session_004,candidate_05,free,key_06,alphanum,185169,185314,144.4,False,0
session_004,candidate_05,free,key_03,alphanum,185375,185488,113.5,False,0
session_004,candidate_05,free,key_28,alphanum,185493,185620,127.3,False,0
session_004,candidate_05,free,key_22,alphanum,185635,185792,157.5,False,0
session_004,candidate_05,free,key_03,alphanum,185712,185859,147.4,False,0
session_004,candidate_05,free,key_14,alphanum,185931,186077,145.8,False,0
session_004,candidate_05,free,key_11,alphanum,185945,185969,23.8,False,0
session_004,candidate_05,free,key_07,alphanum,185993,186030,37.1,False,0
session_004,candidate_05,free,key_13,backspace,186571,186644,73.3,False,0
session_004,candidate_05,free,key_13,backspace,186747,186839,92.5,False,0
session_004,candidate_05,free,key_13,backspace,186907,186999,91.7,False,0
session_004,candidate_05,free,key_11,alphanum,187010,187141,131.3,False,0
session_004,candidate_05,free,key_07,alphanum,187084,187212,127.6,False,0
session_004,candidate_05,free,key_18,space,187233,187328,94.9,False,0
session_004,candidate_05,free,key_06,alphanum,187382,187508,125,False,0
session_004,candidate_05,free,key_13,backspace,187707,187797,90.3,False,0
session_004,candidate_05,free,key_16,alphanum,187807,187991,183.5,False,0
session_004,candidate_05,free,key_23,alphanum,187970,188074,103.9,False,0
session_004,candidate_05,free,key_13,backspace,189068,189195,127,False,0
session_004,candidate_05,free,key_16,alphanum,190017,190174,156.4,False,0
session_004,candidate_05,free,key_23,alphanum,190227,190357,130.2,False,0
session_004,candidate_05,free,key_01,alphanum,190311,190477,166.5,False,0
session_004,candidate_05,free,key_13,backspace,190986,191070,84.3,False,0
session_004,candidate_05,free,key_13,backspace,191137,191225,88.1,False,0
session_004,candidate_05,free,key_16,alphanum,191269,191410,141,False,0
session_004,candidate_05,free,key_23,alphanum,191391,191505,113.4,False,0
session_004,candidate_05,free,key_01,alphanum,191525,191670,145.7,False,0
session_004,candidate_05,free,key_18,space,191658,191748,90.2,False,0
session_004,candidate_05,free,key_06,alphanum,191886,191997,110.6,False,0
session_004,candidate_05,free,key_13,backspace,192178,192254,75.3,False,0
session_004,candidate_05,free,key_13,backspace,192335,192423,88.5,False,0
session_004,candidate_05,free,key_16,alphanum,192382,192560,177.2,False,0
session_004,candidate_05,free,key_16,alphanum,192919,193151,232.1,False,0
session_004,candidate_05,free,key_11,alphanum,193176,193317,141,False,0
session_004,candidate_05,free,key_16,alphanum,193397,193690,293.2,False,0
session_004,candidate_05,free,key_01,alphanum,193634,193775,141,False,0
session_004,candidate_05,free,key_18,space,193906,193990,83.4,False,0
session_004,candidate_05,free,key_17,alphanum,194126,194249,122.4,False,0
session_004,candidate_05,free,key_15,alphanum,194238,194322,84,False,0
session_004,candidate_05,free,key_06,alphanum,194343,194428,85.3,False,0
session_004,candidate_05,free,key_06,alphanum,194494,194637,142.7,False,0
session_004,candidate_05,free,key_08,alphanum,194669,194790,120.4,False,0
session_004,candidate_05,free,key_06,alphanum,194720,194797,76.7,False,0
session_004,candidate_05,free,key_18,space,194890,195003,113.2,False,0
session_004,candidate_05,free,key_03,alphanum,195209,195312,103.1,False,0
session_004,candidate_05,free,key_13,backspace,195494,195593,99,False,0
session_004,candidate_05,free,key_13,backspace,195656,195725,69.7,False,0
session_004,candidate_05,free,key_03,alphanum,195798,195907,109.1,False,0
session_004,candidate_05,free,key_16,alphanum,195892,196065,173.1,False,0
session_004,candidate_05,free,key_18,space,196029,196111,82,False,0
session_004,candidate_05,free,key_15,alphanum,196224,196350,126.4,False,0
session_004,candidate_05,free,key_24,alphanum,196309,196432,123.1,False,0
session_004,candidate_05,free,key_18,space,196487,196580,93,False,0
session_004,candidate_05,free,key_17,alphanum,196622,196743,121.4,False,0
session_004,candidate_05,free,key_24,alphanum,196730,196930,199.7,False,0
session_004,candidate_05,free,key_15,alphanum,196852,196952,100.4,False,0
session_004,candidate_05,free,key_18,space,197078,197187,108.7,False,0
session_004,candidate_05,free,key_10,alphanum,197384,197516,131.2,False,0
session_004,candidate_05,free,key_24,alphanum,197486,197674,188.8,False,0
session_004,candidate_05,free,key_15,alphanum,197588,197697,108.6,False,0
session_004,candidate_05,free,key_18,space,197804,197903,98.7,False,0
session_004,candidate_05,free,key_17,alphanum,197960,198030,70.3,False,0
session_004,candidate_05,free,key_15,alphanum,198017,198129,112.7,False,0
session_004,candidate_05,free,key_06,alphanum,198156,198290,134.4,False,0
session_004,candidate_05,free,key_18,space,198300,198414,114.4,False,0
session_004,candidate_05,free,key_06,alphanum,198509,198649,139.9,False,0
session_004,candidate_05,free,key_03,alphanum,198626,198714,88.5,False,0
session_004,candidate_05,free,key_28,alphanum,198766,198914,148,False,0
session_004,candidate_05,free,key_18,space,198901,198982,80.6,False,0
session_004,candidate_05,free,key_03,alphanum,199094,199187,92.8,False,0
session_004,candidate_05,free,key_16,alphanum,199116,199300,184.7,False,0
session_004,candidate_05,free,key_15,alphanum,199310,199439,129.4,False,0
session_004,candidate_05,free,key_22,alphanum,199408,199520,112.2,False,0
session_004,candidate_05,free,key_18,space,199594,199745,151.3,False,0
session_004,candidate_05,free,key_15,alphanum,199721,199814,93.3,False,0
session_004,candidate_05,free,key_16,alphanum,199796,199971,174.3,False,0
session_004,candidate_05,free,key_22,alphanum,199940,200023,82.9,False,0
session_004,candidate_05,free,key_18,space,200094,200149,54.3,False,0
session_004,candidate_05,free,key_08,alphanum,200290,200383,92.8,False,0
session_004,candidate_05,free,key_19,alphanum,200518,200556,37.4,False,0
session_004,candidate_05,free,key_23,alphanum,200677,200796,118.8,False,0
session_004,candidate_05,free,key_03,alphanum,201140,201276,135.6,False,0
session_004,candidate_05,free,key_08,alphanum,201418,201534,115.3,False,0
session_004,candidate_05,free,key_22,alphanum,201621,201705,83.9,False,0
session_004,candidate_05,free,key_18,space,201791,201869,77.5,False,0
session_004,candidate_05,free,key_09,alphanum,202017,202117,100.3,False,0
session_004,candidate_05,free,key_22,alphanum,202337,202464,127.4,False,0
session_004,candidate_05,free,key_02,alphanum,202558,202724,166.2,False,0
session_004,candidate_05,free,key_17,alphanum,202827,202980,152.4,False,0
session_004,candidate_05,free,key_23,alphanum,203042,203165,123.5,False,0
session_004,candidate_05,free,key_01,alphanum,203212,203336,124.7,False,0
session_004,candidate_05,free,key_06,alphanum,203277,203444,166.4,False,0
session_004,candidate_05,free,key_18,space,203420,203504,84,False,0
session_004,candidate_05,free,key_16,alphanum,203638,203795,156.4,False,0
session_004,candidate_05,free,key_12,alphanum,203741,203806,65.1,False,0
session_004,candidate_05,free,key_15,alphanum,203816,203999,182.6,False,0
session_004,candidate_05,free,key_22,alphanum,203935,204046,111.1,False,0
session_004,candidate_05,free,key_18,space,204106,204211,105.3,False,0
session_004,candidate_05,free,key_12,alphanum,204313,204396,83.1,False,0
session_004,candidate_05,free,key_16,alphanum,204477,204623,146,False,0
session_004,candidate_05,free,key_16,alphanum,204706,204863,156.9,False,0
session_004,candidate_05,free,key_08,alphanum,204796,204882,86.5,False,0
session_004,candidate_05,free,key_22,alphanum,204983,205078,95.5,False,0
session_004,candidate_05,free,key_18,space,205114,205280,166.1,False,0
session_004,candidate_05,free,key_15,alphanum,205234,205334,100,False,0
session_004,candidate_05,free,key_16,alphanum,205360,205548,188.1,False,0
session_004,candidate_05,free,key_22,alphanum,205473,205578,105.5,False,0
session_004,candidate_05,free,key_18,space,205634,205712,78.4,False,0
session_004,candidate_05,free,key_20,alphanum,205923,206012,89,False,0
session_004,candidate_05,free,key_06,alphanum,206064,206235,171.3,False,0
session_004,candidate_05,free,key_01,alphanum,206174,206368,194.3,False,0
session_004,candidate_05,free,key_06,alphanum,206326,206488,162.2,False,0
session_004,candidate_05,free,key_18,space,206514,206626,112.2,False,0
session_004,candidate_05,free,key_28,alphanum,206956,207104,147.4,False,0
session_004,candidate_05,free,key_24,alphanum,207086,207204,118.2,False,0
session_004,candidate_05,free,key_07,alphanum,207245,207522,277.6,False,0
session_004,candidate_05,free,key_17,alphanum,207398,207545,147,False,0
session_004,candidate_05,free,key_08,alphanum,208305,208425,120.1,False,0
session_004,candidate_05,free,key_06,alphanum,208411,208571,160.1,False,0
session_004,candidate_05,free,key_15,alphanum,208555,208666,111.9,False,0
session_004,candidate_05,free,key_17,alphanum,208818,208990,171.5,False,0
session_004,candidate_05,free,key_06,alphanum,208952,209089,136.4,False,0
session_004,candidate_05,free,key_18,space,209075,209224,148.1,False,0
session_004,candidate_05,free,key_15,alphanum,209212,209302,90,False,0
session_004,candidate_05,free,key_16,alphanum,209296,,,False,0
session_006,candidate_09,pangram,key_17,alphanum,0,120.2,120.2,False,0
session_006,candidate_09,pangram,key_15,alphanum,82,180,98,False,0
session_006,candidate_09,pangram,key_06,alphanum,89.6,224.7,135.1,False,0
session_006,candidate_09,pangram,key_18,space,238.6,360.9,122.3,False,0
session_006,candidate_09,pangram,key_27,alphanum,389.5,495.7,106.2,False,0
session_006,candidate_09,pangram,key_23,alphanum,471.3,592.6,121.3,False,0
session_006,candidate_09,pangram,key_22,alphanum,549.2,657.5,108.3,False,0
session_006,candidate_09,pangram,key_02,alphanum,605.2,705.6,100.4,False,0
session_006,candidate_09,pangram,key_08,alphanum,728,846.7,118.7,False,0
session_006,candidate_09,pangram,key_18,space,821.5,944.3,122.8,False,0
session_006,candidate_09,pangram,key_12,alphanum,979.5,1045.5,66,False,0
session_006,candidate_09,pangram,key_01,alphanum,1078.4,1190.9,112.5,False,0
session_006,candidate_09,pangram,key_24,alphanum,1197.7,1290.6,92.9,False,0
session_006,candidate_09,pangram,key_10,alphanum,1255.7,1403.8,148.1,False,0
session_006,candidate_09,pangram,key_03,alphanum,1421.7,1504.6,82.9,False,0
session_006,candidate_09,pangram,key_18,space,1482.9,1603.5,120.6,False,0
session_006,candidate_09,pangram,key_14,alphanum,1655.8,1755,99.2,False,0
session_006,candidate_09,pangram,key_24,alphanum,1731.8,1806.5,74.7,False,0
session_006,candidate_09,pangram,key_05,alphanum,1946.4,2079.6,133.2,False,0
session_006,candidate_09,pangram,key_18,space,2013.1,2104.4,91.3,False,0
session_006,candidate_09,pangram,key_08,alphanum,2179.8,2246.6,66.8,False,0
session_006,candidate_09,pangram,key_22,alphanum,2359.5,2408,48.5,False,0
session_006,candidate_09,pangram,key_20,alphanum,2594.1,2664.2,70.1,False,0
session_006,candidate_09,pangram,key_09,alphanum,2805.7,2888.3,82.6,False,0
session_006,candidate_09,pangram,key_07,alphanum,3156.2,3253.7,97.5,False,0
session_006,candidate_09,pangram,key_18,space,3258.9,3356.2,97.3,False,0
session_006,candidate_09,pangram,key_24,alphanum,3415.4,3506.5,91.1,False,0
session_006,candidate_09,pangram,key_25,alphanum,3522.2,3641.4,119.2,False,0
session_006,candidate_09,pangram,key_06,alphanum,3627.3,3760.5,133.2,False,0
session_006,candidate_09,pangram,key_01,alphanum,3738.2,3865,126.8,False,0
session_006,candidate_09,pangram,key_18,space,3814.9,3930,115.1,False,0
session_006,candidate_09,pangram,key_17,alphanum,3989,4139.1,150.1,False,0
session_006,candidate_09,pangram,key_15,alphanum,4054.6,4137.1,82.5,False,0
session_006,candidate_09,pangram,key_06,alphanum,4145.1,4288.7,143.6,False,0
session_006,candidate_09,pangram,key_18,space,4305,4387.9,82.9,False,0
session_006,candidate_09,pangram,key_16,alphanum,4399.6,4543.1,143.5,False,0
session_006,candidate_09,pangram,key_30,alphanum,4414.2,4505.5,91.3,False,0
session_006,candidate_09,pangram,key_26,alphanum,4565.9,4709.6,143.7,False,0
session_006,candidate_09,pangram,key_23,alphanum,4737.1,4839.2,102.1,False,0
session_006,candidate_09,pangram,key_02,alphanum,4855.4,4955.9,100.5,False,0
session_006,candidate_09,pangram,key_28,alphanum,5260.1,5363.5,103.4,False,0
session_006,candidate_09,pangram,key_24,alphanum,5348.2,5442.5,94.3,False,0
session_006,candidate_09,pangram,key_11,alphanum,5446.9,5538,91.1,False,0
session_006,candidate_09,pangram,key_18,space,5566,5661.8,95.8,False,0
session_006,candidate_09,pangram,key_13,backspace,6511.5,6563.4,51.9,False,0
session_006,candidate_09,pangram,key_09,alphanum,7108.2,7205.2,97,False,0
session_006,candidate_09,pangram,key_16,alphanum,7209.9,7331.4,121.5,False,0
session_006,candidate_09,pangram,key_02,alphanum,7305.8,7416.2,110.4,False,0
session_006,candidate_09,pangram,key_08,alphanum,7413.7,7506.7,93,False,0
session_006,candidate_09,pangram,key_18,space,7499.7,7619.6,119.9,False,0
session_006,candidate_09,pangram,key_20,alphanum,7652.6,7744.8,92.2,False,0
session_006,candidate_09,pangram,key_17,alphanum,7775,7878,103,False,0
session_006,candidate_09,pangram,key_18,space,7906,8004.8,98.8,False,0
session_006,candidate_09,pangram,key_12,alphanum,8088.9,8165.4,76.5,False,0
session_006,candidate_09,pangram,key_24,alphanum,8228.7,8338,109.3,False,0
session_006,candidate_09,pangram,key_05,alphanum,8442.1,8570.7,128.6,False,0
session_006,candidate_09,pangram,key_18,space,8565.4,8675.3,109.9,False,0
session_006,candidate_09,pangram,key_10,alphanum,8822.8,8909.8,87,False,0
session_006,candidate_09,pangram,key_22,alphanum,8891.7,8961,69.3,False,0
session_006,candidate_09,pangram,key_17,alphanum,8970.6,9062,91.4,False,0
session_006,candidate_09,pangram,key_15,alphanum,9070.5,9156.4,85.9,False,0
session_006,candidate_09,pangram,key_18,space,9139,9237.4,98.4,False,0
session_006,candidate_09,pangram,key_14,alphanum,9321.3,9431.2,109.9,False,0
session_006,candidate_09,pangram,key_22,alphanum,9411.5,9520.8,109.3,False,0
session_006,candidate_09,pangram,key_25,alphanum,9571.7,9688,116.3,False,0
session_006,candidate_09,pangram,key_06,alphanum,9656,9788.1,132.1,False,0
session_006,candidate_09,pangram,key_18,space,9761.9,9860.5,98.6,False,0
session_006,candidate_09,pangram,key_28,alphanum,9925.4,10008.8,83.4,False,0
session_006,candidate_09,pangram,key_24,alphanum,10023.7,10111.3,87.6,False,0
session_006,candidate_09,pangram,key_26,alphanum,10180.8,10325.2,144.4,False,0
session_006,candidate_09,pangram,key_06,alphanum,10329.9,10443,113.1,False,0
session_006,candidate_09,pangram,key_03,alphanum,10431.2,10535.6,104.4,False,0
session_006,candidate_09,pangram,key_18,space,10545.4,10645,99.6,False,0
session_006,candidate_09,pangram,key_30,alphanum,10676.4,10770.9,94.5,False,0
session_006,candidate_09,pangram,key_22,alphanum,10806.1,10930,123.9,False,0
session_006,candidate_09,pangram,key_27,alphanum,10988.5,11042.6,54.1,False,0
session_006,candidate_09,pangram,key_23,alphanum,11255,11353.4,98.4,False,0
session_006,candidate_09,pangram,key_01,alphanum,11448.6,11525.9,77.3,False,0
session_006,candidate_09,pangram,key_24,alphanum,11564.7,11655.5,90.8,False,0
session_006,candidate_09,pangram,key_18,space,11753.5,11874.8,121.3,False,0
session_006,candidate_09,pangram,key_29,alphanum,12040.4,12148.2,107.8,False,0
session_006,candidate_09,pangram,key_23,alphanum,12243.5,12305.5,62,False,0
session_006,candidate_09,pangram,key_11,alphanum,12443.3,12577,133.7,False,0
session_006,candidate_09,pangram,key_07,alphanum,12558.5,12692.6,134.1,False,0
session_006,candidate_09,pangram,key_15,alphanum,13337.3,13458.3,121,False,0
session_006,candidate_09,pangram,key_24,alphanum,13433.2,13554.1,120.9,False,0
session_006,candidate_09,pangram,key_06,alphanum,13695.4,13789.4,94,False,0
session_006,candidate_09,pangram,key_18,space,14204.5,14310.1,105.6,False,0
session_006,candidate_09,pangram,key_25,alphanum,14430,14549.1,119.1,False,0
session_006,candidate_09,pangram,key_06,alphanum,14530.7,14661.9,131.2,False,0
session_006,candidate_09,pangram,key_05,alphanum,14906.4,14999,92.6,False,0
session_006,candidate_09,pangram,key_22,alphanum,14993.9,15154,160.1,False,0
session_006,candidate_09,pangram,key_03,alphanum,15095.6,15196.6,101,False,0
session_006,candidate_09,pangram,key_11,alphanum,15203.4,15308.6,105.2,False,0
session_006,candidate_09,pangram,key_30,alphanum,15355.9,15459.6,103.7,False,0
session_006,candidate_09,pangram,key_19,alphanum,15482.8,15605.5,122.7,False,0
session_006,candidate_09,pangram,key_18,space,15696.6,15798.7,102.1,False,0
session_006,candidate_09,pangram,key_27,alphanum,16305.4,16420.4,115,False,0
session_006,candidate_09,pangram,key_23,alphanum,16372.2,16488.8,116.6,False,0
session_006,candidate_09,pangram,key_22,alphanum,16425.2,16544,118.8,False,0
session_006,candidate_09,pangram,key_02,alphanum,16514.1,16613.9,99.8,False,0
session_006,candidate_09,pangram,key_08,alphanum,16639.5,16763.3,123.8,False,0
session_006,candidate_09,pangram,key_28,alphanum,16890.2,17023.2,133,False,0
session_006,candidate_09,pangram,key_16,alphanum,17028.5,17207.2,178.7,False,0
session_006,candidate_09,pangram,key_14,alphanum,17176.1,17291.1,115,False,0
session_006,candidate_09,pangram,key_17,alphanum,17382.9,,,False,0
session_006,candidate_09,pangram,key_18,space,17489.1,,,False,0
session_006,candidate_09,pangram,key_28,alphanum,18810,18955,145,False,0
session_006,candidate_09,pangram,key_14,alphanum,18916.8,19071.9,155.1,False,0
session_006,candidate_09,pangram,key_13,backspace,19521.7,19604.9,83.2,False,0
session_006,candidate_09,pangram,key_18,space,19742.7,19829.2,86.5,False,0
session_006,candidate_09,pangram,key_16,alphanum,20721.9,20888.3,166.4,False,0
session_006,candidate_09,pangram,key_14,alphanum,20866.9,21014.3,147.4,False,0
session_006,candidate_09,pangram,key_17,alphanum,21122.2,21221.5,99.3,False,0
session_006,candidate_09,pangram,key_18,space,21210.5,21313.3,102.8,False,0
session_006,candidate_09,pangram,key_26,alphanum,21514,21661.1,147.1,False,0
session_006,candidate_09,pangram,key_06,alphanum,21646.6,21749.3,102.7,False,0
session_006,candidate_09,pangram,key_12,alphanum,21789.6,21861.1,71.5,False,0
session_006,candidate_09,pangram,key_01,alphanum,21958.8,22087.5,128.7,False,0
session_006,candidate_09,pangram,key_16,alphanum,22070.9,22231.8,160.9,False,0
session_006,candidate_09,pangram,key_07,alphanum,22210.5,22343.6,133.1,False,0
session_006,candidate_09,pangram,key_18,space,22321,22412.2,91.2,False,0
session_006,candidate_09,pangram,key_29,alphanum,22466.2,22578.3,112.1,False,0
session_006,candidate_09,pangram,key_23,alphanum,22660.2,22739.3,79.1,False,0
session_006,candidate_09,pangram,key_20,alphanum,22882.6,23009.8,127.2,False,0
session_006,candidate_09,pangram,key_09,alphanum,22989.4,23104.6,115.2,False,0
session_006,candidate_09,pangram,key_17,alphanum,23510.6,23621,110.4,False,0
session_006,candidate_09,pangram,key_15,alphanum,23614.3,23693.7,79.4,False,0
session_006,candidate_09,pangram,key_06,alphanum,23657.6,23770.7,113.1,False,0
session_006,candidate_09,pangram,key_18,space,23778.8,23890.1,111.3,False,0
session_006,candidate_09,pangram,key_02,alphanum,24004.9,24029,24.1,False,0
session_006,candidate_09,pangram,key_14,alphanum,24133,24207.8,74.8,False,0
session_006,candidate_09,pangram,key_13,backspace,24563.4,24654.7,91.3,False,0
session_006,candidate_09,pangram,key_13,backspace,24737.7,24803.4,65.7,False,0
session_006,candidate_09,pangram,key_14,alphanum,24831.8,24946.8,115,False,0
session_006,candidate_09,pangram,key_22,alphanum,24991,25111.8,120.8,False,0
session_006,candidate_09,pangram,key_25,alphanum,25178.2,25287.9,109.7,False,0
session_006,candidate_09,pangram,key_06,alphanum,25250.5,25379.4,128.9,False,0
session_006,candidate_09,pangram,key_18,space,25342.2,25438.3,96.1,False,0
session_006,candidate_09,pangram,key_12,alphanum,25524.3,25616.3,92,False,0
session_006,candidate_09,pangram,key_24,alphanum,25672.2,25797.3,125.1,False,0
session_006,candidate_09,pangram,key_26,alphanum,25841.9,25941.1,99.2,False,0
session_006,candidate_09,pangram,key_22,alphanum,25970.9,26173.4,202.5,False,0
session_006,candidate_09,pangram,key_03,alphanum,26143.5,26237.4,93.9,False,0
session_006,candidate_09,pangram,key_11,alphanum,26250.4,26372.4,122,False,0
session_006,candidate_09,pangram,key_18,space,26374.1,26477.9,103.8,False,0
session_006,candidate_09,pangram,key_10,alphanum,26948.9,27055.4,106.5,False,0
session_006,candidate_09,pangram,key_22,alphanum,27059.5,27132.7,73.2,False,0
session_006,candidate_09,pangram,key_16,alphanum,27161.8,27305.3,143.5,False,0
session_006,candidate_09,pangram,key_26,alphanum,27406.9,27509.5,102.6,False,0
session_006,candidate_09,pangram,key_13,backspace,27664.4,27728.5,64.1,False,0
session_006,candidate_09,pangram,key_13,backspace,27808.9,27888.2,79.3,False,0
session_006,candidate_09,pangram,key_26,alphanum,27893.4,28026.4,133,False,0
session_006,candidate_09,pangram,key_16,alphanum,28021.9,28193.5,171.6,False,0
session_006,candidate_09,pangram,key_01,alphanum,28256,28355.7,99.7,False,0
session_006,candidate_09,pangram,key_28,alphanum,28490.1,28608.4,118.3,False,0
session_006,candidate_09,pangram,key_07,alphanum,28588.4,28724.6,136.2,False,0
session_006,candidate_09,pangram,key_18,space,28689.7,28794.5,104.8,False,0
session_006,candidate_09,pangram,key_29,alphanum,28876.7,28955.2,78.5,False,0
session_006,candidate_09,pangram,key_23,alphanum,29056.4,29116.1,59.7,False,0
session_006,candidate_09,pangram,key_20,alphanum,29274,29398.7,124.7,False,0
session_006,candidate_09,pangram,key_09,alphanum,29413.7,29523.3,109.6,False,0
session_006,candidate_09,pangram,key_18,space,29538.9,29655.4,116.5,False,0
session_006,candidate_09,pangram,key_27,alphanum,29705.2,29832.6,127.4,False,0
session_006,candidate_09,pangram,key_23,alphanum,29777.6,29904.7,127.1,False,0
session_006,candidate_09,pangram,key_02,alphanum,29907.1,30010.1,103,False,0
session_006,candidate_09,pangram,key_08,alphanum,30037.2,30095.6,58.4,False,0
session_006,candidate_09,pangram,key_08,alphanum,31043.1,31123.9,80.8,False,0
session_006,candidate_09,pangram,key_30,alphanum,31209.9,31323.5,113.6,False,0
session_006,candidate_09,pangram,key_19,alphanum,31305.6,31373.9,68.3,False,0
session_006,candidate_09,pangram,key_16,alphanum,32327.7,32438.7,111,False,0
session_006,candidate_09,pangram,key_09,alphanum,32538.6,32621.3,82.7,False,0
session_006,candidate_09,pangram,key_15,alphanum,32833.4,32947.5,114.1,False,0
session_006,candidate_09,pangram,key_22,alphanum,32913.2,33049.3,136.1,False,0
session_006,candidate_09,pangram,key_03,alphanum,33073.2,33194,120.8,False,0
session_006,candidate_09,pangram,key_11,alphanum,33223.2,33312.8,89.6,False,0
session_006,candidate_09,pangram,key_18,space,33816.9,33921.3,104.4,False,0
session_006,candidate_09,pangram,key_24,alphanum,34025.5,34121.9,96.4,False,0
session_006,candidate_09,pangram,key_14,alphanum,34125.9,34212.9,87,False,0
session_006,candidate_09,pangram,key_18,space,34231,34328.3,97.3,False,0
session_006,candidate_09,pangram,key_12,alphanum,34489.5,34532.5,43,False,0
session_006,candidate_09,pangram,key_30,alphanum,34696.4,34787.7,91.3,False,0
session_006,candidate_09,pangram,key_16,alphanum,34790,34957.7,167.7,False,0
session_006,candidate_09,pangram,key_02,alphanum,34922.3,35016.4,94.1,False,0
session_006,candidate_09,pangram,key_08,alphanum,35021.9,35116.3,94.4,False,0
session_006,candidate_09,pangram,key_18,space,35121.1,35216.4,95.3,False,0
session_006,candidate_09,pangram,key_27,alphanum,35299.9,35411.1,111.2,False,0
session_006,candidate_09,pangram,key_23,alphanum,35449.4,35521.8,72.4,False,0
session_006,candidate_09,pangram,key_16,alphanum,35571,35723.4,152.4,False,0
session_006,candidate_09,pangram,key_01,alphanum,35978.4,36054,75.6,False,0
session_006,candidate_09,pangram,key_17,alphanum,36189.4,36274.2,84.8,False,0
session_006,candidate_09,pangram,key_26,alphanum,36466.1,36572.9,106.8,False,0
session_006,candidate_09,pangram,key_18,space,36590.2,36691.8,101.6,False,0
session_006,candidate_09,pangram,key_29,alphanum,36741,36854.6,113.6,False,0
session_006,candidate_09,pangram,key_23,alphanum,36945.1,37021.4,76.3,False,0
session_006,candidate_09,pangram,key_28,alphanum,37039.2,37125.7,86.5,False,0
session_006,candidate_09,pangram,key_11,alphanum,37188.6,37333.3,144.7,False,0
session_006,candidate_09,pangram,key_06,alphanum,37342.4,37438.3,95.9,False,0
session_006,candidate_09,pangram,key_18,space,37443.5,37538.8,95.3,False,0
session_006,candidate_09,pangram,key_20,alphanum,37612.7,37721.8,109.1,False,0
session_006,candidate_09,pangram,key_19,alphanum,37723.6,37831.7,108.1,False,0
session_006,candidate_09,pangram,key_18,space,37862.9,37949.4,86.5,False,0
session_006,candidate_09,pangram,key_25,alphanum,38180.5,38291.1,110.6,False,0
session_006,candidate_09,pangram,key_24,alphanum,38310.4,38409.4,99,False,0
session_006,candidate_09,pangram,key_10,alphanum,38414.6,38522,107.4,False,0
session_006,candidate_09,pangram,key_17,alphanum,39113.3,39203.5,90.2,False,0
session_006,candidate_09,pangram,key_15,alphanum,39174.1,39281.1,107,False,0
session_006,candidate_09,pangram,key_06,alphanum,39225.2,39338.8,113.6,False,0
session_006,candidate_09,pangram,key_18,space,39372.5,39489.5,117,False,0
session_006,candidate_09,pangram,key_27,alphanum,39518,39607.6,89.6,False,0
session_006,candidate_09,pangram,key_23,alphanum,39588.6,39705.3,116.7,False,0
session_006,candidate_09,pangram,key_22,alphanum,39656.8,39770.5,113.7,False,0
session_006,candidate_09,pangram,key_02,alphanum,39762.5,39849,86.5,False,0
session_006,candidate_09,pangram,key_08,alphanum,39867.5,39979.4,111.9,False,0
session_006,candidate_09,pangram,key_18,space,40015.3,40105.5,90.2,False,0
session_006,candidate_09,pangram,key_12,alphanum,40127.6,40213.6,86,False,0
session_006,candidate_09,pangram,key_01,alphanum,40246.8,40351.6,104.8,False,0
session_006,candidate_09,pangram,key_24,alphanum,40356.5,40470.7,114.2,False,0
session_006,candidate_09,pangram,key_10,alphanum,40462.5,40553.1,90.6,False,0
session_006,candidate_09,pangram,key_03,alphanum,40582.3,40683.8,101.5,False,0
session_006,candidate_09,pangram,key_18,space,40707.4,40805.2,97.8,False,0
session_006,candidate_09,pangram,key_14,alphanum,40888.9,40990.2,101.3,False,0
session_006,candidate_09,pangram,key_24,alphanum,40995,41069.3,74.3,False,0
session_006,candidate_09,pangram,key_05,alphanum,41165,41274,109,False,0
session_006,candidate_09,pangram,key_18,space,41239.8,41339.3,99.5,False,0
session_006,candidate_09,pangram,key_29,alphanum,41383,41499.2,116.2,False,0
session_006,candidate_09,pangram,key_23,alphanum,41578.5,41662.2,83.7,False,0
session_006,candidate_09,pangram,key_20,alphanum,41810.1,41932.4,122.3,False,0
session_006,candidate_09,pangram,key_09,alphanum,41951.9,42056.8,104.9,False,0
session_006,candidate_09,pangram,key_07,alphanum,42094,42178.1,84.1,False,0
session_006,candidate_09,pangram,key_18,space,42212.9,42329.2,116.3,False,0
session_006,candidate_09,pangram,key_24,alphanum,42363.3,42460.6,97.3,False,0
session_006,candidate_09,pangram,key_25,alphanum,42590.2,42627.4,37.2,False,0
session_006,candidate_09,pangram,key_25,alphanum,42649.2,42774.7,125.5,False,0
session_006,candidate_09,pangram,key_06,alphanum,42840.5,42978.4,137.9,False,0
session_006,candidate_09,pangram,key_01,alphanum,42960.9,43073.9,113,False,0
session_006,candidate_09,pangram,key_18,space,43088.8,43190,101.2,False,0
session_006,candidate_09,pangram,key_17,alphanum,43305.4,,,False,0
session_006,candidate_09,pangram,key_06,alphanum,45411.4,45529.4,118,False,0
session_006,candidate_09,pangram,key_01,alphanum,45521.2,45637.7,116.5,False,0
session_006,candidate_09,pangram,key_18,space,45622.7,45722,99.3,False,0
session_006,candidate_09,pangram,key_17,alphanum,45781.7,45863.2,81.5,False,0
session_006,candidate_09,pangram,key_15,alphanum,45872.1,45944.5,72.4,False,0
session_006,candidate_09,pangram,key_06,alphanum,45938.7,46044.5,105.8,False,0
session_006,candidate_09,pangram,key_18,space,46038.3,46129.7,91.4,False,0
session_006,candidate_09,pangram,key_26,alphanum,46189.4,46254.3,64.9,False,0
session_006,candidate_09,pangram,key_30,alphanum,46249,46306.3,57.3,False,0
session_006,candidate_09,pangram,key_13,backspace,46822.6,46895.4,72.8,False,0
session_006,candidate_09,pangram,key_13,backspace,46977.1,47027.2,50.1,False,0
session_006,candidate_09,pangram,key_30,alphanum,47213.5,47308.7,95.2,False,0
session_006,candidate_09,pangram,key_16,alphanum,47338.2,47452.8,114.6,False,0
session_006,candidate_09,pangram,key_26,alphanum,47446.1,47575.1,129,False,0
session_006,candidate_09,pangram,key_19,alphanum,47595.6,47695.2,99.6,False,0
session_006,candidate_09,pangram,key_18,space,47739.5,47856.4,116.9,False,0
session_006,candidate_09,pangram,key_28,alphanum,47891.6,47998.8,107.2,False,0
session_006,candidate_09,pangram,key_24,alphanum,47972.7,48055.5,82.8,False,0
session_006,candidate_09,pangram,key_11,alphanum,48051.6,48146.7,95.1,False,0
session_006,candidate_09,pangram,key_09,alphanum,49007.6,49105.7,98.1,False,0
session_006,candidate_09,pangram,key_16,alphanum,49123,49250.5,127.5,False,0
session_006,candidate_09,pangram,key_08,alphanum,49366.2,49445.9,79.7,False,0
session_006,candidate_09,pangram,key_13,backspace,49693.6,49761.4,67.8,False,0
session_006,candidate_09,pangram,key_02,alphanum,49790.1,49867.6,77.5,False,0
session_006,candidate_09,pangram,key_08,alphanum,49951.1,50045.7,94.6,False,0
session_006,candidate_09,pangram,key_18,space,50072.9,50179.6,106.7,False,0
session_006,candidate_09,pangram,key_20,alphanum,50323.2,50439.3,116.1,False,0
session_006,candidate_09,pangram,key_19,alphanum,50416.2,50505.2,89,False,0
session_006,candidate_09,pangram,key_18,space,50589.6,50681.1,91.5,False,0
session_006,candidate_09,pangram,key_12,alphanum,50780.9,50860.1,79.2,False,0
session_006,candidate_09,pangram,key_24,alphanum,50945.1,51039,93.9,False,0
session_006,candidate_09,pangram,key_05,alphanum,51057.1,51194,136.9,False,0
session_006,candidate_09,pangram,key_18,space,51222.5,51323.5,101,False,0
session_006,candidate_09,pangram,key_10,alphanum,51358,51443,85,False,0
session_006,candidate_09,pangram,key_22,alphanum,51573.2,51679.8,106.6,False,0
session_006,candidate_09,pangram,key_17,alphanum,51722.2,51827,104.8,False,0
session_006,candidate_09,pangram,key_15,alphanum,51900,51973,73,False,0
session_006,candidate_09,pangram,key_18,space,51994,52078.3,84.3,False,0
session_006,candidate_09,pangram,key_14,alphanum,52178.2,52254.9,76.7,False,0
session_006,candidate_09,pangram,key_22,alphanum,52266.7,52357.5,90.8,False,0
session_006,candidate_09,pangram,key_25,alphanum,52472.9,52580.3,107.4,False,0
session_006,candidate_09,pangram,key_06,alphanum,52600.8,52716.8,116,False,0
session_006,candidate_09,pangram,key_18,space,52739.8,52829.4,89.6,False,0
session_006,candidate_09,pangram,key_28,alphanum,52948.1,53023.3,75.2,False,0
session_006,candidate_09,pangram,key_24,alphanum,53025.8,53111.1,85.3,False,0
session_006,candidate_09,pangram,key_26,alphanum,53273.5,53432.8,159.3,False,0
session_006,candidate_09,pangram,key_06,alphanum,53429.4,53538.6,109.2,False,0
session_006,candidate_09,pangram,key_03,alphanum,53549.6,53630.2,80.6,False,0
session_006,candidate_09,pangram,key_18,space,53672.8,53789.2,116.4,False,0
session_006,candidate_09,pangram,key_30,alphanum,53827.2,53922.5,95.3,False,0
session_006,candidate_09,pangram,key_22,alphanum,53981,54089.5,108.5,False,0
session_006,candidate_09,pangram,key_27,alphanum,54138.2,54229.3,91.1,False,0
session_006,candidate_09,pangram,key_23,alphanum,54399.6,54475.1,75.5,False,0
session_006,candidate_09,pangram,key_24,alphanum,54994.1,55082.2,88.1,False,0
session_006,candidate_09,pangram,key_01,alphanum,55077.3,55156.5,79.2,False,0
session_006,candidate_09,pangram,key_18,space,55173.9,55278.9,105,False,0
session_006,candidate_09,pangram,key_29,alphanum,55380.7,55483.5,102.8,False,0
session_006,candidate_09,pangram,key_23,alphanum,55575.4,55641.5,66.1,False,0
session_006,candidate_09,pangram,key_11,alphanum,55657.3,55748.4,91.1,False,0
session_006,candidate_09,pangram,key_07,alphanum,55740.4,55856.7,116.3,False,0
session_006,candidate_09,pangram,key_15,alphanum,56506.8,56629.8,123,False,0
session_006,candidate_09,pangram,key_24,alphanum,56612.2,56738.8,126.6,False,0
session_006,candidate_09,pangram,key_10,alphanum,57145.1,57227.8,82.7,False,0
session_006,candidate_09,pangram,key_18,space,57249.4,57346.5,97.1,False,0
session_006,candidate_09,pangram,key_25,alphanum,57478.6,57594.7,116.1,False,0
session_006,candidate_09,pangram,key_06,alphanum,57600.3,57683.3,83,False,0
session_006,candidate_09,pangram,key_05,alphanum,57907.6,58010.3,102.7,False,0
session_006,candidate_09,pangram,key_22,alphanum,58023.2,58180.8,157.6,False,0
session_006,candidate_09,pangram,key_03,alphanum,58129.9,58240.9,111,False,0
session_006,candidate_09,pangram,key_11,alphanum,58256.4,58357.5,101.1,False,0
session_006,candidate_09,pangram,key_30,alphanum,58392.1,58493.4,101.3,False,0
session_006,candidate_09,pangram,key_19,alphanum,58510.8,58613.7,102.9,False,0
session_006,candidate_09,pangram,key_18,space,58629.2,58740.3,111.1,False,0
session_006,candidate_09,pangram,key_27,alphanum,59001,59106.2,105.2,False,0
session_006,candidate_09,pangram,key_23,alphanum,59074.1,59197.6,123.5,False,0
session_006,candidate_09,pangram,key_22,alphanum,59141.2,59248.2,107,False,0
session_006,candidate_09,pangram,key_02,alphanum,59239.2,59332.6,93.4,False,0
session_006,candidate_09,pangram,key_08,alphanum,59363.7,59461.2,97.5,False,0
session_006,candidate_09,pangram,key_18,space,59478.5,59573.1,94.6,False,0
session_006,candidate_09,pangram,key_28,alphanum,59656.9,59765.8,108.9,False,0
session_006,candidate_09,pangram,key_16,alphanum,59754.6,59975.1,220.5,False,0
session_006,candidate_09,pangram,key_14,alphanum,59926.9,60055.6,128.7,False,0
session_006,candidate_09,pangram,key_17,alphanum,60191.4,60305,113.6,False,0
session_006,candidate_09,pangram,key_18,space,60321,60411.3,90.3,False,0
session_006,candidate_09,pangram,key_26,alphanum,60517.3,60643.3,126,False,0
session_006,candidate_09,pangram,key_06,alphanum,60655.5,60760.5,105,False,0
session_006,candidate_09,pangram,key_12,alphanum,60792.2,60857.4,65.2,False,0
session_006,candidate_09,pangram,key_01,alphanum,60990.7,61105.7,115,False,0
session_006,candidate_09,pangram,key_16,alphanum,61109.3,61245.2,135.9,False,0
session_006,candidate_09,pangram,key_07,alphanum,61243.3,61360.9,117.6,False,0
session_006,candidate_09,pangram,key_18,space,61389.6,61472.4,82.8,False,0
session_006,candidate_09,pangram,key_29,alphanum,61550.5,61627.4,76.9,False,0
session_006,candidate_09,pangram,key_23,alphanum,61722.3,61791.1,68.8,False,0
session_006,candidate_09,pangram,key_08,alphanum,62028.9,62081.1,52.2,False,0
session_006,candidate_09,pangram,key_13,backspace,62457.1,62541.1,84,False,0
session_006,candidate_09,pangram,key_20,alphanum,62723.6,62839.6,116,False,0
session_006,candidate_09,pangram,key_09,alphanum,62825.3,62929.3,104,False,0
session_006,candidate_09,pangram,key_17,alphanum,63680.1,63772.2,92.1,False,0
session_006,candidate_09,pangram,key_15,alphanum,63745.1,63832,86.9,False,0
session_006,candidate_09,pangram,key_06,alphanum,63849.4,63956.9,107.5,False,0
session_006,candidate_09,pangram,key_18,space,63905.4,64009.7,104.3,False,0
session_006,candidate_09,pangram,key_14,alphanum,64314.5,64432.1,117.6,False,0
session_006,candidate_09,pangram,key_22,alphanum,64409,64488.8,79.8,False,0
session_006,candidate_09,pangram,key_25,alphanum,64612.1,64714.4,102.3,False,0
session_006,candidate_09,pangram,key_06,alphanum,64711.7,64828.1,116.4,False,0
session_006,candidate_09,pangram,key_18,space,64815.8,64938.3,122.5,False,0
session_006,candidate_09,pangram,key_12,alphanum,65011,65110.9,99.9,False,0
session_006,candidate_09,pangram,key_24,alphanum,65164,65290.7,126.7,False,0
session_006,candidate_09,pangram,key_26,alphanum,65308.2,65412.7,104.5,False,0
session_006,candidate_09,pangram,key_22,alphanum,65440.5,65597.6,157.1,False,0
session_006,candidate_09,pangram,key_03,alphanum,65555.6,65667.2,111.6,False,0
session_006,candidate_09,pangram,key_11,alphanum,65672.9,65755.9,83,False,0
session_006,candidate_09,pangram,key_18,space,65773.1,65873.2,100.1,False,0
session_006,candidate_09,pangram,key_10,alphanum,65917.3,66022.3,105,False,0
session_006,candidate_09,pangram,key_22,alphanum,66055.5,66130.7,75.2,False,0
session_006,candidate_09,pangram,key_26,alphanum,66181.3,66297.6,116.3,False,0
session_006,candidate_09,pangram,key_16,alphanum,66382.6,66541.2,158.6,False,0
session_006,candidate_09,pangram,key_01,alphanum,66607.8,66706.1,98.3,False,0
session_006,candidate_09,pangram,key_28,alphanum,66810.5,66940.3,129.8,False,0
session_006,candidate_09,pangram,key_07,alphanum,66925.4,67040.5,115.1,False,0
session_006,candidate_09,pangram,key_18,space,67018.5,67109.3,90.8,False,0
session_006,candidate_09,pangram,key_29,alphanum,67185,67306.2,121.2,False,0
session_006,candidate_09,pangram,key_23,alphanum,67422.6,67506.4,83.8,False,0
session_006,candidate_09,pangram,key_20,alphanum,67724.4,67843.1,118.7,False,0
session_006,candidate_09,pangram,key_09,alphanum,67845.4,67956.7,111.3,False,0
session_006,candidate_09,pangram,key_18,space,67972.7,68088.4,115.7,False,0
session_006,candidate_09,pangram,key_27,alphanum,68390,68433.6,43.6,False,0
session_006,candidate_09,pangram,key_23,alphanum,68416.7,68527.3,110.6,False,0
session_006,candidate_09,pangram,key_27,alphanum,68457.1,68498.3,41.2,False,0
session_006,candidate_09,pangram,key_22,alphanum,68663.9,68756.3,92.4,False,0
session_006,candidate_09,pangram,key_08,alphanum,69489.5,69579,89.5,False,0
session_006,candidate_09,pangram,key_30,alphanum,69710.2,69796.7,86.5,False,0
session_006,candidate_09,pangram,key_19,alphanum,69814.8,69911.5,96.7,False,0
session_006,candidate_09,pangram,key_07,alphanum,70774,70856.3,82.3,False,0
session_006,candidate_09,pangram,key_15,alphanum,70875.4,70948.7,73.3,False,0
session_006,candidate_09,pangram,key_09,alphanum,71064.4,71143.7,79.3,False,0
session_006,candidate_09,pangram,key_22,alphanum,72277.2,72399.3,122.1,False,0
session_006,candidate_09,pangram,key_03,alphanum,72359.1,72441.9,82.8,False,0
session_006,candidate_09,pangram,key_26,alphanum,72656.5,72759.3,102.8,False,0
session_006,candidate_09,pangram,key_18,space,72768.1,72875.6,107.5,False,0
session_006,candidate_09,pangram,key_24,alphanum,72929.8,73030.3,100.5,False,0
session_006,candidate_09,pangram,key_14,alphanum,73073.6,73177.6,104,False,0
session_006,candidate_09,pangram,key_18,space,73183.2,73266.4,83.2,False,0
session_006,candidate_09,pangram,key_12,alphanum,73384.2,73440.2,56,False,0
session_006,candidate_09,pangram,key_30,alphanum,73563.8,73662.3,98.5,False,0
session_006,candidate_09,pangram,key_16,alphanum,73644.5,73789.3,144.8,False,0
session_006,candidate_09,pangram,key_02,alphanum,73767.5,73876.9,109.4,False,0
session_006,candidate_09,pangram,key_08,alphanum,73858.5,73972.4,113.9,False,0
session_006,candidate_09,pangram,key_18,space,74406.2,74525.6,119.4,False,0
session_006,candidate_09,pangram,key_27,alphanum,74940.2,75073.1,132.9,False,0
session_006,candidate_09,pangram,key_23,alphanum,75312.2,75331.3,19.1,False,0
session_006,candidate_09,pangram,key_16,alphanum,75374.4,75485.7,111.3,False,0
session_006,candidate_09,pangram,key_01,alphanum,75690.5,75788.9,98.4,False,0
session_006,candidate_09,pangram,key_17,alphanum,75967.9,76022.9,55,False,0
session_006,candidate_09,pangram,key_26,alphanum,76165.4,76264.9,99.5,False,0
session_006,candidate_09,pangram,key_18,space,76268,76380.5,112.5,False,0
session_006,candidate_09,pangram,key_29,alphanum,76422.9,76530.1,107.2,False,0
session_006,candidate_09,pangram,key_23,alphanum,76633.2,76706.4,73.2,False,0
session_006,candidate_09,pangram,key_28,alphanum,76708.7,76801,92.3,False,0
session_006,candidate_09,pangram,key_11,alphanum,76872.9,77022.3,149.4,False,0
session_006,candidate_09,pangram,key_06,alphanum,77025.8,77149.2,123.4,False,0
session_006,candidate_09,pangram,key_18,space,77098.3,77205.4,107.1,False,0
session_006,candidate_09,pangram,key_20,alphanum,77275.6,77389.7,114.1,False,0
session_006,candidate_09,pangram,key_19,alphanum,77360.3,77464.6,104.3,False,0
session_006,candidate_09,pangram,key_18,space,77506.8,77599.4,92.6,False,0
session_006,candidate_09,pangram,key_25,alphanum,77757.2,77829.9,72.7,False,0
session_006,candidate_09,pangram,key_24,alphanum,78150.7,78245.7,95,False,0
session_006,candidate_09,pangram,key_10,alphanum,78276,78359.4,83.4,False,0
session_006,candidate_09,pangram,key_17,alphanum,78895.4,78941.4,46,False,0
session_006,candidate_09,pangram,key_15,alphanum,78973.5,79039,65.5,False,0
session_006,candidate_09,pangram,key_06,alphanum,79027,79130.2,103.2,False,0
session_006,candidate_09,pangram,key_18,space,79139.9,79251.7,111.8,False,0
session_006,candidate_09,pangram,key_27,alphanum,79625.9,79712.4,86.5,False,0
session_006,candidate_09,pangram,key_23,alphanum,79723.4,79874,150.6,False,0
session_006,candidate_09,pangram,key_22,alphanum,79808.3,79932.1,123.8,False,0
session_006,candidate_09,pangram,key_02,alphanum,79964.1,80022.8,58.7,False,0
session_006,candidate_09,pangram,key_08,alphanum,80039,80156.4,117.4,False,0
session_006,candidate_09,pangram,key_18,space,80193.2,80300.5,107.3,False,0
session_006,candidate_09,pangram,key_12,alphanum,80383.3,80450.2,66.9,False,0
session_006,candidate_09,pangram,key_01,alphanum,80483.7,80579.7,96,False,0
session_006,candidate_09,pangram,key_24,alphanum,80628.4,80745.4,117,False,0
session_006,candidate_09,pangram,key_10,alphanum,80830.8,80906.1,75.3,False,0
session_006,candidate_09,pangram,key_03,alphanum,80910.4,81010.5,100.1,False,0
session_006,candidate_09,pangram,key_18,space,81091.6,81207.1,115.5,False,0
session_006,candidate_09,pangram,key_14,alphanum,81257.7,81332.4,74.7,False,0
session_006,candidate_09,pangram,key_24,alphanum,81466.3,81578.9,112.6,False,0
session_006,candidate_09,pangram,key_05,alphanum,81737.5,81857.1,119.6,False,0
session_006,candidate_09,pangram,key_18,space,81813.5,81917.9,104.4,False,0
session_006,candidate_09,pangram,key_29,alphanum,81944.7,82061.2,116.5,False,0
session_006,candidate_09,pangram,key_23,alphanum,82157.7,82223.6,65.9,False,0
session_006,candidate_09,pangram,key_20,alphanum,82383.5,82506.3,122.8,False,0
session_006,candidate_09,pangram,key_09,alphanum,82518.5,82656.8,138.3,False,0
session_006,candidate_09,pangram,key_18,space,82758.7,82857.4,98.7,False,0
session_006,candidate_09,pangram,key_13,backspace,83340.6,83440.4,99.8,False,0
session_006,candidate_09,pangram,key_07,alphanum,83484.7,83584.4,99.7,False,0
session_006,candidate_09,pangram,key_18,space,83606.3,83691.1,84.8,False,0
session_006,candidate_09,pangram,key_24,alphanum,83811.8,83873.1,61.3,False,0
session_006,candidate_09,pangram,key_25,alphanum,83944.6,84062.9,118.3,False,0
session_006,candidate_09,pangram,key_06,alphanum,84046.7,84189.7,143,False,0
session_006,candidate_09,pangram,key_01,alphanum,84169.3,84297,127.7,False,0
session_006,candidate_09,pangram,key_18,space,84291.9,84396.6,104.7,False,0
session_006,candidate_09,pangram,key_17,alphanum,84446.2,84539.1,92.9,False,0
session_006,candidate_09,pangram,key_15,alphanum,84506,84592.9,86.9,False,0
session_006,candidate_09,pangram,key_06,alphanum,84658.4,84738.3,79.9,False,0
session_006,candidate_09,pangram,key_30,alphanum,84728.9,84828.8,99.9,False,0
session_006,candidate_09,pangram,key_16,alphanum,84961.4,85041,79.6,False,0
session_006,candidate_09,pangram,key_26,alphanum,85396.6,85513.7,117.1,False,0
session_006,candidate_09,pangram,key_19,alphanum,85546.9,85647,100.1,False,0
session_006,candidate_09,pangram,key_18,space,85708.2,,,False,0
session_006,candidate_09,pangram,key_18,space,87420.9,87659.5,238.6,False,0
session_006,candidate_09,pangram,key_30,alphanum,87873.2,87973.2,100,False,0
session_006,candidate_09,pangram,key_16,alphanum,88011.4,88107.4,96,False,0
session_006,candidate_09,pangram,key_26,alphanum,88146.2,88264.6,118.4,False,0
session_006,candidate_09,pangram,key_19,alphanum,88296.9,88380,83.1,False,0
session_006,candidate_09,pangram,key_18,space,88459.1,88567.4,108.3,False,0
session_006,candidate_09,pangram,key_28,alphanum,88608.3,88697.2,88.9,False,0
session_006,candidate_09,pangram,key_24,alphanum,88691.1,88778.7,87.6,False,0
session_006,candidate_09,pangram,key_11,alphanum,88785,88890.2,105.2,False,0
session_006,candidate_09,pangram,key_09,alphanum,89506.8,89607.8,101,False,0
session_006,candidate_09,pangram,key_16,alphanum,89583.7,89714.8,131.1,False,0
session_006,candidate_09,pangram,key_02,alphanum,89708.8,89826,117.2,False,0
session_006,candidate_09,pangram,key_08,alphanum,89832.2,89926.6,94.4,False,0
session_006,candidate_09,pangram,key_18,space,89945.3,90073.4,128.1,False,0
session_006,candidate_09,pangram,key_20,alphanum,90090.6,90184.8,94.2,False,0
session_006,candidate_09,pangram,key_19,alphanum,90210.7,90302.2,91.5,False,0
session_006,candidate_09,pangram,key_18,space,90349.5,90456.1,106.6,False,0
session_006,candidate_09,pangram,key_25,alphanum,90856.7,90948.6,91.9,False,0
session_006,candidate_09,pangram,key_24,alphanum,91019,91118.8,99.8,False,0
session_006,candidate_09,pangram,key_12,alphanum,91296.2,91375.4,79.2,False,0
session_006,candidate_09,pangram,key_18,space,91435.8,91557.2,121.4,False,0
session_006,candidate_09,pangram,key_10,alphanum,91662.4,91757.1,94.7,False,0
session_006,candidate_09,pangram,key_22,alphanum,91759.2,91856.7,97.5,False,0
session_006,candidate_09,pangram,key_17,alphanum,91869.9,91960.4,90.5,False,0
session_006,candidate_09,pangram,key_15,alphanum,91966.1,92040.1,74,False,0
session_006,candidate_09,pangram,key_18,space,92016.8,92124.1,107.3,False,0
session_006,candidate_09,pangram,key_14,alphanum,92241.1,92360.2,119.1,False,0
session_006,candidate_09,pangram,key_22,alphanum,92329.3,92441.6,112.3,False,0
session_006,candidate_09,pangram,key_25,alphanum,92508.8,92612.7,103.9,False,0
session_006,candidate_09,pangram,key_06,alphanum,92582.8,92690.1,107.3,False,0
session_006,candidate_09,pangram,key_18,space,92668,92777.1,109.1,False,0
session_006,candidate_09,pangram,key_28,alphanum,92811.5,92905.3,93.8,False,0
session_006,candidate_09,pangram,key_24,alphanum,92900.2,93007.4,107.2,False,0
session_006,candidate_09,pangram,key_26,alphanum,93107.6,93246.6,139,False,0
session_006,candidate_09,pangram,key_06,alphanum,93242.1,93358.5,116.4,False,0
session_006,candidate_09,pangram,key_03,alphanum,93362.8,93450.6,87.8,False,0
session_006,candidate_09,free,key_17,alphanum,98059.8,98146.3,86.5,False,0
session_006,candidate_09,free,key_15,alphanum,98160.9,98256.3,95.4,False,0
session_006,candidate_09,free,key_06,alphanum,98203.1,98308,104.9,False,0
session_006,candidate_09,free,key_18,space,98316.3,98429.4,113.1,False,0
session_006,candidate_09,free,key_01,alphanum,98497.7,98576.1,78.4,False,0
session_006,candidate_09,free,key_13,backspace,98967.9,99033.1,65.2,False,0
session_006,candidate_09,free,key_13,backspace,99125.5,99192.5,67,False,0
session_006,candidate_09,free,key_13,backspace,99333.5,99407.4,73.9,False,0
session_006,candidate_09,free,key_01,alphanum,99558.9,99674.6,115.7,False,0
session_006,candidate_09,free,key_06,alphanum,99726.6,99814.6,88,False,0
session_006,candidate_09,free,key_06,alphanum,99924.7,100090,164.8,False,0
session_006,candidate_09,free,key_18,space,100048,100149,101,False,0
session_006,candidate_09,free,key_01,alphanum,100230,100328,98.5,False,0
session_006,candidate_09,free,key_22,alphanum,100346,100494,148.1,False,0
session_006,candidate_09,free,key_03,alphanum,100464,100565,101.3,False,0
session_006,candidate_09,free,key_11,alphanum,100535,100598,63.3,False,0
session_006,candidate_09,free,key_18,space,100681,100777,95.8,False,0
session_006,candidate_09,free,key_14,alphanum,100882,100975,92.9,False,0
session_006,candidate_09,free,key_24,alphanum,100970,101062,91.8,False,0
session_006,candidate_09,free,key_01,alphanum,101107,,,False,0
session_006,candidate_09,free,key_18,space,101198,,,False,0
session_006,candidate_09,free,key_07,alphanum,102635,102719,84.2,False,0
session_006,candidate_09,free,key_18,space,102743,102843,100.1,False,0
session_006,candidate_09,free,key_14,alphanum,103025,103114,89,False,0
session_006,candidate_09,free,key_24,alphanum,103108,103204,96.1,False,0
session_006,candidate_09,free,key_01,alphanum,103269,103374,104.5,False,0
session_006,candidate_09,free,key_18,space,103395,103507,111.6,False,0
session_006,candidate_09,free,key_17,alphanum,103824,103902,77.5,False,0
session_006,candidate_09,free,key_15,alphanum,103924,103990,66.3,False,0
session_006,candidate_09,free,key_06,alphanum,103991,104097,105.5,False,0
session_006,candidate_09,free,key_18,space,104083,104184,101.1,False,0
session_006,candidate_09,free,key_06,alphanum,104246,104348,101.8,False,0
session_006,candidate_09,free,key_30,alphanum,104332,104422,90.2,False,0
session_006,candidate_09,free,key_25,alphanum,104502,104618,116,False,0
session_006,candidate_09,free,key_06,alphanum,104623,104734,110.9,False,0
session_006,candidate_09,free,key_03,alphanum,104747,104832,85.3,False,0
session_006,candidate_09,free,key_18,space,104826,104943,117.1,False,0
session_006,candidate_09,free,key_08,alphanum,104972,105057,85.2,False,0
session_006,candidate_09,free,key_22,alphanum,105162,105290,128.1,False,0
session_006,candidate_09,free,key_03,alphanum,105264,105359,94.9,False,0
session_006,candidate_09,free,key_11,alphanum,105348,105443,95.2,False,0
session_006,candidate_09,free,key_07,alphanum,105440,105566,126.1,False,0
session_006,candidate_09,free,key_18,space,105533,105611,78.5,False,0
session_006,candidate_09,free,key_23,alphanum,105679,105730,51.3,False,0
session_006,candidate_09,free,key_03,alphanum,105867,105959,92.5,False,0
session_006,candidate_09,free,key_28,alphanum,105974,106067,92.2,False,0
session_006,candidate_09,free,key_06,alphanum,106200,106340,139.9,False,0
session_006,candidate_09,free,key_01,alphanum,106324,106449,124.7,False,0
session_006,candidate_09,free,key_18,space,106443,106535,92.2,False,0
session_006,candidate_09,free,key_17,alphanum,106591,106682,90.9,False,0
session_006,candidate_09,free,key_15,alphanum,106691,106759,68.1,False,0
session_006,candidate_09,free,key_06,alphanum,106775,106867,92.6,False,0
session_006,candidate_09,free,key_18,space,106885,106990,105.7,False,0
session_006,candidate_09,free,key_07,alphanum,107000,107106,106.3,False,0
session_006,candidate_09,free,key_08,alphanum,107091,107184,92.7,False,0
session_006,candidate_09,free,key_19,alphanum,107365,107424,59,False,0
session_006,candidate_09,free,key_18,space,107465,107591,125.5,False,0
session_006,candidate_09,free,key_07,alphanum,107616,107758,141.8,False,0
session_006,candidate_09,free,key_06,alphanum,107726,107862,137,False,0
session_006,candidate_09,free,key_25,alphanum,107975,108096,121,False,0
session_006,candidate_09,free,key_06,alphanum,108086,108212,126.5,False,0
session_006,candidate_09,free,key_03,alphanum,108209,108308,99.8,False,0
session_006,candidate_09,free,key_18,space,108313,108449,135.9,False,0
session_006,candidate_09,free,key_14,alphanum,108487,108565,78,False,0
session_006,candidate_09,free,key_24,alphanum,108543,108642,99,False,0
session_006,candidate_09,free,key_01,alphanum,108725,108810,84.7,False,0
session_006,candidate_09,free,key_18,space,108818,108907,89.6,False,0
session_006,candidate_09,free,key_17,alphanum,108960,109075,114.9,False,0
session_006,candidate_09,free,key_15,alphanum,109077,109140,63,False,0
session_006,candidate_09,free,key_06,alphanum,109116,109223,107.2,False,0
session_006,candidate_09,free,key_18,space,109265,109352,86.7,False,0
session_006,candidate_09,free,key_28,alphanum,109424,109527,103.4,False,0
session_006,candidate_09,free,key_10,alphanum,109742,109831,88.4,False,0
session_006,candidate_09,free,key_16,alphanum,109912,110081,169,False,0
session_006,candidate_09,free,key_01,alphanum,110075,110191,115.4,False,0
session_006,candidate_09,free,key_28,alphanum,110298,110357,58.9,False,0
session_006,candidate_09,free,key_13,backspace,110736,110826,89.8,False,0
session_006,candidate_09,free,key_14,alphanum,110842,110956,113.6,False,0
session_006,candidate_09,free,key_18,space,110917,111030,112.7,False,0
session_006,candidate_09,free,key_30,alphanum,111175,111249,74.4,False,0
session_006,candidate_09,free,key_24,alphanum,111358,111441,83.3,False,0
session_006,candidate_09,free,key_01,alphanum,111467,111562,95.2,False,0
session_006,candidate_09,free,key_28,alphanum,111658,111761,103,False,0
session_006,candidate_09,free,key_07,alphanum,112061,112158,96.6,False,0
session_006,candidate_09,free,key_18,space,112198,112308,110.3,False,0
session_006,candidate_09,free,key_22,alphanum,112333,112494,160.2,False,0
session_006,candidate_09,free,key_03,alphanum,112434,112542,107.3,False,0
session_006,candidate_09,free,key_18,space,112550,112652,101.3,False,0
session_006,candidate_09,free,key_17,alphanum,112686,112764,78.7,False,0
session_006,candidate_09,free,key_15,alphanum,112802,112874,72.8,False,0
session_006,candidate_09,free,key_06,alphanum,112892,112998,106.9,False,0
session_006,candidate_09,free,key_22,alphanum,113008,113082,73.4,False,0
session_006,candidate_09,free,key_01,alphanum,113125,113216,91.2,False,0
session_006,candidate_09,free,key_18,space,113223,113313,89.8,False,0
session_006,candidate_09,free,key_15,alphanum,113360,113431,71.6,False,0
session_006,candidate_09,free,key_16,alphanum,113461,113589,127.5,False,0
session_006,candidate_09,free,key_30,alphanum,113559,113609,50,False,0
session_006,candidate_09,free,key_30,alphanum,113708,113791,82.6,False,0
session_006,candidate_09,free,key_18,space,113835,113974,138.7,False,0
session_006,candidate_09,free,key_24,alphanum,114006,114100,93.5,False,0
session_006,candidate_09,free,key_07,alphanum,114158,114258,99.5,False,0
session_006,candidate_09,free,key_18,space,114260,114358,97.8,False,0
session_006,candidate_09,free,key_07,alphanum,115130,,,False,0
session_006,candidate_09,free,key_07,alphanum,116539,116605,65.8,False,0
session_006,candidate_09,free,key_18,space,116653,116760,106.6,False,0
session_006,candidate_09,free,key_24,alphanum,116816,116903,87.8,False,0
session_006,candidate_09,free,key_14,alphanum,116966,117068,102.5,False,0
session_006,candidate_09,free,key_18,space,117075,117167,91.4,False,0
session_006,candidate_09,free,key_07,alphanum,117224,117340,116.1,False,0
session_006,candidate_09,free,key_17,alphanum,117442,117541,98.7,False,0
session_006,candidate_09,free,key_24,alphanum,117550,117690,140.7,False,0
session_006,candidate_09,free,key_03,alphanum,117694,117775,81.7,False,0
session_006,candidate_09,free,key_06,alphanum,117808,117893,85.1,False,0
session_006,candidate_09,free,key_18,space,117902,117974,71.3,False,0
session_006,candidate_09,free,key_13,backspace,118251,118298,47.1,False,0
session_006,candidate_09,free,key_04,symbol,118628,118727,99.2,False,0
session_006,candidate_09,free,key_18,space,118782,118881,99,False,0
session_006,candidate_09,free,key_03,alphanum,118982,119076,93.9,False,0
session_006,candidate_09,free,key_22,alphanum,119133,119256,122.8,False,0
session_006,candidate_09,free,key_03,alphanum,119212,119336,124.4,False,0
session_006,candidate_09,free,key_06,alphanum,119398,119443,44.4,False,0
session_006,candidate_09,free,key_18,space,119542,119641,99.4,False,0
session_006,candidate_09,free,key_14,alphanum,119742,119823,81,False,0
session_006,candidate_09,free,key_24,alphanum,119849,119910,60.5,False,0
session_006,candidate_09,free,key_01,alphanum,119959,120042,83.6,False,0
session_006,candidate_09,free,key_18,space,120058,120141,83.1,False,0
session_006,candidate_09,free,key_20,alphanum,120344,120451,107.6,False,0
session_006,candidate_09,free,key_24,alphanum,120475,120564,88.5,False,0
session_006,candidate_09,free,key_01,alphanum,120576,120648,72.3,False,0
session_006,candidate_09,free,key_17,alphanum,120903,121016,112.7,False,0
session_006,candidate_09,free,key_16,alphanum,121032,121174,141.7,False,0
session_006,candidate_09,free,key_30,alphanum,121169,121261,92,False,0
session_006,candidate_09,free,key_18,space,121281,121357,76.1,False,0
session_006,candidate_09,free,key_20,alphanum,121377,121475,98.3,False,0
session_006,candidate_09,free,key_06,alphanum,121489,121580,90.4,False,0
session_006,candidate_09,free,key_03,alphanum,121610,121662,52.3,False,0
session_006,candidate_09,free,key_18,space,121718,121837,118.6,False,0
session_006,candidate_09,free,key_28,alphanum,121826,121927,100.9,False,0
session_006,candidate_09,free,key_24,alphanum,121964,121998,34.3,False,0
session_006,candidate_09,free,key_24,alphanum,122092,122218,125.9,False,0
session_006,candidate_09,free,key_20,alphanum,122208,122324,115.6,False,0
session_006,candidate_09,free,key_06,alphanum,122325,122391,65.7,False,0
session_006,candidate_09,free,key_28,alphanum,122513,122596,83,False,0
session_006,candidate_09,free,key_18,space,122600,122696,96.6,False,0
session_006,candidate_09,free,key_17,alphanum,122724,122811,87.5,False,0
session_006,candidate_09,free,key_24,alphanum,122808,122880,72.3,False,0
session_006,candidate_09,free,key_18,space,122875,122996,120.8,False,0
session_006,candidate_09,free,key_28,alphanum,122985,123095,109.7,False,0
session_006,candidate_09,free,key_22,alphanum,123100,123191,90.9,False,0
session_006,candidate_09,free,key_06,alphanum,123216,123351,135.1,False,0
session_006,candidate_09,free,key_18,space,123375,123478,103.3,False,0
session_006,candidate_09,free,key_14,alphanum,123576,123626,50.4,False,0
session_006,candidate_09,free,key_24,alphanum,123619,123712,93.7,False,0
session_006,candidate_09,free,key_13,backspace,124060,124144,83.3,False,0
session_006,candidate_09,free,key_13,backspace,124225,124293,67.7,False,0
session_006,candidate_09,free,key_24,alphanum,124482,124633,150.5,False,0
session_006,candidate_09,free,key_03,alphanum,124629,124708,78.8,False,0
session_006,candidate_09,free,key_06,alphanum,124780,124875,94.8,False,0
session_006,candidate_09,free,key_18,space,124997,125099,102.4,False,0
session_006,candidate_09,free,key_14,alphanum,125429,125532,103.7,False,0
session_006,candidate_09,free,key_24,alphanum,125541,125677,135.7,False,0
session_006,candidate_09,free,key_17,alphanum,125728,125815,86.3,False,0
session_006,candidate_09,free,key_18,space,125824,125942,118.1,False,0
session_006,candidate_09,free,key_17,alphanum,125964,126056,92.4,False,0
session_006,candidate_09,free,key_15,alphanum,126070,126142,72,False,0
session_006,candidate_09,free,key_06,alphanum,126164,126269,105.3,False,0
session_006,candidate_09,free,key_18,space,126370,126474,104.4,False,0
session_006,candidate_09,free,key_28,alphanum,126564,126663,99.5,False,0
session_006,candidate_09,free,key_16,alphanum,126686,126841,154.7,False,0
session_006,candidate_09,free,key_01,alphanum,126858,126910,51.8,False,0
session_006,candidate_09,free,key_08,alphanum,126874,126974,100.1,False,0
session_006,candidate_09,free,key_18,space,127052,127143,90.7,False,0
session_006,candidate_09,free,key_30,alphanum,127252,127313,60.8,False,0
session_006,candidate_09,free,key_24,alphanum,127441,127510,68.4,False,0
session_006,candidate_09,free,key_01,alphanum,127515,127590,75,False,0
session_006,candidate_09,free,key_28,alphanum,127682,127781,99.4,False,0
session_006,candidate_09,free,key_18,space,127819,127924,104.7,False,0
session_006,candidate_09,free,key_24,alphanum,127908,128056,147.3,False,0
session_006,candidate_09,free,key_03,alphanum,128050,128133,83.3,False,0
session_006,candidate_09,free,key_18,space,128146,128249,103,False,0
session_006,candidate_09,free,key_15,alphanum,128314,128433,118.4,False,0
session_006,candidate_09,free,key_22,alphanum,128379,128493,114,False,0
session_006,candidate_09,free,key_07,alphanum,128509,128598,88.6,False,0
session_006,candidate_09,free,key_18,space,128626,128711,85.1,False,0
session_006,candidate_09,free,key_28,alphanum,128758,128876,117.6,False,0
session_006,candidate_09,free,key_16,alphanum,128864,129062,197.8,False,0
session_006,candidate_09,free,key_01,alphanum,129043,129151,107.8,False,0
session_006,candidate_09,free,key_08,alphanum,129148,129260,112.4,False,0
session_006,candidate_09,free,key_18,space,129284,129357,73.2,False,0
session_006,candidate_09,free,key_17,alphanum,129534,129616,82.6,False,0
session_006,candidate_09,free,key_15,alphanum,129581,129661,80.2,False,0
session_006,candidate_09,free,key_24,alphanum,129780,129835,55.1,False,0
session_006,candidate_09,free,key_13,backspace,130152,130207,55.4,False,0
session_006,candidate_09,free,key_01,alphanum,130263,130361,97.9,False,0
session_006,candidate_09,free,key_24,alphanum,130426,130564,137.9,False,0
session_006,candidate_09,free,key_03,alphanum,130549,130635,86.4,False,0
session_006,candidate_09,free,key_06,alphanum,130631,130709,77.3,False,0
session_006,candidate_09,free,key_18,space,130740,130848,107.4,False,0
session_006,candidate_09,free,key_22,alphanum,130861,131003,141.9,False,0
session_006,candidate_09,free,key_03,alphanum,130944,131058,114.3,False,0
session_006,candidate_09,free,key_18,space,131077,131184,107.4,False,0
session_006,candidate_09,free,key_17,alphanum,131232,131311,79.2,False,0
session_006,candidate_09,free,key_15,alphanum,131453,131543,90.1,False,0
session_006,candidate_09,free,key_06,alphanum,131647,131742,95.7,False,0
session_006,candidate_09,free,key_18,space,131786,131891,105.3,False,0
session_006,candidate_09,free,key_30,alphanum,131947,132059,112.1,False,0
session_006,candidate_09,free,key_16,alphanum,132093,132179,85.8,False,0
session_006,candidate_09,free,key_03,alphanum,132152,132261,108.4,False,0
session_006,candidate_09,free,key_28,alphanum,132309,132409,99.5,False,0
session_006,candidate_09,free,key_18,space,132436,132512,75.8,False,0
session_006,candidate_09,free,key_24,alphanum,132580,132675,94.6,False,0
session_006,candidate_09,free,key_14,alphanum,132687,132791,104.4,False,0
session_006,candidate_09,free,key_18,space,132825,132908,82.9,False,0
session_006,candidate_09,free,key_20,alphanum,133003,133132,129.2,False,0
session_006,candidate_09,free,key_24,alphanum,133070,133184,114.1,False,0
session_006,candidate_09,free,key_01,alphanum,133158,133261,102.3,False,0
session_006,candidate_09,free,key_28,alphanum,133409,133512,103.3,False,0
session_006,candidate_09,free,key_24,alphanum,133508,133611,103,False,0
session_006,candidate_09,free,key_01,alphanum,133646,133748,102.1,False,0
session_006,candidate_09,free,key_18,space,133741,133842,100.3,False,0
session_006,candidate_09,free,key_10,alphanum,133948,134049,101.2,False,0
session_006,candidate_09,free,key_15,alphanum,134035,134095,60,False,0
session_006,candidate_09,free,key_01,alphanum,134192,134310,117.8,False,0
session_006,candidate_09,free,key_06,alphanum,134315,134458,143.1,False,0
session_006,candidate_09,free,key_01,alphanum,134508,134635,127.8,False,0
session_006,candidate_09,free,key_18,space,134670,134766,95.6,False,0
session_006,candidate_09,free,key_17,alphanum,135077,135144,66.8,False,0
session_006,candidate_09,free,key_15,alphanum,135149,135226,76.8,False,0
session_006,candidate_09,free,key_06,alphanum,135259,135345,85.6,False,0
session_006,candidate_09,free,key_18,space,135425,135508,83.2,False,0
session_006,candidate_09,free,key_07,alphanum,135686,135760,74.5,False,0
session_006,candidate_09,free,key_15,alphanum,135892,135975,82.9,False,0
session_006,candidate_09,free,key_16,alphanum,135968,136097,128.3,False,0
session_006,candidate_09,free,key_28,alphanum,136148,136258,109,False,0
session_006,candidate_09,free,key_24,alphanum,136275,136364,89.3,False,0
session_006,candidate_09,free,key_10,alphanum,136383,136460,77.3,False,0
session_006,candidate_09,free,key_07,alphanum,136729,136808,78.5,False,0
session_006,candidate_09,free,key_18,space,136820,136908,88.8,False,0
session_006,candidate_09,free,key_30,alphanum,136976,137051,74.5,False,0
session_006,candidate_09,free,key_22,alphanum,137152,137242,90.6,False,0
session_006,candidate_09,free,key_06,alphanum,137280,137374,94.3,False,0
session_006,candidate_09,free,key_18,space,137371,137474,102.8,False,0
session_006,candidate_09,free,key_24,alphanum,137600,137699,98.3,False,0
session_006,candidate_09,free,key_03,alphanum,137708,137807,99.8,False,0
session_006,candidate_09,free,key_06,alphanum,137827,,,False,0
session_006,candidate_09,free,key_18,space,137942,,,False,0
session_006,candidate_09,free,key_18,space,139543,139659,115.2,False,0
session_006,candidate_09,free,key_24,alphanum,139967,140109,142,False,0
session_006,candidate_09,free,key_03,alphanum,140160,140264,104.6,False,0
session_006,candidate_09,free,key_13,backspace,140762,140846,83.3,False,0
session_006,candidate_09,free,key_24,alphanum,141178,141281,103.7,False,0
session_006,candidate_09,free,key_03,alphanum,141302,141397,94.6,False,0
session_006,candidate_09,free,key_01,alphanum,141427,141536,109.2,False,0
session_006,candidate_09,free,key_18,space,141910,141958,48,False,0
session_006,candidate_09,free,key_01,alphanum,142560,142628,67.7,False,0
session_006,candidate_09,free,key_22,alphanum,142652,142776,123.7,False,0
session_006,candidate_09,free,key_03,alphanum,142729,142824,94.8,False,0
session_006,candidate_09,free,key_11,alphanum,142835,142931,96,False,0
session_006,candidate_09,free,key_18,space,142935,143031,96,False,0
session_006,candidate_09,free,key_17,alphanum,143051,143142,91.2,False,0
session_006,candidate_09,free,key_24,alphanum,143149,143213,63.8,False,0
session_006,candidate_09,free,key_18,space,143197,143317,120,False,0
session_006,candidate_09,free,key_01,alphanum,143325,143442,116.7,False,0
session_006,candidate_09,free,key_23,alphanum,143445,143551,106.4,False,0
session_006,candidate_09,free,key_30,alphanum,143559,143677,117.7,False,0
session_006,candidate_09,free,key_06,alphanum,143646,143748,101.3,False,0
session_006,candidate_09,free,key_18,space,143741,143834,92.8,False,0
session_006,candidate_09,free,key_17,alphanum,143842,143948,106.7,False,0
session_006,candidate_09,free,key_15,alphanum,143927,143985,58.1,False,0
session_006,candidate_09,free,key_06,alphanum,144026,144128,102,False,0
session_006,candidate_09,free,key_20,alphanum,144125,144208,83,False,0
session_006,candidate_09,free,key_18,space,144213,144334,120.3,False,0
session_006,candidate_09,free,key_16,alphanum,144349,144460,110.7,False,0
session_006,candidate_09,free,key_30,alphanum,144428,144508,80.3,False,0
session_006,candidate_09,free,key_30,alphanum,144583,144673,90.2,False,0
session_006,candidate_09,free,key_18,space,144653,144751,97.2,False,0
session_006,candidate_09,free,key_24,alphanum,144816,144934,117.1,False,0
session_006,candidate_09,free,key_03,alphanum,144909,145009,99.9,False,0
session_006,candidate_09,free,key_01,alphanum,145062,145149,87,False,0
session_006,candidate_09,free,key_18,space,145169,145251,82.7,False,0
session_006,candidate_09,free,key_17,alphanum,145337,145453,116,False,0
session_006,candidate_09,free,key_22,alphanum,145476,145630,154.1,False,0
session_006,candidate_09,free,key_03,alphanum,145578,145684,106.4,False,0
session_006,candidate_09,free,key_11,alphanum,145703,145783,79.7,False,0
session_006,candidate_09,free,key_18,space,145811,145902,91.2,False,0
session_006,candidate_09,free,key_17,alphanum,145962,146093,130.3,False,0
session_006,candidate_09,free,key_24,alphanum,146104,146174,70.2,False,0
session_006,candidate_09,free,key_18,space,146208,146312,104,False,0
session_006,candidate_09,free,key_14,alphanum,146454,146532,77.2,False,0
session_006,candidate_09,free,key_22,alphanum,146491,146668,177.2,False,0
session_006,candidate_09,free,key_03,alphanum,146626,146712,85.7,False,0
session_006,candidate_09,free,key_28,alphanum,146681,146781,100.1,False,0
session_006,candidate_09,free,key_18,space,146843,146932,89,False,0
session_006,candidate_09,free,key_17,alphanum,146910,147013,103.2,False,0
session_006,candidate_09,free,key_15,alphanum,147024,147093,68.9,False,0
session_006,candidate_09,free,key_06,alphanum,147118,147227,109.5,False,0
session_006,candidate_09,free,key_20,alphanum,147253,147341,87.5,False,0
session_006,candidate_09,free,key_18,space,147312,147465,152.4,False,0
session_006,candidate_09,free,key_24,alphanum,147476,147607,131.8,False,0
session_006,candidate_09,free,key_03,alphanum,147560,147659,99.1,False,0
session_006,candidate_09,free,key_06,alphanum,147661,147774,112.8,False,0
session_006,candidate_09,free,key_18,space,147766,147867,100.6,False,0
session_006,candidate_09,free,key_01,alphanum,147883,147985,101.6,False,0
session_006,candidate_09,free,key_22,alphanum,147997,148168,170.6,False,0
session_006,candidate_09,free,key_03,alphanum,148120,148218,97.8,False,0
session_006,candidate_09,free,key_11,alphanum,148195,148315,120.1,False,0
session_006,candidate_09,free,key_18,space,148353,148447,93.6,False,0
session_006,candidate_09,free,key_17,alphanum,148476,148576,99.9,False,0
session_006,candidate_09,free,key_24,alphanum,148587,148659,72.2,False,0
session_006,candidate_09,free,key_18,space,148676,148780,104.3,False,0
session_006,candidate_09,free,key_12,alphanum,148832,148908,75.9,False,0
session_006,candidate_09,free,key_01,alphanum,148930,149042,111.6,False,0
session_006,candidate_09,free,key_22,alphanum,149068,149246,178.2,False,0
session_006,candidate_09,free,key_03,alphanum,149204,149299,95.4,False,0
session_006,candidate_09,free,key_11,alphanum,149883,149985,102.2,False,0
session_006,candidate_09,free,key_18,space,149982,150075,92.4,False,0
session_006,candidate_09,free,key_17,alphanum,150147,150266,119.6,False,0
session_006,candidate_09,free,key_15,alphanum,150226,150291,65.5,False,0
session_006,candidate_09,free,key_06,alphanum,150330,150425,95.3,False,0
session_006,candidate_09,free,key_20,alphanum,150430,150532,102.4,False,0
session_006,candidate_09,free,key_18,space,150525,150641,115.9,False,0
session_006,candidate_09,free,key_16,alphanum,150659,150794,134.3,False,0
session_006,candidate_09,free,key_30,alphanum,150742,150834,91.9,False,0
session_006,candidate_09,free,key_30,alphanum,150902,151011,109.7,False,0
session_006,candidate_09,free,key_18,space,151035,151153,118,False,0
session_006,candidate_09,free,key_16,alphanum,151176,151298,121.8,False,0
session_006,candidate_09,free,key_03,alphanum,151312,151408,95.8,False,0
session_006,candidate_09,free,key_28,alphanum,151416,151524,107.9,False,0
session_006,candidate_09,free,key_18,space,151542,151625,83.1,False,0
session_006,candidate_09,free,key_22,alphanum,151644,151792,148.3,False,0
session_006,candidate_09,free,key_03,alphanum,151727,151825,97.6,False,0
session_006,candidate_09,free,key_18,space,151852,151967,115.2,False,0
session_006,candidate_09,free,key_17,alphanum,151988,152094,107,False,0
session_006,candidate_09,free,key_15,alphanum,152099,152163,64.3,False,0
session_006,candidate_09,free,key_06,alphanum,152179,152285,105.6,False,0
session_006,candidate_09,free,key_18,space,152278,152376,98.3,False,0
session_006,candidate_09,free,key_28,alphanum,152497,152585,87.5,False,0
session_006,candidate_09,free,key_01,alphanum,152700,152845,144.7,False,0
session_006,candidate_09,free,key_13,backspace,153262,153325,63.2,False,0
session_006,candidate_09,free,key_16,alphanum,153343,153509,166.2,False,0
session_006,candidate_09,free,key_01,alphanum,153464,153587,123.4,False,0
session_006,candidate_09,free,key_08,alphanum,153594,153670,76.1,False,0
session_006,candidate_09,free,key_03,alphanum,153795,153858,62.5,False,0
session_006,candidate_09,free,key_06,alphanum,153860,153943,82.4,False,0
session_006,candidate_09,free,key_07,alphanum,154046,154136,89.8,False,0
session_006,candidate_09,free,key_07,alphanum,154233,154311,78.1,False,0
session_006,candidate_09,free,key_18,space,154276,154400,123.7,False,0
session_006,candidate_09,free,key_12,alphanum,154544,154586,42.9,False,0
session_006,candidate_09,free,key_22,alphanum,154688,154833,145.7,False,0
session_006,candidate_09,free,key_03,alphanum,154792,154892,99.1,False,0
session_006,candidate_09,free,key_28,alphanum,154912,155008,97,False,0
session_006,candidate_09,free,key_18,space,155019,155098,79.3,False,0
session_006,candidate_09,free,key_17,alphanum,155153,155214,61.1,False,0
session_006,candidate_09,free,key_15,alphanum,155230,155302,72.2,False,0
session_006,candidate_09,free,key_06,alphanum,155344,155442,97.9,False,0
session_006,candidate_09,free,key_04,symbol,155602,155664,62,False,0
session_006,candidate_09,free,key_04,symbol,156371,156461,89.8,False,0
session_006,candidate_09,free,key_18,space,156609,156745,135.3,False,0
session_006,candidate_09,free,key_22,alphanum,157410,157530,120.3,False,0
session_006,candidate_09,free,key_03,alphanum,157468,157576,107.7,False,0
session_006,candidate_09,free,key_18,space,157594,157710,116.1,False,0
session_006,candidate_09,free,key_17,alphanum,157748,157847,99.7,False,0
session_006,candidate_09,free,key_06,alphanum,157943,158019,75.6,False,0
session_006,candidate_09,free,key_15,alphanum,158004,158090,86.5,False,0
session_006,candidate_09,free,key_13,backspace,158277,158331,53.3,False,0
session_006,candidate_09,free,key_13,backspace,158410,158482,71.4,False,0
session_006,candidate_09,free,key_15,alphanum,158656,158719,63,False,0
session_006,candidate_09,free,key_06,alphanum,158759,158858,98.8,False,0
session_006,candidate_09,free,key_18,space,158844,158958,114.5,False,0
session_006,candidate_09,free,key_30,alphanum,158944,159110,166.4,False,0
session_006,candidate_09,free,key_16,alphanum,159104,159260,155.6,False,0
session_006,candidate_09,free,key_03,alphanum,159150,159260,110.1,False,0
session_006,candidate_09,free,key_28,alphanum,159327,159467,139.3,False,0
session_006,candidate_09,free,key_18,space,159462,159544,82.2,False,0
session_006,candidate_09,free,key_24,alphanum,159627,159718,91.6,False,0
session_006,candidate_09,free,key_14,alphanum,159744,159831,87,False,0
session_006,candidate_09,free,key_18,space,159824,159918,94.5,False,0
session_006,candidate_09,free,key_20,alphanum,159963,160093,129.4,False,0
session_006,candidate_09,free,key_24,alphanum,160058,160181,122.7,False,0
session_006,candidate_09,free,key_01,alphanum,160176,160258,81.4,False,0
session_006,candidate_09,free,key_28,alphanum,160370,160476,105.6,False,0
session_006,candidate_09,free,key_24,alphanum,160469,160576,107,False,0
session_006,candidate_09,free,key_01,alphanum,160586,160693,106.3,False,0
session_006,candidate_09,free,key_18,space,160694,160791,97,False,0
session_006,candidate_09,free,key_10,alphanum,160893,160977,83.6,False,0
session_006,candidate_09,free,key_15,alphanum,160982,161053,71.2,False,0
session_006,candidate_09,free,key_06,alphanum,161126,161259,132.5,False,0
session_006,candidate_09,free,key_01,alphanum,161561,161674,113.7,False,0
session_006,candidate_09,free,key_06,alphanum,161663,161783,119.6,False,0
session_006,candidate_09,free,key_18,space,161842,161943,100.7,False,0
session_006,candidate_09,free,key_17,alphanum,161997,162076,79.5,False,0
session_006,candidate_09,free,key_15,alphanum,162104,162174,70.5,False,0
session_006,candidate_09,free,key_06,alphanum,162182,162283,101.1,False,0
session_006,candidate_09,free,key_18,space,162327,162394,66.7,False,0
session_006,candidate_09,free,key_07,alphanum,162498,162593,94.5,False,0
session_006,candidate_09,free,key_15,alphanum,162626,162694,68.4,False,0
session_006,candidate_09,free,key_16,alphanum,162786,162954,168.2,False,0
session_006,candidate_09,free,key_28,alphanum,163100,163176,76.5,False,0
session_006,candidate_09,free,key_24,alphanum,163178,163277,98.9,False,0
session_006,candidate_09,free,key_10,alphanum,163296,163387,90.7,False,0
session_006,candidate_09,free,key_07,alphanum,163547,163649,102.3,False,0
session_006,candidate_09,free,key_18,space,163663,163765,102.5,False,0
session_006,candidate_09,free,key_30,alphanum,163744,163927,182.4,False,0
session_006,candidate_09,free,key_22,alphanum,163861,163951,90.7,False,0
session_006,candidate_09,free,key_08,alphanum,164059,164150,90.3,False,0
session_006,candidate_09,free,key_06,alphanum,164144,164245,101.8,False,0
session_006,candidate_09,free,key_18,space,164251,164342,91.2,False,0
session_006,candidate_09,free,key_17,alphanum,164412,164497,85,False,0
session_006,candidate_09,free,key_15,alphanum,164502,,,False,0
session_006,candidate_09,free,key_06,alphanum,165801,165896,94.8,False,0
session_006,candidate_09,free,key_18,space,165931,166028,96.7,False,0
session_006,candidate_09,free,key_17,alphanum,166249,166326,76.5,False,0
session_006,candidate_09,free,key_15,alphanum,166318,166384,66.4,False,0
session_006,candidate_09,free,key_06,alphanum,166401,166499,98,False,0
session_006,candidate_09,free,key_18,space,166486,166591,105.5,False,0
session_006,candidate_09,free,key_09,alphanum,166681,166820,139.5,False,0
session_006,candidate_09,free,key_24,alphanum,166753,166892,139,False,0
session_006,candidate_09,free,key_10,alphanum,166853,166969,115.7,False,0
session_006,candidate_09,free,key_06,alphanum,166876,167053,176.8,False,0
session_006,candidate_09,free,key_01,alphanum,166997,167165,167.3,False,0
session_006,candidate_09,free,key_18,space,167194,167279,85,False,0
session_006,candidate_09,free,key_24,alphanum,167342,167428,86.3,False,0
session_006,candidate_09,free,key_14,alphanum,167476,167560,84,False,0
session_006,candidate_09,free,key_18,space,167550,167630,79.3,False,0
session_006,candidate_09,free,key_17,alphanum,167704,167794,90.8,False,0
session_006,candidate_09,free,key_15,alphanum,167792,167858,66.1,False,0
session_006,candidate_09,free,key_06,alphanum,167871,167983,112.2,False,0
session_006,candidate_09,free,key_18,space,167992,168076,83.5,False,0
session_006,candidate_09,free,key_01,alphanum,168059,168159,99.2,False,0
session_006,candidate_09,free,key_22,alphanum,168246,168393,147.1,False,0
session_006,candidate_09,free,key_03,alphanum,168338,168436,97.7,False,0
session_006,candidate_09,free,key_11,alphanum,168409,168493,84.2,False,0
session_006,candidate_09,free,key_18,space,168543,168634,91.6,False,0
session_006,candidate_09,free,key_02,alphanum,168720,168826,105,False,0
session_006,candidate_09,free,key_16,alphanum,168848,168964,115.8,False,0
session_006,candidate_09,free,key_03,alphanum,168942,169009,67,False,0
session_006,candidate_09,free,key_03,alphanum,169093,169159,66.3,False,0
session_006,candidate_09,free,key_24,alphanum,169200,169300,100.1,False,0
session_006,candidate_09,free,key_17,alphanum,169343,169392,48.5,False,0
session_006,candidate_09,free,key_18,space,169434,169519,85.7,False,0
session_006,candidate_09,free,key_12,alphanum,169733,169797,64.2,False,0
session_006,candidate_09,free,key_06,alphanum,169910,170030,120.3,False,0
session_006,candidate_09,free,key_18,space,170009,170094,85.2,False,0
session_006,candidate_09,free,key_23,alphanum,170195,170264,68.8,False,0
session_006,candidate_09,free,key_03,alphanum,170419,170474,55.1,False,0
session_006,candidate_09,free,key_28,alphanum,170514,170592,78.3,False,0
session_006,candidate_09,free,key_24,alphanum,170612,170730,117.9,False,0
session_006,candidate_09,free,key_03,alphanum,170711,170815,104,False,0
session_006,candidate_09,free,key_06,alphanum,170827,170928,101,False,0
session_006,candidate_09,free,key_18,space,170950,171009,58.7,False,0
session_006,candidate_09,free,key_16,alphanum,171114,171224,110.2,False,0
session_006,candidate_09,free,key_03,alphanum,171194,171275,81.2,False,0
session_006,candidate_09,free,key_28,alphanum,171285,171377,92.6,False,0
session_006,candidate_09,free,key_18,space,171418,171477,59.5,False,0
session_006,candidate_09,free,key_22,alphanum,171513,171609,95.9,False,0
session_006,candidate_09,free,key_17,alphanum,171625,171751,126,False,0
session_006,candidate_09,free,key_07,alphanum,171728,171881,153.3,False,0
session_006,candidate_09,free,key_18,space,171842,171916,73.5,False,0
session_006,candidate_09,free,key_20,alphanum,172030,172127,96.5,False,0
session_006,candidate_09,free,key_16,alphanum,172134,172263,129.5,False,0
session_006,candidate_09,free,key_30,alphanum,172401,172587,185.5,False,0
session_006,candidate_09,free,key_22,alphanum,172516,172631,114.7,False,0
session_006,candidate_09,free,key_02,alphanum,172834,172955,121.2,False,0
session_006,candidate_09,free,key_06,alphanum,172947,173086,138.8,False,0
session_006,candidate_09,free,key_18,space,173109,173199,90.2,False,0
session_006,candidate_09,free,key_07,alphanum,173427,173525,97.9,False,0
session_006,candidate_09,free,key_06,alphanum,173643,173677,33.6,False,0
session_006,candidate_09,free,key_07,alphanum,173727,173851,124.1,False,0
session_006,candidate_09,free,key_13,backspace,174275,174348,72.6,False,0
session_006,candidate_09,free,key_06,alphanum,174375,174478,103.2,False,0
session_006,candidate_09,free,key_09,alphanum,174621,174675,54.5,False,0
session_006,candidate_09,free,key_07,alphanum,174722,174799,76.4,False,0
session_006,candidate_09,free,key_18,space,174843,174944,100.6,False,0
session_006,candidate_09,free,key_22,alphanum,174978,175098,120,False,0
session_006,candidate_09,free,key_03,alphanum,175050,175146,95.2,False,0
session_006,candidate_09,free,key_17,alphanum,175167,175259,92.2,False,0
session_006,candidate_09,free,key_24,alphanum,175293,175366,72.1,False,0
session_006,candidate_09,free,key_18,space,175401,175518,116.5,False,0
session_006,candidate_09,free,key_17,alphanum,175688,175771,83.2,False,0
session_006,candidate_09,free,key_15,alphanum,175810,175900,90.5,False,0
session_006,candidate_09,free,key_06,alphanum,175882,175992,110.2,False,0
session_006,candidate_09,free,key_18,space,176000,176098,97.8,False,0
session_006,candidate_09,free,key_25,alphanum,176188,176304,115.4,False,0
session_006,candidate_09,free,key_06,alphanum,176310,176430,120.9,False,0
session_006,candidate_09,free,key_01,alphanum,176412,176547,135.3,False,0
session_006,candidate_09,free,key_19,alphanum,176887,176967,79.5,False,0
session_006,candidate_09,free,key_18,space,177003,177142,138.9,False,0
session_006,candidate_09,free,key_07,alphanum,177152,177316,164.4,False,0
session_006,candidate_09,free,key_24,alphanum,177245,177392,147.5,False,0
session_006,candidate_09,free,key_23,alphanum,177320,177416,95.4,False,0
session_006,candidate_09,free,key_30,alphanum,177510,177609,98.9,False,0
session_006,candidate_09,free,key_18,space,177659,177781,122.3,False,0
session_006,candidate_09,free,key_24,alphanum,177801,177881,80.3,False,0
session_006,candidate_09,free,key_14,alphanum,177947,178076,128.4,False,0
session_006,candidate_09,free,key_18,space,178061,178152,91.3,False,0
session_006,candidate_09,free,key_10,alphanum,178333,178436,103.1,False,0
session_006,candidate_09,free,key_15,alphanum,178411,178504,93,False,0
session_006,candidate_09,free,key_24,alphanum,178497,178614,117.2,False,0
session_006,candidate_09,free,key_06,alphanum,178680,178813,132.5,False,0
session_006,candidate_09,free,key_25,alphanum,178919,179029,110.4,False,0
session_006,candidate_09,free,key_06,alphanum,179038,179184,146,False,0
session_006,candidate_09,free,key_01,alphanum,179170,179285,114.8,False,0
session_006,candidate_09,free,key_18,space,179318,179425,107.1,False,0
session_006,candidate_09,free,key_12,alphanum,179558,179625,66.7,False,0
session_006,candidate_09,free,key_06,alphanum,179643,179762,119.1,False,0
session_006,candidate_09,free,key_16,alphanum,179750,179932,182.6,False,0
session_006,candidate_09,free,key_01,alphanum,179894,180015,120.5,False,0
session_006,candidate_09,free,key_07,alphanum,180043,180163,120.3,False,0
session_006,candidate_09,free,key_18,space,180181,180286,104.9,False,0
session_006,candidate_09,free,key_22,alphanum,180314,180426,111.3,False,0
session_006,candidate_09,free,key_17,alphanum,180638,180749,110.3,False,0
session_006,candidate_09,free,key_04,symbol,180860,180903,43.7,False,0
session_006,candidate_09,free,key_17,alphanum,181593,181686,92.8,False,0
session_006,candidate_09,free,key_15,alphanum,181692,181761,69.1,False,0
session_006,candidate_09,free,key_06,alphanum,181802,181877,74.5,False,0
session_006,candidate_09,free,key_13,backspace,182379,182446,67.5,False,0
session_006,candidate_09,free,key_01,alphanum,182455,182558,103.1,False,0
session_006,candidate_09,free,key_06,alphanum,182525,182628,102.3,False,0
session_006,candidate_09,free,key_06,alphanum,182694,182842,148.5,False,0
session_006,candidate_09,free,key_18,space,183101,183218,116.7,False,0
session_006,candidate_09,free,key_01,alphanum,183343,183427,84.4,False,0
session_006,candidate_09,free,key_22,alphanum,183442,183597,155.5,False,0
session_006,candidate_09,free,key_03,alphanum,183526,183626,100.3,False,0
session_006,candidate_09,free,key_11,alphanum,183635,183735,100,False,0
session_006,candidate_09,free,key_07,alphanum,183730,183950,220.3,False,0
session_006,candidate_09,free,key_18,space,183848,183946,98.3,False,0
session_006,candidate_09,free,key_14,alphanum,183988,184092,104,False,0
session_006,candidate_09,free,key_24,alphanum,184076,184166,89.3,False,0
session_006,candidate_09,free,key_01,alphanum,184214,184337,123.2,False,0
session_006,candidate_09,free,key_18,space,184342,184426,83.6,False,0
session_006,candidate_09,free,key_17,alphanum,184465,184569,103.8,False,0
session_006,candidate_09,free,key_15,alphanum,184565,184648,82.6,False,0
session_006,candidate_09,free,key_06,alphanum,184653,184764,111.7,False,0
session_006,candidate_09,free,key_18,space,184794,184885,91.9,False,0
session_006,candidate_09,free,key_06,alphanum,184972,185084,112.2,False,0
session_006,candidate_09,free,key_30,alphanum,185113,185212,99.3,False,0
session_006,candidate_09,free,key_25,alphanum,185263,185366,102.8,False,0
session_006,candidate_09,free,key_06,alphanum,185384,185535,150.6,False,0
session_006,candidate_09,free,key_03,alphanum,185511,185608,97,False,0
session_006,candidate_09,free,key_18,space,185620,185736,115.6,False,0
session_006,candidate_09,free,key_08,alphanum,185744,185828,84,False,0
session_006,candidate_09,free,key_22,alphanum,185936,186082,146.7,False,0
session_006,candidate_09,free,key_03,alphanum,186025,186142,117,False,0
session_006,candidate_09,free,key_11,alphanum,186149,186233,83.7,False,0
session_006,candidate_09,free,key_07,alphanum,186227,186369,141.9,False,0
session_006,candidate_09,free,key_18,space,186330,186410,79.7,False,0
session_006,candidate_09,free,key_23,alphanum,186477,186552,74.3,False,0
session_006,candidate_09,free,key_03,alphanum,186693,186754,61.3,False,0
session_006,candidate_09,free,key_28,alphanum,186777,186852,75.5,False,0
session_006,candidate_09,free,key_06,alphanum,186960,187127,167,False,0
session_006,candidate_09,free,key_01,alphanum,187095,187201,106,False,0
session_006,candidate_09,free,key_18,space,187207,187287,80.3,False,0
session_006,candidate_09,free,key_17,alphanum,187350,187443,92.4,False,0
session_006,candidate_09,free,key_15,alphanum,187439,187521,81.5,False,0
session_006,candidate_09,free,key_06,alphanum,187536,187644,107.4,False,0
session_006,candidate_09,free,key_18,space,187686,187765,78.4,False,0
session_006,candidate_09,free,key_07,alphanum,187844,187951,107.5,False,0
session_006,candidate_09,free,key_08,alphanum,187969,188051,82.1,False,0
session_006,candidate_09,free,key_19,alphanum,188251,188348,97,False,0
session_006,candidate_09,free,key_18,space,188412,188519,106.7,False,0
session_006,candidate_09,free,key_07,alphanum,188543,188699,156.2,False,0
session_006,candidate_09,free,key_06,alphanum,188676,188836,160,False,0
session_006,candidate_09,free,key_25,alphanum,188929,189026,97,False,0
session_006,candidate_09,free,key_06,alphanum,189009,189137,128.2,False,0
session_006,candidate_09,free,key_03,alphanum,189218,189315,96.6,False,0
session_006,candidate_09,free,key_18,space,189363,189483,120,False,0
session_006,candidate_09,free,key_14,alphanum,189645,189753,108.4,False,0
session_006,candidate_09,free,key_24,alphanum,189769,189861,91.5,False,0
session_006,candidate_09,free,key_01,alphanum,189964,190027,62.8,False,0
session_006,candidate_09,free,key_18,space,190046,190170,124.4,False,0
session_006,candidate_09,free,key_17,alphanum,190252,190349,96.8,False,0
session_006,candidate_09,free,key_15,alphanum,190364,190449,84.8,False,0
session_006,candidate_09,free,key_06,alphanum,190465,190581,115.9,False,0
session_006,candidate_09,free,key_18,space,190596,190664,68.7,False,0
session_006,candidate_09,free,key_28,alphanum,190936,191058,122.3,False,0
session_006,candidate_09,free,key_10,alphanum,191451,191533,82.8,False,0
session_006,candidate_09,free,key_16,alphanum,191615,191796,180.5,False,0
session_006,candidate_09,free,key_01,alphanum,191810,191899,88.4,False,0
session_006,candidate_09,free,key_14,alphanum,192111,192253,141.7,False,0
session_006,candidate_09,free,key_18,space,192248,192368,120.1,False,0
session_006,candidate_09,free,key_24,alphanum,192598,192669,70.7,False,0
session_006,candidate_09,free,key_13,backspace,193093,193149,55.5,False,0
session_006,candidate_09,free,key_30,alphanum,193327,193411,83.5,False,0
session_006,candidate_09,free,key_24,alphanum,193517,193583,66.2,False,0
session_006,candidate_09,free,key_01,alphanum,193610,193693,82.7,False,0
session_006,candidate_09,free,key_28,alphanum,193803,193911,107.9,False,0
session_006,candidate_09,free,key_07,alphanum,194210,194309,98.5,False,0
session_006,candidate_09,free,key_18,space,194320,194428,108,False,0
session_006,candidate_09,free,key_22,alphanum,194451,,,False,0
session_005,candidate_04,pangram,key_17,alphanum,0,127.8,127.8,False,0
session_005,candidate_04,pangram,key_15,alphanum,151.7,243.3,91.6,False,0
session_005,candidate_04,pangram,key_06,alphanum,286.3,405.1,118.8,False,0
session_005,candidate_04,pangram,key_18,space,494.5,594.4,99.9,False,0
session_005,candidate_04,pangram,key_27,alphanum,1262.2,1428.8,166.6,False,0
session_005,candidate_04,pangram,key_23,alphanum,1534.8,1702.2,167.4,False,0
session_005,candidate_04,pangram,key_22,alphanum,1672.1,1776.1,104,False,0
session_005,candidate_04,pangram,key_02,alphanum,1917.2,2057.1,139.9,False,0
session_005,candidate_04,pangram,key_08,alphanum,2197.1,2272.6,75.5,False,0
session_005,candidate_04,pangram,key_18,space,2432.9,2528.7,95.8,False,0
session_005,candidate_04,pangram,key_12,alphanum,2989.5,3065.6,76.1,False,0
session_005,candidate_04,pangram,key_01,alphanum,3185.2,3288.5,103.3,False,0
session_005,candidate_04,pangram,key_24,alphanum,3373.6,3393.9,20.3,False,0
session_005,candidate_04,pangram,key_24,alphanum,3426.5,3446.3,19.8,False,0
session_005,candidate_04,pangram,key_10,alphanum,3527.2,3628.4,101.2,False,0
session_005,candidate_04,pangram,key_03,alphanum,3718,3804.7,86.7,False,0
session_005,candidate_04,pangram,key_18,space,3963.2,4071.6,108.4,False,0
session_005,candidate_04,pangram,key_13,backspace,4638.8,4710.5,71.7,False,0
session_005,candidate_04,pangram,key_13,backspace,4842.5,4904.9,62.4,False,0
session_005,candidate_04,pangram,key_13,backspace,5028.5,5111.8,83.3,False,0
session_005,candidate_04,pangram,key_13,backspace,5224,5330.1,106.1,False,0
session_005,candidate_04,pangram,key_10,alphanum,5907.3,6081.8,174.5,False,0
session_005,candidate_04,pangram,key_03,alphanum,6066.2,6133.8,67.6,False,0
session_005,candidate_04,pangram,key_18,space,6245,6340.5,95.5,False,0
session_005,candidate_04,pangram,key_14,alphanum,6995.6,7113.8,118.2,False,0
session_005,candidate_04,pangram,key_24,alphanum,7208.4,7281.6,73.2,False,0
session_005,candidate_04,pangram,key_05,alphanum,7544.5,7696.7,152.2,False,0
session_005,candidate_04,pangram,key_18,space,7699.1,7783.5,84.4,False,0
session_005,candidate_04,pangram,key_29,alphanum,7993.5,8135,141.5,False,0
session_005,candidate_04,pangram,key_23,alphanum,8201.5,8277.9,76.4,False,0
session_005,candidate_04,pangram,key_20,alphanum,8541.9,8617.6,75.7,False,0
session_005,candidate_04,pangram,key_09,alphanum,8785.8,8872.3,86.5,False,0
session_005,candidate_04,pangram,key_07,alphanum,8993.5,9138.2,144.7,False,0
session_005,candidate_04,pangram,key_18,space,9185.8,9253,67.2,False,0
session_005,candidate_04,pangram,key_24,alphanum,9550.6,9637.5,86.9,False,0
session_005,candidate_04,pangram,key_25,alphanum,9820.4,9922.9,102.5,False,0
session_005,candidate_04,pangram,key_06,alphanum,10073.4,10224.2,150.8,False,0
session_005,candidate_04,pangram,key_01,alphanum,10155.4,10316.9,161.5,False,0
session_005,candidate_04,pangram,key_18,space,10319.3,10403.7,84.4,False,0
session_005,candidate_04,pangram,key_17,alphanum,10469,10571.8,102.8,False,0
session_005,candidate_04,pangram,key_15,alphanum,10594.7,10672.5,77.8,False,0
session_005,candidate_04,pangram,key_06,alphanum,10708,10828.6,120.6,False,0
session_005,candidate_04,pangram,key_18,space,10839.3,10916.8,77.5,False,0
session_005,candidate_04,pangram,key_30,alphanum,11166.5,11253.7,87.2,False,0
session_005,candidate_04,pangram,key_16,alphanum,11282.7,11410.7,128,False,0
session_005,candidate_04,pangram,key_07,alphanum,11508.7,11584.2,75.5,False,0
session_005,candidate_04,pangram,key_13,backspace,11873.2,11949.4,76.2,False,0
session_005,candidate_04,pangram,key_26,alphanum,12758.4,12904.2,145.8,False,0
session_005,candidate_04,pangram,key_19,alphanum,13420.8,13513.5,92.7,False,0
session_005,candidate_04,pangram,key_18,space,13574,13663.2,89.2,False,0
session_005,candidate_04,pangram,key_28,alphanum,14283.3,14383.1,99.8,False,0
session_005,candidate_04,pangram,key_24,alphanum,14493.6,14565.3,71.7,False,0
session_005,candidate_04,pangram,key_11,alphanum,14893.4,14986,92.6,False,0
session_005,candidate_04,pangram,key_09,alphanum,16226.1,16295.9,69.8,False,0
session_005,candidate_04,pangram,key_16,alphanum,16308.1,16457.5,149.4,False,0
session_005,candidate_04,pangram,key_02,alphanum,16695.1,16825.3,130.2,False,0
session_005,candidate_04,pangram,key_08,alphanum,16804.1,16877.7,73.6,False,0
session_005,candidate_04,pangram,key_18,space,17060.4,17137,76.6,False,0
session_005,candidate_04,pangram,key_20,alphanum,17339.2,17438.4,99.2,False,0
session_005,candidate_04,pangram,key_19,alphanum,17609.5,17701.6,92.1,False,0
session_005,candidate_04,pangram,key_18,space,17712.5,17796.2,83.7,False,0
session_005,candidate_04,pangram,key_12,alphanum,17947.7,18022.4,74.7,False,0
session_005,candidate_04,pangram,key_24,alphanum,18185.8,18273.5,87.7,False,0
session_005,candidate_04,pangram,key_05,alphanum,18410.9,18518.3,107.4,False,0
session_005,candidate_04,pangram,key_18,space,18554.4,18632,77.6,False,0
session_005,candidate_04,pangram,key_10,alphanum,19072.1,19212.1,140,False,0
session_005,candidate_04,pangram,key_22,alphanum,19218,19345.9,127.9,False,0
session_005,candidate_04,pangram,key_17,alphanum,19407.4,19518.3,110.9,False,0
session_005,candidate_04,pangram,key_15,alphanum,19498.9,19582.2,83.3,False,0
session_005,candidate_04,pangram,key_18,space,19716.1,19809,92.9,False,0
session_005,candidate_04,pangram,key_14,alphanum,20142.8,20249.7,106.9,False,0
session_005,candidate_04,pangram,key_22,alphanum,20277.4,20353.8,76.4,False,0
session_005,candidate_04,pangram,key_25,alphanum,20476.3,20573.8,97.5,False,0
session_005,candidate_04,pangram,key_06,alphanum,20746.8,20862.2,115.4,False,0
session_005,candidate_04,pangram,key_18,space,20893.2,20912.9,19.7,False,0
session_005,candidate_04,pangram,key_18,space,20942.6,20960.9,18.3,False,0
session_005,candidate_04,pangram,key_28,alphanum,21385.9,21490.2,104.3,False,0
session_005,candidate_04,pangram,key_24,alphanum,21497.1,21562.2,65.1,False,0
session_005,candidate_04,pangram,key_26,alphanum,22053.8,22150.4,96.6,False,0
session_005,candidate_04,pangram,key_06,alphanum,22282.4,,,False,0
session_005,candidate_04,pangram,key_28,alphanum,24571.9,24717.5,145.6,False,0
session_005,candidate_04,pangram,key_24,alphanum,25068,25179,111,False,0
session_005,candidate_04,pangram,key_26,alphanum,25340.6,25431.5,90.9,False,0
session_005,candidate_04,pangram,key_06,alphanum,25586.9,25670.4,83.5,False,0
session_005,candidate_04,pangram,key_03,alphanum,25751.8,25826.2,74.4,False,0
session_005,candidate_04,pangram,key_18,space,25937.3,26020.7,83.4,False,0
session_005,candidate_04,pangram,key_30,alphanum,26561.6,26638.1,76.5,False,0
session_005,candidate_04,pangram,key_22,alphanum,26815.5,26895.4,79.9,False,0
session_005,candidate_04,pangram,key_27,alphanum,27061.8,27204.1,142.3,False,0
session_005,candidate_04,pangram,key_23,alphanum,27264,27425.7,161.7,False,0
session_005,candidate_04,pangram,key_24,alphanum,27691.1,27857.6,166.5,False,0
session_005,candidate_04,pangram,key_01,alphanum,27885.1,27956.6,71.5,False,0
session_005,candidate_04,pangram,key_18,space,28150.3,28245.9,95.6,False,0
session_005,candidate_04,pangram,key_29,alphanum,28793.7,28899.4,105.7,False,0
session_005,candidate_04,pangram,key_23,alphanum,28973.9,29068.1,94.2,False,0
session_005,candidate_04,pangram,key_11,alphanum,29287.5,29415.9,128.4,False,0
session_005,candidate_04,pangram,key_07,alphanum,29506.9,29611.3,104.4,False,0
session_005,candidate_04,pangram,key_18,space,29668.8,29736.1,67.3,False,0
session_005,candidate_04,pangram,key_13,backspace,30641.4,30661.3,19.9,False,0
session_005,candidate_04,pangram,key_13,backspace,30694.1,30713.7,19.6,False,0
session_005,candidate_04,pangram,key_15,alphanum,31122.3,31280,157.7,False,0
session_005,candidate_04,pangram,key_24,alphanum,31306.7,31437.1,130.4,False,0
session_005,candidate_04,pangram,key_10,alphanum,31499.2,31624.3,125.1,False,0
session_005,candidate_04,pangram,key_18,space,31633.4,31761,127.6,False,0
session_005,candidate_04,pangram,key_25,alphanum,32465.9,32561.6,95.7,False,0
session_005,candidate_04,pangram,key_06,alphanum,32702.8,32806.6,103.8,False,0
session_005,candidate_04,pangram,key_05,alphanum,33215.2,33351.4,136.2,False,0
session_005,candidate_04,pangram,key_23,alphanum,33495.6,33585,89.4,False,0
session_005,candidate_04,pangram,key_13,backspace,34664.9,34797.6,132.7,False,0
session_005,candidate_04,pangram,key_22,alphanum,35419.2,35526.5,107.3,False,0
session_005,candidate_04,pangram,key_03,alphanum,35633.1,35705.7,72.6,False,0
session_005,candidate_04,pangram,key_11,alphanum,35835.6,35945.6,110,False,0
session_005,candidate_04,pangram,key_30,alphanum,36030.5,36129.4,98.9,False,0
session_005,candidate_04,pangram,key_19,alphanum,36287.7,36405.3,117.6,False,0
session_005,candidate_04,pangram,key_18,space,36482.4,36568.4,86,False,0
session_005,candidate_04,pangram,key_27,alphanum,37012.8,37192.5,179.7,False,0
session_005,candidate_04,pangram,key_23,alphanum,37277,37496.1,219.1,False,0
session_005,candidate_04,pangram,key_22,alphanum,37452.4,37581.9,129.5,False,0
session_005,candidate_04,pangram,key_02,alphanum,37929.1,38087.9,158.8,False,0
session_005,candidate_04,pangram,key_08,alphanum,38168.4,38242.9,74.5,False,0
session_005,candidate_04,pangram,key_18,space,38406.9,38526.6,119.7,False,0
session_005,candidate_04,pangram,key_14,alphanum,39090.6,39161.4,70.8,False,0
session_005,candidate_04,pangram,key_13,backspace,39450.7,39561.2,110.5,False,0
session_005,candidate_04,pangram,key_28,alphanum,39675.4,39826.7,151.3,False,0
session_005,candidate_04,pangram,key_16,alphanum,39783.3,39949.9,166.6,False,0
session_005,candidate_04,pangram,key_14,alphanum,40025.2,40133.6,108.4,False,0
session_005,candidate_04,pangram,key_17,alphanum,40246.6,40339.4,92.8,False,0
session_005,candidate_04,pangram,key_18,space,40441.6,40517.1,75.5,False,0
session_005,candidate_04,pangram,key_26,alphanum,41268.6,41354.9,86.3,False,0
session_005,candidate_04,pangram,key_06,alphanum,41586.2,41678.5,92.3,False,0
session_005,candidate_04,pangram,key_12,alphanum,42226.3,42326.3,100,False,0
session_005,candidate_04,pangram,key_01,alphanum,42341,42423.3,82.3,False,0
session_005,candidate_04,pangram,key_16,alphanum,42606.6,42719.2,112.6,False,0
session_005,candidate_04,pangram,key_07,alphanum,42848,43005.8,157.8,False,0
session_005,candidate_04,pangram,key_18,space,43066.5,43173.4,106.9,False,0
session_005,candidate_04,pangram,key_29,alphanum,43597.3,43704.6,107.3,False,0
session_005,candidate_04,pangram,key_23,alphanum,43808.4,43882.1,73.7,False,0
session_005,candidate_04,pangram,key_03,alphanum,44013.4,44079.2,65.8,False,0
session_005,candidate_04,pangram,key_13,backspace,44584.8,44671.3,86.5,False,0
session_005,candidate_04,pangram,key_20,alphanum,44963,45128.8,165.8,False,0
session_005,candidate_04,pangram,key_09,alphanum,45096.4,45215.5,119.1,False,0
session_005,candidate_04,pangram,key_17,alphanum,46165.3,46260.4,95.1,False,0
session_005,candidate_04,pangram,key_15,alphanum,46411.3,46518.4,107.1,False,0
session_005,candidate_04,pangram,key_06,alphanum,46548.1,46672.4,124.3,False,0
session_005,candidate_04,pangram,key_18,space,46693.4,46793.7,100.3,False,0
session_005,candidate_04,pangram,key_14,alphanum,46952.4,47059.2,106.8,False,0
session_005,candidate_04,pangram,key_22,alphanum,47083.5,47180.2,96.7,False,0
session_005,candidate_04,pangram,key_25,alphanum,47270.2,47364.7,94.5,False,0
session_005,candidate_04,pangram,key_06,alphanum,47466.3,47582.5,116.2,False,0
session_005,candidate_04,pangram,key_18,space,47615.9,47706.2,90.3,False,0
session_005,candidate_04,pangram,key_12,alphanum,48032.2,48131.1,98.9,False,0
session_005,candidate_04,pangram,key_24,alphanum,48301.6,48406.5,104.9,False,0
session_005,candidate_04,pangram,key_05,alphanum,48507.1,48664.7,157.6,False,0
session_005,candidate_04,pangram,key_22,alphanum,48682.2,48807.2,125,False,0
session_005,candidate_04,pangram,key_03,alphanum,48868.4,48963,94.6,False,0
session_005,candidate_04,pangram,key_11,alphanum,49139.8,49272.9,133.1,False,0
session_005,candidate_04,pangram,key_18,space,49352.6,49449.3,96.7,False,0
session_005,candidate_04,pangram,key_10,alphanum,49896.5,50049.5,153,False,0
session_005,candidate_04,pangram,key_22,alphanum,50074.6,50181.7,107.1,False,0
session_005,candidate_04,pangram,key_26,alphanum,50504.8,50619.5,114.7,False,0
session_005,candidate_04,pangram,key_16,alphanum,51049.2,51204.1,154.9,False,0
session_005,candidate_04,pangram,key_01,alphanum,51388.6,51451.3,62.7,False,0
session_005,candidate_04,pangram,key_28,alphanum,51618.3,51694.2,75.9,False,0
session_005,candidate_04,pangram,key_07,alphanum,51849.2,51963.6,114.4,False,0
session_005,candidate_04,pangram,key_18,space,52107.5,52214.5,107,False,0
session_005,candidate_04,pangram,key_29,alphanum,52493.4,52628.8,135.4,False,0
session_005,candidate_04,pangram,key_23,alphanum,52679.7,52782.4,102.7,False,0
session_005,candidate_04,pangram,key_20,alphanum,52982.2,53098.3,116.1,False,0
session_005,candidate_04,pangram,key_09,alphanum,53194.5,53306.6,112.1,False,0
session_005,candidate_04,pangram,key_18,space,53459.4,53563.7,104.3,False,0
session_005,candidate_04,pangram,key_27,alphanum,53738.6,53915.4,176.8,False,0
session_005,candidate_04,pangram,key_23,alphanum,53985.9,54166.1,180.2,False,0
session_005,candidate_04,pangram,key_22,alphanum,54130,54286.1,156.1,False,0
session_005,candidate_04,pangram,key_02,alphanum,54447.6,54615.4,167.8,False,0
session_005,candidate_04,pangram,key_08,alphanum,54642.5,54755,112.5,False,0
session_005,candidate_04,pangram,key_30,alphanum,54894.5,55025.5,131,False,0
session_005,candidate_04,pangram,key_19,alphanum,55170.6,55305.9,135.3,False,0
session_005,candidate_04,pangram,key_18,space,55357.4,55460,102.6,False,0
session_005,candidate_04,pangram,key_13,backspace,56017.5,56124.7,107.2,False,0
session_005,candidate_04,pangram,key_07,alphanum,56408,56589.3,181.3,False,0
session_005,candidate_04,pangram,key_09,alphanum,56652.2,56750.4,98.2,False,0
session_005,candidate_04,pangram,key_15,alphanum,57852.6,57959.4,106.8,False,0
session_005,candidate_04,pangram,key_22,alphanum,57982.7,58112,129.3,False,0
session_005,candidate_04,pangram,key_03,alphanum,58156.2,58266.3,110.1,False,0
session_005,candidate_04,pangram,key_05,alphanum,58394.9,58537.4,142.5,False,0
session_005,candidate_04,pangram,key_18,space,58585.2,58689.8,104.6,False,0
session_005,candidate_04,pangram,key_24,alphanum,58961.1,59021.5,60.4,False,0
session_005,candidate_04,pangram,key_14,alphanum,59245.1,59384.2,139.1,False,0
session_005,candidate_04,pangram,key_18,space,59399.7,59486.2,86.5,False,0
session_005,candidate_04,pangram,key_12,alphanum,59638.6,59734.2,95.6,False,0
session_005,candidate_04,pangram,key_30,alphanum,60123.3,60269.7,146.4,False,0
session_005,candidate_04,pangram,key_16,alphanum,60249.6,60371.6,122,False,0
session_005,candidate_04,pangram,key_02,alphanum,60549.7,60672.1,122.4,False,0
session_005,candidate_04,pangram,key_08,alphanum,60682.7,60784.5,101.8,False,0
session_005,candidate_04,pangram,key_18,space,60944,61049,105,False,0
session_005,candidate_04,pangram,key_27,alphanum,61374,61551.8,177.8,False,0
session_005,candidate_04,pangram,key_23,alphanum,61624.4,61728.4,104,False,0
session_005,candidate_04,pangram,key_16,alphanum,62342.5,62482.7,140.2,False,0
session_005,candidate_04,pangram,key_01,alphanum,62683.6,62760.6,77,False,0
session_005,candidate_04,pangram,key_17,alphanum,62919.8,62979.1,59.3,False,0
session_005,candidate_04,pangram,key_26,alphanum,63317.1,63458.8,141.7,False,0
session_005,candidate_04,pangram,key_18,space,63508.3,63596.1,87.8,False,0
session_005,candidate_04,pangram,key_29,alphanum,64103.8,64203.8,100,False,0
session_005,candidate_04,pangram,key_23,alphanum,64305,64406.4,101.4,False,0
session_005,candidate_04,pangram,key_28,alphanum,64601.5,64742.6,141.1,False,0
session_005,candidate_04,pangram,key_11,alphanum,65007.2,65159.6,152.4,False,0
session_005,candidate_04,pangram,key_06,alphanum,65232,65377,145,False,0
session_005,candidate_04,pangram,key_18,space,65416.3,65493.4,77.1,False,0
session_005,candidate_04,pangram,key_20,alphanum,65841.2,65966.2,125,False,0
session_005,candidate_04,pangram,key_19,alphanum,66087.6,66205.6,118,False,0
session_005,candidate_04,pangram,key_18,space,66245.4,66308.4,63,False,0
session_005,candidate_04,pangram,key_25,alphanum,66655.7,66778.4,122.7,False,0
session_005,candidate_04,pangram,key_24,alphanum,66872,66964.4,92.4,False,0
session_005,candidate_04,pangram,key_10,alphanum,67158.7,67294.5,135.8,False,0
session_005,candidate_04,pangram,key_18,space,67318.7,67386.9,68.2,False,0
session_005,candidate_04,pangram,key_13,backspace,67848.3,67943.3,95,False,0
session_005,candidate_04,pangram,key_17,alphanum,68272.3,68397.8,125.5,False,0
session_005,candidate_04,pangram,key_15,alphanum,68438.5,68522.4,83.9,False,0
session_005,candidate_04,pangram,key_06,alphanum,68882.5,69028.6,146.1,False,0
session_005,candidate_04,pangram,key_18,space,69152.4,69253.5,101.1,False,0
session_005,candidate_04,pangram,key_27,alphanum,69387.5,69539.3,151.8,False,0
session_005,candidate_04,pangram,key_23,alphanum,69612.6,69793.7,181.1,False,0
session_005,candidate_04,pangram,key_22,alphanum,69754.2,69899.7,145.5,False,0
session_005,candidate_04,pangram,key_02,alphanum,70117.3,70263.1,145.8,False,0
session_005,candidate_04,pangram,key_08,alphanum,70232.1,70335.9,103.8,False,0
session_005,candidate_04,pangram,key_18,space,70539.5,70623.7,84.2,False,0
session_005,candidate_04,pangram,key_12,alphanum,71007.1,71099.6,92.5,False,0
session_005,candidate_04,pangram,key_01,alphanum,71245.7,71370.7,125,False,0
session_005,candidate_04,pangram,key_24,alphanum,71428.2,71584.5,156.3,False,0
session_005,candidate_04,pangram,key_10,alphanum,71834.6,72005.2,170.6,False,0
session_005,candidate_04,pangram,key_03,alphanum,72059.5,72136.8,77.3,False,0
session_005,candidate_04,pangram,key_18,space,72260.8,72342.5,81.7,False,0
session_005,candidate_04,pangram,key_14,alphanum,72853.6,72949.5,95.9,False,0
session_005,candidate_04,pangram,key_24,alphanum,73037.1,73103.8,66.7,False,0
session_005,candidate_04,pangram,key_05,alphanum,73290.2,73456.8,166.6,False,0
session_005,candidate_04,pangram,key_18,space,73482.5,73566.2,83.7,False,0
session_005,candidate_04,pangram,key_29,alphanum,73810.7,73929.7,119,False,0
session_005,candidate_04,pangram,key_23,alphanum,74079.4,74198,118.6,False,0
session_005,candidate_04,pangram,key_20,alphanum,74438,74529.6,91.6,False,0
session_005,candidate_04,pangram,key_09,alphanum,74682.6,74774.5,91.9,False,0
session_005,candidate_04,pangram,key_07,alphanum,74886.7,75034.8,148.1,False,0
session_005,candidate_04,pangram,key_18,space,75073.8,75147.2,73.4,False,0
session_005,candidate_04,pangram,key_24,alphanum,75344.5,75427.2,82.7,False,0
session_005,candidate_04,pangram,key_25,alphanum,75476.4,75560.9,84.5,False,0
session_005,candidate_04,pangram,key_06,alphanum,75731,75893.9,162.9,False,0
session_005,candidate_04,pangram,key_01,alphanum,75860.3,75993,132.7,False,0
session_005,candidate_04,pangram,key_18,space,76078.5,76197.2,118.7,False,0
session_005,candidate_04,pangram,key_17,alphanum,76273.4,76389.2,115.8,False,0
session_005,candidate_04,pangram,key_15,alphanum,76427.2,76514.7,87.5,False,0
session_005,candidate_04,pangram,key_06,alphanum,76554.9,76669.8,114.9,False,0
session_005,candidate_04,pangram,key_18,space,76696.3,76782.1,85.8,False,0
session_005,candidate_04,pangram,key_30,alphanum,76974.6,77082.9,108.3,False,0
session_005,candidate_04,pangram,key_16,alphanum,77109,77245.8,136.8,False,0
session_005,candidate_04,pangram,key_26,alphanum,77472.2,77606.6,134.4,False,0
session_005,candidate_04,pangram,key_19,alphanum,77883,77982.8,99.8,False,0
session_005,candidate_04,pangram,key_18,space,78069.9,78141.4,71.5,False,0
session_005,candidate_04,pangram,key_28,alphanum,78282.1,78388,105.9,False,0
session_005,candidate_04,pangram,key_24,alphanum,78423.1,78506.8,83.7,False,0
session_005,candidate_04,pangram,key_11,alphanum,79243.7,79396.4,152.7,False,0
session_005,candidate_04,pangram,key_18,space,79481.9,79537.1,55.2,False,0
session_005,candidate_04,pangram,key_13,backspace,79964.9,80072,107.1,False,0
session_005,candidate_04,pangram,key_09,alphanum,80425.7,80493.8,68.1,False,0
session_005,candidate_04,pangram,key_16,alphanum,80570.4,80687,116.6,False,0
session_005,candidate_04,pangram,key_02,alphanum,81046.2,81207.1,160.9,False,0
session_005,candidate_04,pangram,key_08,alphanum,81217,81304.1,87.1,False,0
session_005,candidate_04,pangram,key_18,space,81452.1,81564.7,112.6,False,0
session_005,candidate_04,pangram,key_20,alphanum,82194.1,82336.7,142.6,False,0
session_005,candidate_04,pangram,key_19,alphanum,82493,82584,91,False,0
session_005,candidate_04,pangram,key_18,space,82637.7,82716.1,78.4,False,0
session_005,candidate_04,pangram,key_12,alphanum,82877.3,82938.7,61.4,False,0
session_005,candidate_04,pangram,key_24,alphanum,83079.7,83183.3,103.6,False,0
session_005,candidate_04,pangram,key_05,alphanum,83350.3,83493.7,143.4,False,0
session_005,candidate_04,pangram,key_18,space,83539,83617.3,78.3,False,0
session_005,candidate_04,pangram,key_10,alphanum,83836.1,83994,157.9,False,0
session_005,candidate_04,pangram,key_22,alphanum,83996.3,84102.4,106.1,False,0
session_005,candidate_04,pangram,key_17,alphanum,84211.8,84303.3,91.5,False,0
session_005,candidate_04,pangram,key_15,alphanum,84354.2,84441.1,86.9,False,0
session_005,candidate_04,pangram,key_18,space,84611.5,84691.8,80.3,False,0
session_005,candidate_04,pangram,key_14,alphanum,85127.6,85233.9,106.3,False,0
session_005,candidate_04,pangram,key_22,alphanum,85294.2,85383.4,89.2,False,0
session_005,candidate_04,pangram,key_25,alphanum,85528.5,85625.4,96.9,False,0
session_005,candidate_04,pangram,key_06,alphanum,85739.6,85841.9,102.3,False,0
session_005,candidate_04,pangram,key_18,space,85920.9,86014.4,93.5,False,0
session_005,candidate_04,pangram,key_28,alphanum,86053.9,86139.6,85.7,False,0
session_005,candidate_04,pangram,key_24,alphanum,86246.6,86338,91.4,False,0
session_005,candidate_04,pangram,key_26,alphanum,86499.5,86585.7,86.2,False,0
session_005,candidate_04,pangram,key_06,alphanum,86732.2,86832.1,99.9,False,0
session_005,candidate_04,pangram,key_03,alphanum,86959,87038.3,79.3,False,0
session_005,candidate_04,pangram,key_18,space,87180.1,87250,69.9,False,0
session_005,candidate_04,pangram,key_30,alphanum,87680.5,87764.5,84,False,0
session_005,candidate_04,pangram,key_22,alphanum,87913.9,87993,79.1,False,0
session_005,candidate_04,pangram,key_27,alphanum,88175.1,88329.9,154.8,False,0
session_005,candidate_04,pangram,key_23,alphanum,88342.7,88537.6,194.9,False,0
session_005,candidate_04,pangram,key_24,alphanum,88539.8,88674.5,134.7,False,0
session_005,candidate_04,pangram,key_01,alphanum,88847.6,88950.8,103.2,False,0
session_005,candidate_04,pangram,key_18,space,89034.1,89130.7,96.6,False,0
session_005,candidate_04,free,key_08,alphanum,101196,101305,109.6,False,0
session_005,candidate_04,free,key_06,alphanum,101392,101526,133.3,False,0
session_005,candidate_04,free,key_15,alphanum,101577,101664,87.1,False,0
session_005,candidate_04,free,key_17,alphanum,101757,101883,126.1,False,0
session_005,candidate_04,free,key_06,alphanum,101905,102044,138.6,False,0
session_005,candidate_04,free,key_18,space,102072,102181,109,False,0
session_005,candidate_04,free,key_16,alphanum,102289,102370,81.3,False,0
session_005,candidate_04,free,key_13,backspace,102730,102841,111.5,False,0
session_005,candidate_04,free,key_15,alphanum,103293,103392,99.1,False,0
session_005,candidate_04,free,key_16,alphanum,103441,103593,151.8,False,0
session_005,candidate_04,free,key_22,alphanum,103601,103695,94.2,False,0
session_005,candidate_04,free,key_11,alphanum,103818,103914,96.2,False,0
session_005,candidate_04,free,key_18,space,104023,104119,95.8,False,0
session_005,candidate_04,free,key_16,alphanum,104188,104316,128.4,False,0
session_005,candidate_04,free,key_11,alphanum,104404,104520,116,False,0
session_005,candidate_04,free,key_16,alphanum,104582,104726,143.9,False,0
session_005,candidate_04,free,key_01,alphanum,104812,104919,106.8,False,0
session_005,candidate_04,free,key_18,space,104976,105070,93.9,False,0
session_005,candidate_04,free,key_08,alphanum,105654,105759,105.2,False,0
session_005,candidate_04,free,key_22,alphanum,105863,105964,100.7,False,0
session_005,candidate_04,free,key_07,alphanum,105996,106104,108,False,0
session_005,candidate_04,free,key_22,alphanum,106178,106273,95.1,False,0
session_005,candidate_04,free,key_18,space,106515,106599,84.5,False,0
session_005,candidate_04,free,key_02,alphanum,106795,106912,116.9,False,0
session_005,candidate_04,free,key_15,alphanum,106938,107014,75.6,False,0
session_005,candidate_04,free,key_06,alphanum,107071,107156,85.1,False,0
session_005,candidate_04,free,key_06,alphanum,107248,107326,78,False,0
session_005,candidate_04,free,key_26,alphanum,107571,107715,144.3,False,0
session_005,candidate_04,free,key_18,space,107737,107828,90.9,False,0
session_005,candidate_04,free,key_08,alphanum,108037,108197,159.9,False,0
session_005,candidate_04,free,key_24,alphanum,108148,108253,105.6,False,0
session_005,candidate_04,free,key_18,space,108389,108482,93.1,False,0
session_005,candidate_04,free,key_09,alphanum,108700,108814,114.2,False,0
session_005,candidate_04,free,key_16,alphanum,108895,108971,75.8,False,0
session_005,candidate_04,free,key_16,alphanum,109064,109186,121.4,False,0
session_005,candidate_04,free,key_03,alphanum,109248,109360,111.8,False,0
session_005,candidate_04,free,key_06,alphanum,109476,,,False,0
session_005,candidate_04,free,key_28,alphanum,111740,111925,185.3,False,0
session_005,candidate_04,free,key_22,alphanum,111931,112009,78.3,False,0
session_005,candidate_04,free,key_30,alphanum,112159,112259,99.8,False,0
session_005,candidate_04,free,key_18,space,112414,112528,114.1,False,0
session_005,candidate_04,free,key_07,alphanum,112637,112733,96.3,False,0
session_005,candidate_04,free,key_06,alphanum,112851,112960,108.3,False,0
session_005,candidate_04,free,key_18,space,112996,113104,108.4,False,0
session_005,candidate_04,free,key_02,alphanum,113308,113448,140.1,False,0
session_005,candidate_04,free,key_15,alphanum,113628,113726,98,False,0
session_005,candidate_04,free,key_16,alphanum,113992,114159,166.5,False,0
session_005,candidate_04,free,key_15,alphanum,114300,114382,82.3,False,0
session_005,candidate_04,free,key_24,alphanum,114522,114593,71.3,False,0
session_005,candidate_04,free,key_18,space,114742,114838,96.5,False,0
session_005,candidate_04,free,key_17,alphanum,114976,115108,132.7,False,0
session_005,candidate_04,free,key_24,alphanum,115164,115260,96.8,False,0
session_005,candidate_04,free,key_15,alphanum,115614,115693,79,False,0
session_005,candidate_04,free,key_18,space,115859,115938,79.1,False,0
session_005,candidate_04,free,key_09,alphanum,116276,116393,117.1,False,0
session_005,candidate_04,free,key_24,alphanum,116504,116604,99.8,False,0
session_005,candidate_04,free,key_24,alphanum,116687,116806,119.3,False,0
session_005,candidate_04,free,key_01,alphanum,116864,116969,105.1,False,0
session_005,candidate_04,free,key_22,alphanum,117028,117136,108.1,False,0
session_005,candidate_04,free,key_18,space,117628,117729,100.6,False,0
session_005,candidate_04,free,key_08,alphanum,118734,118851,117.5,False,0
session_005,candidate_04,free,key_16,alphanum,118877,119030,152.9,False,0
session_005,candidate_04,free,key_19,alphanum,119392,119545,153,False,0
session_005,candidate_04,free,key_06,alphanum,119589,119714,125.2,False,0
session_005,candidate_04,free,key_03,alphanum,119803,119916,112.5,False,0
session_005,candidate_04,free,key_16,alphanum,119989,120119,130.5,False,0
session_005,candidate_04,free,key_16,alphanum,120772,120914,142,False,0
session_005,candidate_04,free,key_17,alphanum,121349,121454,105.1,False,0
session_005,candidate_04,free,key_18,space,121886,122006,119.8,False,0
session_005,candidate_04,free,key_23,alphanum,122130,122237,106.2,False,0
session_005,candidate_04,free,key_07,alphanum,122304,122370,66.5,False,0
session_005,candidate_04,free,key_07,alphanum,122459,122565,106,False,0
session_005,candidate_04,free,key_06,alphanum,122694,122826,131.9,False,0
session_005,candidate_04,free,key_18,space,122875,122981,105.5,False,0
session_005,candidate_04,free,key_17,alphanum,123210,123327,117.3,False,0
session_005,candidate_04,free,key_23,alphanum,123441,123527,85.6,False,0
session_005,candidate_04,free,key_20,alphanum,123626,123648,22.4,False,0
session_005,candidate_04,free,key_20,alphanum,123676,123732,56.5,False,0
session_005,candidate_04,free,key_07,alphanum,123938,124041,102.9,False,0
session_005,candidate_04,free,key_06,alphanum,124151,124257,106.2,False,0
session_005,candidate_04,free,key_18,space,124288,124383,95.4,False,0
session_005,candidate_04,free,key_20,alphanum,124570,,,False,0
session_005,candidate_04,free,key_07,alphanum,126045,126142,96.2,False,0
session_005,candidate_04,free,key_06,alphanum,126260,126371,111.4,False,0
session_005,candidate_04,free,key_18,space,126445,126545,99.8,False,0
session_005,candidate_04,free,key_20,alphanum,126986,127128,142.5,False,0
session_005,candidate_04,free,key_22,alphanum,127133,127217,84.2,False,0
session_005,candidate_04,free,key_30,alphanum,127391,127531,140,False,0
session_005,candidate_04,free,key_16,alphanum,127508,127650,141.6,False,0
session_005,candidate_04,free,key_03,alphanum,127897,128004,106.9,False,0
session_005,candidate_04,free,key_06,alphanum,128052,128195,143.1,False,0
session_005,candidate_04,free,key_18,space,128215,128307,91.7,False,0
session_005,candidate_04,free,key_08,alphanum,128628,128731,103.7,False,0
session_005,candidate_04,free,key_22,alphanum,128895,128982,87,False,0
session_005,candidate_04,free,key_18,space,129121,129208,87.5,False,0
session_005,candidate_04,free,key_08,alphanum,129431,129603,171.8,False,0
session_005,candidate_04,free,key_24,alphanum,129550,129714,163.4,False,0
session_005,candidate_04,free,key_07,alphanum,129763,129947,183.7,False,0
session_005,candidate_04,free,key_15,alphanum,130015,130125,109.9,False,0
session_005,candidate_04,free,key_22,alphanum,130144,130262,117.9,False,0
session_005,candidate_04,free,key_07,alphanum,130360,130525,164.4,False,0
session_005,candidate_04,free,key_15,alphanum,130504,130605,100.8,False,0
session_005,candidate_04,free,key_18,space,130848,130941,92.6,False,0
session_005,candidate_04,free,key_20,alphanum,131335,131442,106.3,False,0
session_005,candidate_04,free,key_06,alphanum,131515,131662,146.5,False,0
session_005,candidate_04,free,key_22,alphanum,131695,131804,109.4,False,0
session_005,candidate_04,free,key_03,alphanum,131906,131993,87.3,False,0
session_005,candidate_04,free,key_18,space,132105,132190,84.9,False,0
session_005,candidate_04,free,key_30,alphanum,132344,132453,109.1,False,0
session_005,candidate_04,free,key_16,alphanum,132463,132578,114.9,False,0
session_005,candidate_04,free,key_11,alphanum,132747,132841,94.1,False,0
session_005,candidate_04,free,key_18,space,132927,133006,79.8,False,0
session_005,candidate_04,free,key_29,alphanum,133417,133526,108.8,False,0
session_005,candidate_04,free,key_16,alphanum,133529,133618,89,False,0
session_005,candidate_04,free,key_16,alphanum,133711,133827,115.3,False,0
session_005,candidate_04,free,key_17,alphanum,133981,134083,102,False,0
session_005,candidate_04,free,key_22,alphanum,134104,134188,84.3,False,0
session_005,candidate_04,free,key_18,space,134371,134456,85,False,0
session_005,candidate_04,free,key_15,alphanum,134783,134895,111.8,False,0
session_005,candidate_04,free,key_16,alphanum,134875,134992,117.3,False,0
session_005,candidate_04,free,key_22,alphanum,135040,135125,85.5,False,0
session_005,candidate_04,free,key_18,space,135245,135363,117.7,False,0
session_005,candidate_04,free,key_16,alphanum,135836,135949,113,False,0
session_005,candidate_04,free,key_16,alphanum,136037,136166,128.5,False,0
session_005,candidate_04,free,key_29,alphanum,136227,136309,82.1,False,0
session_005,candidate_04,free,key_18,space,136477,136571,93.8,False,0
session_005,candidate_04,free,key_16,alphanum,136759,136831,72.3,False,0
session_005,candidate_04,free,key_16,alphanum,136930,137048,118.2,False,0
session_005,candidate_04,free,key_09,alphanum,137125,137209,83.7,False,0
session_005,candidate_04,free,key_18,space,137385,137483,98.4,False,0
session_005,candidate_04,free,key_07,alphanum,137959,138048,89.4,False,0
session_005,candidate_04,free,key_16,alphanum,138154,138271,117.6,False,0
session_005,candidate_04,free,key_12,alphanum,138319,138414,95.2,False,0
session_005,candidate_04,free,key_03,alphanum,138559,138650,91.1,False,0
session_005,candidate_04,free,key_06,alphanum,138700,138831,130.7,False,0
session_005,candidate_04,free,key_18,space,138929,139034,104.7,False,0
session_005,candidate_04,free,key_20,alphanum,139378,139492,114.6,False,0
session_005,candidate_04,free,key_23,alphanum,139670,139758,87.6,False,0
session_005,candidate_04,free,key_29,alphanum,139882,139976,93.4,False,0
session_005,candidate_04,free,key_15,alphanum,140081,140170,89.8,False,0
session_005,candidate_04,free,key_06,alphanum,140253,140416,162.9,False,0
session_005,candidate_04,free,key_18,space,140382,140485,103.3,False,0
session_005,candidate_04,free,key_20,alphanum,140783,140897,114.1,False,0
session_005,candidate_04,free,key_06,alphanum,140940,141149,209,False,0
session_005,candidate_04,free,key_01,alphanum,141151,141267,115.2,False,0
session_005,candidate_04,free,key_22,alphanum,141352,141460,107.6,False,0
session_005,candidate_04,free,key_18,space,141594,141687,93.2,False,0
session_005,candidate_04,free,key_02,alphanum,142592,142720,128.2,False,0
session_005,candidate_04,free,key_15,alphanum,142737,142826,88.2,False,0
session_005,candidate_04,free,key_16,alphanum,142914,143059,144.5,False,0
session_005,candidate_04,free,key_15,alphanum,143091,143185,93.9,False,0
session_005,candidate_04,free,key_17,alphanum,143477,143591,113.5,False,0
session_005,candidate_04,free,key_18,space,143731,143833,102.5,False,0
session_005,candidate_04,free,key_13,backspace,144244,144294,49.7,False,0
session_005,candidate_04,free,key_13,backspace,144430,144538,107.9,False,0
session_005,candidate_04,free,key_16,alphanum,144830,144982,151,False,0
session_005,candidate_04,free,key_17,alphanum,145218,145330,112.1,False,0
session_005,candidate_04,free,key_18,space,145358,145447,88.8,False,0
session_005,candidate_04,free,key_07,alphanum,145570,145651,80.7,False,0
session_005,candidate_04,free,key_06,alphanum,145762,145859,97.3,False,0
session_005,candidate_04,free,key_18,space,145884,145973,89.8,False,0
session_005,candidate_04,free,key_20,alphanum,146250,146378,128.4,False,0
session_005,candidate_04,free,key_22,alphanum,146492,146574,82.7,False,0
session_005,candidate_04,free,key_30,alphanum,146756,146850,94.5,False,0
session_005,candidate_04,free,key_16,alphanum,146916,147054,137.5,False,0
session_005,candidate_04,free,key_18,space,147105,147124,19.5,False,0
session_005,candidate_04,free,key_18,space,147158,147184,25.7,False,0
session_005,candidate_04,free,key_28,alphanum,148126,148273,147.2,False,0
session_005,candidate_04,free,key_22,alphanum,148358,148480,121.6,False,0
session_005,candidate_04,free,key_19,alphanum,148575,148681,106,False,0
session_005,candidate_04,free,key_16,alphanum,148897,,,False,0
session_005,candidate_04,free,key_28,alphanum,151188,151358,169.3,False,0
session_005,candidate_04,free,key_22,alphanum,151393,151499,106.2,False,0
session_005,candidate_04,free,key_19,alphanum,151862,151942,79.8,False,0
session_005,candidate_04,free,key_16,alphanum,152174,152325,150.9,False,0
session_005,candidate_04,free,key_18,space,152294,152397,102.7,False,0
session_005,candidate_04,free,key_16,alphanum,153136,153273,136.5,False,0
session_005,candidate_04,free,key_23,alphanum,153319,153419,100.1,False,0
session_005,candidate_04,free,key_01,alphanum,153565,153676,111,False,0
session_005,candidate_04,free,key_18,space,153784,153868,84.9,False,0
session_005,candidate_04,free,key_16,alphanum,154165,,,False,0
session_005,candidate_04,free,key_16,alphanum,155662,155834,172.6,False,0
session_005,candidate_04,free,key_23,alphanum,155919,156018,99.2,False,0
session_005,candidate_04,free,key_01,alphanum,156184,156282,97.6,False,0
session_005,candidate_04,free,key_18,space,156336,156430,94.3,False,0
session_005,candidate_04,free,key_16,alphanum,156530,,,False,0
session_005,candidate_04,free,key_16,alphanum,158021,158201,179.6,False,0
session_005,candidate_04,free,key_23,alphanum,158281,158378,96.4,False,0
session_005,candidate_04,free,key_01,alphanum,158626,158739,112.8,False,0
session_005,candidate_04,free,key_13,backspace,159670,159798,127.8,False,0
session_005,candidate_04,free,key_16,alphanum,159871,160047,176.2,False,0
session_005,candidate_04,free,key_23,alphanum,160276,160384,108.2,False,0
session_005,candidate_04,free,key_01,alphanum,160571,160707,135.8,False,0
session_005,candidate_04,free,key_18,space,160849,160914,65,False,0
session_005,candidate_04,free,key_16,alphanum,161448,161544,95.7,False,0
session_005,candidate_04,free,key_16,alphanum,161639,161775,135.8,False,0
session_005,candidate_04,free,key_29,alphanum,161806,161894,87.3,False,0
session_005,candidate_04,free,key_18,space,162049,162141,92,False,0
session_005,candidate_04,free,key_22,alphanum,162304,162393,89.1,False,0
session_005,candidate_04,free,key_07,alphanum,162556,162704,148.2,False,0
session_005,candidate_04,free,key_18,space,162760,162842,82.3,False,0
session_005,candidate_04,free,key_12,alphanum,163014,163094,80.4,False,0
session_005,candidate_04,free,key_16,alphanum,163132,163194,62.3,False,0
session_005,candidate_04,free,key_16,alphanum,163295,163400,104.6,False,0
session_005,candidate_04,free,key_17,alphanum,163832,163948,115.7,False,0
session_005,candidate_04,free,key_18,space,163981,164053,71.9,False,0
session_005,candidate_04,free,key_08,alphanum,164225,164317,92.1,False,0
session_005,candidate_04,free,key_16,alphanum,164370,164486,115.6,False,0
session_005,candidate_04,free,key_18,space,164533,164620,87,False,0
session_005,candidate_04,free,key_12,alphanum,165008,165086,78,False,0
session_005,candidate_04,free,key_15,alphanum,165202,165292,89.5,False,0
session_005,candidate_04,free,key_22,alphanum,165459,165483,24,False,0
session_005,candidate_04,free,key_18,space,166039,166163,123.8,False,0
session_005,candidate_04,free,key_19,alphanum,166411,166573,162.4,False,0
session_005,candidate_04,free,key_16,alphanum,166583,166725,142.6,False,0
session_005,candidate_04,free,key_08,alphanum,167318,167398,79.8,False,0
session_005,candidate_04,free,key_06,alphanum,167616,167682,66.2,False,0
session_005,candidate_04,free,key_06,alphanum,167777,167881,104.3,False,0
session_005,candidate_04,free,key_13,backspace,168250,168328,78,False,0
session_005,candidate_04,free,key_13,backspace,168442,168517,75.3,False,0
session_005,candidate_04,free,key_13,backspace,168629,168714,85.8,False,0
session_005,candidate_04,free,key_27,alphanum,169118,169262,144.2,False,0
session_005,candidate_04,free,key_06,alphanum,169720,169792,72.8,False,0
session_005,candidate_04,free,key_06,alphanum,169881,169992,111.7,False,0
session_005,candidate_04,free,key_03,alphanum,170154,170218,64.1,False,0
session_005,candidate_04,free,key_18,space,170372,170447,75.6,False,0
session_005,candidate_04,free,key_15,alphanum,170775,170870,95.2,False,0
session_005,candidate_04,free,key_24,alphanum,170983,171099,115.7,False,0
session_005,candidate_04,free,key_18,space,171240,171340,99.8,False,0
session_005,candidate_04,free,key_11,alphanum,171525,171672,146.7,False,0
session_005,candidate_04,free,key_16,alphanum,171682,171799,116.9,False,0
session_005,candidate_04,free,key_19,alphanum,171815,171941,126.5,False,0
session_005,candidate_04,free,key_16,alphanum,172010,172096,85.9,False,0
session_005,candidate_04,free,key_18,space,172197,172304,107.7,False,0
session_005,candidate_04,free,key_08,alphanum,172670,172747,77.9,False,0
session_005,candidate_04,free,key_22,alphanum,172870,172947,77.1,False,0
session_005,candidate_04,free,key_18,space,173085,173209,124.3,False,0
session_005,candidate_04,free,key_15,alphanum,173663,173769,106.1,False,0
session_005,candidate_04,free,key_23,alphanum,173870,173957,87.4,False,0
session_005,candidate_04,free,key_20,alphanum,174129,174228,99.1,False,0
session_005,candidate_04,free,key_16,alphanum,174213,174339,126.8,False,0
session_005,candidate_04,free,key_01,alphanum,174495,174626,131,False,0
session_005,candidate_04,free,key_22,alphanum,174628,174703,75.8,False,0
session_005,candidate_04,free,key_18,space,174848,174960,113,False,0
session_005,candidate_04,free,key_14,alphanum,175474,175631,157.4,False,0
session_005,candidate_04,free,key_22,alphanum,175729,175814,85.9,False,0
session_005,candidate_04,free,key_30,alphanum,175968,176070,101.8,False,0
session_005,candidate_04,free,key_20,alphanum,176168,176303,134.3,False,0
session_005,candidate_04,free,key_24,alphanum,176280,176383,102.7,False,0
session_005,candidate_04,free,key_03,alphanum,176507,176602,95.6,False,0
session_005,candidate_04,free,key_18,space,176719,176814,94.9,False,0
session_005,candidate_04,free,key_08,alphanum,177144,177282,137.8,False,0
session_005,candidate_04,free,key_22,alphanum,177392,177480,87.9,False,0
session_005,candidate_04,free,key_18,space,177613,177718,105.1,False,0
session_005,candidate_04,free,key_17,alphanum,178397,178473,75.3,False,0
session_005,candidate_04,free,key_16,alphanum,178648,178752,103.4,False,0
session_005,candidate_04,free,key_01,alphanum,178916,178969,53.5,False,0
session_005,candidate_04,free,key_16,alphanum,179113,179247,134,False,0
session_005,candidate_04,free,key_15,alphanum,179292,179381,89.3,False,0
session_005,candidate_04,free,key_18,space,179527,179628,100.6,False,0
session_005,candidate_04,free,key_15,alphanum,179905,180105,199.6,False,0
session_005,candidate_04,free,key_23,alphanum,180051,180168,117.1,False,0
session_005,candidate_04,free,key_20,alphanum,180316,180424,107.9,False,0
session_005,candidate_04,free,key_16,alphanum,180447,180560,113,False,0
session_005,candidate_04,free,key_01,alphanum,180759,180870,111,False,0
session_005,candidate_04,free,key_22,alphanum,180916,181020,103.5,False,0
session_005,candidate_04,free,key_18,space,181128,181241,112.8,False,0
session_005,candidate_04,free,key_05,alphanum,181453,181551,98,False,0
session_005,candidate_04,free,key_13,backspace,181882,182031,149.2,False,0
session_005,candidate_04,free,key_26,alphanum,182088,182243,155.6,False,0
session_005,candidate_04,free,key_22,alphanum,182292,182416,123.7,False,0
session_005,candidate_04,free,key_03,alphanum,182477,182573,95.9,False,0
session_005,candidate_04,free,key_28,alphanum,182624,182709,85.5,False,0
session_005,candidate_04,free,key_16,alphanum,182824,182937,112.4,False,0
session_005,candidate_04,free,key_11,alphanum,183170,183308,138,False,0
session_005,candidate_04,free,key_22,alphanum,183317,183407,89.6,False,0
session_005,candidate_04,free,key_18,space,183571,183668,97.4,False,0
session_005,candidate_04,free,key_20,alphanum,183859,183983,124.1,False,0
session_005,candidate_04,free,key_06,alphanum,184026,184168,141.2,False,0
session_005,candidate_04,free,key_22,alphanum,184282,184380,98.3,False,0
session_005,candidate_04,free,key_03,alphanum,184472,184562,90.3,False,0
session_005,candidate_04,free,key_18,space,184682,184771,89.5,False,0
session_005,candidate_04,free,key_12,alphanum,184893,185008,115.1,False,0
session_005,candidate_04,free,key_15,alphanum,185126,185236,110.3,False,0
session_005,candidate_04,free,key_24,alphanum,185416,185438,22.1,False,0
session_005,candidate_04,free,key_18,space,185648,185747,98.9,False,0
session_005,candidate_04,free,key_06,alphanum,186062,186186,123.7,False,0
session_005,candidate_04,free,key_03,alphanum,186215,186308,92.7,False,0
session_005,candidate_04,free,key_28,alphanum,186416,186541,125.4,False,0
session_005,candidate_04,free,key_18,space,186570,186674,103.6,False,0
session_005,candidate_04,free,key_17,alphanum,186780,186860,79.4,False,0
session_005,candidate_04,free,key_16,alphanum,187014,187136,122.5,False,0
session_005,candidate_04,free,key_08,alphanum,187148,187241,93.6,False,0
session_005,candidate_04,free,key_18,space,187384,187492,107.4,False,0
session_005,candidate_04,free,key_07,alphanum,187801,187925,124,False,0
session_005,candidate_04,free,key_16,alphanum,188048,188197,148.7,False,0
session_005,candidate_04,free,key_12,alphanum,188262,188358,95.5,False,0
session_005,candidate_04,free,key_18,space,188636,188770,133.9,False,0
session_005,candidate_04,free,key_08,alphanum,188892,188986,93.7,False,0
session_005,candidate_04,free,key_23,alphanum,189108,189250,141.9,False,0
session_005,candidate_04,free,key_02,alphanum,189292,189448,156.1,False,0
session_005,candidate_04,free,key_15,alphanum,189421,189503,81.7,False,0
session_005,candidate_04,free,key_18,space,189644,189749,104.6,False,0
session_005,candidate_04,free,key_17,alphanum,189849,189947,98.4,False,0
session_005,candidate_04,free,key_15,alphanum,189993,190072,78.7,False,0
session_005,candidate_04,free,key_06,alphanum,190170,190236,65.5,False,0
session_005,candidate_04,free,key_06,alphanum,190336,190432,95.9,False,0
session_005,candidate_04,free,key_08,alphanum,190459,190570,111.7,False,0
session_005,candidate_04,free,key_18,space,190724,190811,86.2,False,0
session_005,candidate_04,free,key_15,alphanum,191004,191091,87.6,False,0
session_005,candidate_04,free,key_24,alphanum,191208,191315,106.6,False,0
session_005,candidate_04,free,key_18,space,191451,191550,98.5,False,0
session_005,candidate_04,free,key_29,alphanum,191825,191916,91.9,False,0
session_005,candidate_04,free,key_16,alphanum,191969,192034,64.7,False,0
session_005,candidate_04,free,key_16,alphanum,192113,192227,114.2,False,0
session_005,candidate_04,free,key_17,alphanum,192440,192535,95,False,0
session_005,candidate_04,free,key_16,alphanum,192836,193003,167.3,False,0
session_005,candidate_04,free,key_18,space,192982,193084,102.2,False,0
session_005,candidate_04,free,key_15,alphanum,193258,193334,75.8,False,0
session_005,candidate_04,free,key_16,alphanum,193382,193521,139.3,False,0
session_005,candidate_04,free,key_22,alphanum,193530,193620,89.5,False,0
session_005,candidate_04,free,key_18,space,193765,193848,83.2,False,0
session_005,candidate_04,free,key_04,symbol,194381,194458,76.8,False,0
session_005,candidate_04,free,key_18,space,194583,194678,95.6,False,0
session_005,candidate_04,free,key_13,backspace,195456,195551,94.9,False,0
session_005,candidate_04,free,key_15,alphanum,195807,195893,85.7,False,0
session_005,candidate_04,free,key_16,alphanum,195937,195996,58.9,False,0
session_005,candidate_04,free,key_16,alphanum,196099,196205,106.2,False,0
session_005,candidate_04,free,key_09,alphanum,196259,196391,132.4,False,0
session_007,candidate_02,pangram,key_17,alphanum,0,75.6,75.6,False,0
session_007,candidate_02,pangram,key_15,alphanum,179.5,257.1,77.6,False,0
session_007,candidate_02,pangram,key_06,alphanum,833.6,891,57.4,False,0
session_007,candidate_02,pangram,key_18,space,1031.5,1102.4,70.9,False,0
session_007,candidate_02,pangram,key_27,alphanum,1308.7,1371.4,62.7,False,0
session_007,candidate_02,pangram,key_23,alphanum,1698.2,1755.5,57.3,False,0
session_007,candidate_02,pangram,key_22,alphanum,1934.7,2003.8,69.1,False,0
session_007,candidate_02,pangram,key_02,alphanum,2265.1,2337.1,72,False,0
session_007,candidate_02,pangram,key_08,alphanum,2405.2,2472.9,67.7,False,0
session_007,candidate_02,pangram,key_18,space,2681.3,2761.7,80.4,False,0
session_007,candidate_02,pangram,key_12,alphanum,3097.8,3167.5,69.7,False,0
session_007,candidate_02,pangram,key_01,alphanum,3450.3,3521.7,71.4,False,0
session_007,candidate_02,pangram,key_24,alphanum,3717.3,3784.2,66.9,False,0
session_007,candidate_02,pangram,key_10,alphanum,3998.7,4075.7,77,False,0
session_007,candidate_02,pangram,key_03,alphanum,4171.3,4228.7,57.4,False,0
session_007,candidate_02,pangram,key_18,space,4399.3,4468.9,69.6,False,0
session_007,candidate_02,pangram,key_14,alphanum,5408.8,5477.8,69,False,0
session_007,candidate_02,pangram,key_24,alphanum,5606.3,5686.5,80.2,False,0
session_007,candidate_02,pangram,key_05,alphanum,5970.5,6016.5,46,False,0
session_007,candidate_02,pangram,key_18,space,6140.2,6217.5,77.3,False,0
session_007,candidate_02,pangram,key_29,alphanum,6992.2,7044.9,52.7,False,0
session_007,candidate_02,pangram,key_23,alphanum,7176,7227.8,51.8,False,0
session_007,candidate_02,pangram,key_20,alphanum,7483.8,7511.3,27.5,False,0
session_007,candidate_02,pangram,key_09,alphanum,7720.7,7798.2,77.5,False,0
session_007,candidate_02,pangram,key_07,alphanum,7998.3,8066.6,68.3,False,0
session_007,candidate_02,pangram,key_18,space,8214.5,8287.6,73.1,False,0
session_007,candidate_02,pangram,key_24,alphanum,8768.9,8841.1,72.2,False,0
session_007,candidate_02,pangram,key_25,alphanum,9257.6,9310.6,53,False,0
session_007,candidate_02,pangram,key_06,alphanum,9494.6,9571.8,77.2,False,0
session_007,candidate_02,pangram,key_01,alphanum,9707.5,9774.8,67.3,False,0
session_007,candidate_02,pangram,key_18,space,10073.8,10147.6,73.8,False,0
session_007,candidate_02,pangram,key_17,alphanum,10572.8,10640.9,68.1,False,0
session_007,candidate_02,pangram,key_15,alphanum,10753.9,10816.7,62.8,False,0
session_007,candidate_02,pangram,key_06,alphanum,10950.4,11018.1,67.7,False,0
session_007,candidate_02,pangram,key_18,space,11087.4,11149.6,62.2,False,0
session_007,candidate_02,pangram,key_30,alphanum,11758.3,11834.8,76.5,False,0
session_007,candidate_02,pangram,key_16,alphanum,12019.3,12072.2,52.9,False,0
session_007,candidate_02,pangram,key_26,alphanum,12287,12334,47,False,0
session_007,candidate_02,pangram,key_19,alphanum,12525,12597.5,72.5,False,0
session_007,candidate_02,pangram,key_18,space,12825.8,12899.2,73.4,False,0
session_007,candidate_02,pangram,key_28,alphanum,13548.9,13618.5,69.6,False,0
session_007,candidate_02,pangram,key_24,alphanum,13767.6,13830.9,63.3,False,0
session_007,candidate_02,pangram,key_11,alphanum,14070.9,14118.1,47.2,False,0
session_007,candidate_02,pangram,key_09,alphanum,15320.8,15392.7,71.9,False,0
session_007,candidate_02,pangram,key_16,alphanum,15522.7,15569.6,46.9,False,0
session_007,candidate_02,pangram,key_02,alphanum,15897.6,15954,56.4,False,0
session_007,candidate_02,pangram,key_08,alphanum,16142.6,16200.2,57.6,False,0
session_007,candidate_02,pangram,key_18,space,16426.1,16493.7,67.6,False,0
session_007,candidate_02,pangram,key_20,alphanum,16944.7,17014.3,69.6,False,0
session_007,candidate_02,pangram,key_19,alphanum,17251.9,17320.9,69,False,0
session_007,candidate_02,pangram,key_18,space,17538.9,17617.4,78.5,False,0
session_007,candidate_02,pangram,key_12,alphanum,17767.1,17818.5,51.4,False,0
session_007,candidate_02,pangram,key_24,alphanum,18150.2,18207.4,57.2,False,0
session_007,candidate_02,pangram,key_05,alphanum,18684.7,18736.9,52.2,False,0
session_007,candidate_02,pangram,key_18,space,19093.1,19156.9,63.8,False,0
session_007,candidate_02,pangram,key_10,alphanum,19628.4,19691.2,62.8,False,0
session_007,candidate_02,pangram,key_22,alphanum,19901.2,19964.6,63.4,False,0
session_007,candidate_02,pangram,key_17,alphanum,20133.5,20194.8,61.3,False,0
session_007,candidate_02,pangram,key_15,alphanum,20268.2,20331.5,63.3,False,0
session_007,candidate_02,pangram,key_18,space,20520.9,20592.9,72,False,0
session_007,candidate_02,pangram,key_14,alphanum,21463.3,21521,57.7,False,0
session_007,candidate_02,pangram,key_22,alphanum,21700,21766.8,66.8,False,0
session_007,candidate_02,pangram,key_25,alphanum,22039.5,22105.8,66.3,False,0
session_007,candidate_02,pangram,key_06,alphanum,22199.5,22276.4,76.9,False,0
session_007,candidate_02,pangram,key_18,space,22385.4,22458.8,73.4,False,0
session_007,candidate_02,pangram,key_28,alphanum,22547.9,22627.7,79.8,False,0
session_007,candidate_02,pangram,key_24,alphanum,22880.2,22947.6,67.4,False,0
session_007,candidate_02,pangram,key_26,alphanum,23317.6,23366.3,48.7,False,0
session_007,candidate_02,pangram,key_06,alphanum,24639.5,24704.3,64.8,False,0
session_007,candidate_02,pangram,key_03,alphanum,24882.3,24944.7,62.4,False,0
session_007,candidate_02,pangram,key_18,space,25155.6,25238.8,83.2,False,0
session_007,candidate_02,pangram,key_30,alphanum,25883,25954.9,71.9,False,0
session_007,candidate_02,pangram,key_22,alphanum,26299.3,26347.8,48.5,False,0
session_007,candidate_02,pangram,key_27,alphanum,27026.2,27089.2,63,False,0
session_007,candidate_02,pangram,key_23,alphanum,28225,28272.4,47.4,False,0
session_007,candidate_02,pangram,key_24,alphanum,28464.7,28532,67.3,False,0
session_007,candidate_02,pangram,key_01,alphanum,28680.1,28747.9,67.8,False,0
session_007,candidate_02,pangram,key_18,space,28876.1,28949.7,73.6,False,0
session_007,candidate_02,pangram,key_29,alphanum,29528.3,29603.7,75.4,False,0
session_007,candidate_02,pangram,key_23,alphanum,29744.8,29811.6,66.8,False,0
session_007,candidate_02,pangram,key_11,alphanum,30012.1,30067.8,55.7,False,0
session_007,candidate_02,pangram,key_07,alphanum,30148.1,30209.3,61.2,False,0
session_007,candidate_02,pangram,key_15,alphanum,31370.9,31427.9,57,False,0
session_007,candidate_02,pangram,key_24,alphanum,31849.7,31911.6,61.9,False,0
session_007,candidate_02,pangram,key_10,alphanum,31997.9,32072.1,74.2,False,0
session_007,candidate_02,pangram,key_18,space,32215.9,32294.1,78.2,False,0
session_007,candidate_02,pangram,key_25,alphanum,32876.8,32940.7,63.9,False,0
session_007,candidate_02,pangram,key_06,alphanum,33169,33241.6,72.6,False,0
session_007,candidate_02,pangram,key_05,alphanum,33577.4,33634,56.6,False,0
session_007,candidate_02,pangram,key_22,alphanum,34258.4,34304.2,45.8,False,0
session_007,candidate_02,pangram,key_03,alphanum,34534.7,34607.4,72.7,False,0
session_007,candidate_02,pangram,key_11,alphanum,34828.3,34884.8,56.5,False,0
session_007,candidate_02,pangram,key_30,alphanum,34964,35032.7,68.7,False,0
session_007,candidate_02,pangram,key_19,alphanum,35266.6,35326.6,60,False,0
session_007,candidate_02,pangram,key_18,space,35730.1,35801.6,71.5,False,0
session_007,candidate_02,pangram,key_27,alphanum,36470.1,36546.9,76.8,False,0
session_007,candidate_02,pangram,key_23,alphanum,36887.5,36950.4,62.9,False,0
session_007,candidate_02,pangram,key_22,alphanum,37070.6,37141.1,70.5,False,0
session_007,candidate_02,pangram,key_02,alphanum,37301.5,37365.7,64.2,False,0
session_007,candidate_02,pangram,key_08,alphanum,37499.7,37567.1,67.4,False,0
session_007,candidate_02,pangram,key_18,space,37837.9,37905.6,67.7,False,0
session_007,candidate_02,pangram,key_28,alphanum,38367.4,38434.3,66.9,False,0
session_007,candidate_02,pangram,key_16,alphanum,38650.7,38698,47.3,False,0
session_007,candidate_02,pangram,key_14,alphanum,38981.8,39028.5,46.7,False,0
session_007,candidate_02,pangram,key_17,alphanum,39168.4,39217,48.6,False,0
session_007,candidate_02,pangram,key_18,space,39475.7,39542.5,66.8,False,0
session_007,candidate_02,pangram,key_26,alphanum,40257.5,40314.9,57.4,False,0
session_007,candidate_02,pangram,key_06,alphanum,40543.1,40600.7,57.6,False,0
session_007,candidate_02,pangram,key_12,alphanum,40926.9,40973.4,46.5,False,0
session_007,candidate_02,pangram,key_01,alphanum,41743.8,41804.5,60.7,False,0
session_007,candidate_02,pangram,key_16,alphanum,42016.1,42061.7,45.6,False,0
session_007,candidate_02,pangram,key_07,alphanum,42217.1,42264.5,47.4,False,0
session_007,candidate_02,pangram,key_18,space,42759.7,42826.7,67,False,0
session_007,candidate_02,pangram,key_15,alphanum,43179.1,43225.3,46.2,False,0
session_007,candidate_02,pangram,key_13,backspace,44231.7,44298.3,66.6,False,0
session_007,candidate_02,pangram,key_29,alphanum,45393.5,45456.8,63.3,False,0
session_007,candidate_02,pangram,key_23,alphanum,45581.9,45633.7,51.8,False,0
session_007,candidate_02,pangram,key_20,alphanum,45854.2,45899.1,44.9,False,0
session_007,candidate_02,pangram,key_09,alphanum,46203.5,46262.3,58.8,False,0
session_007,candidate_02,pangram,key_17,alphanum,47544.2,47596.5,52.3,False,0
session_007,candidate_02,pangram,key_15,alphanum,47767.4,47829,61.6,False,0
session_007,candidate_02,pangram,key_06,alphanum,47925.7,47945,19.3,False,0
session_007,candidate_02,pangram,key_18,space,48092.8,48170.7,77.9,False,0
session_007,candidate_02,pangram,key_14,alphanum,48738.3,48800.2,61.9,False,0
session_007,candidate_02,pangram,key_22,alphanum,48963.7,49026.6,62.9,False,0
session_007,candidate_02,pangram,key_25,alphanum,49352.3,49368.3,16,False,0
session_007,candidate_02,pangram,key_06,alphanum,49556.7,49617.5,60.8,False,0
session_007,candidate_02,pangram,key_18,space,49797,49864.8,67.8,False,0
session_007,candidate_02,pangram,key_12,alphanum,50651.8,50689,37.2,False,0
session_007,candidate_02,pangram,key_24,alphanum,50895.8,50951.2,55.4,False,0
session_007,candidate_02,pangram,key_05,alphanum,51492.7,51551,58.3,False,0
session_007,candidate_02,pangram,key_22,alphanum,51704.9,51767.7,62.8,False,0
session_007,candidate_02,pangram,key_03,alphanum,51999.1,52060.1,61,False,0
session_007,candidate_02,pangram,key_11,alphanum,52190.5,52232.8,42.3,False,0
session_007,candidate_02,pangram,key_18,space,52401,52468.4,67.4,False,0
session_007,candidate_02,pangram,key_10,alphanum,53151.6,53213.8,62.2,False,0
session_007,candidate_02,pangram,key_22,alphanum,53378.7,53441.8,63.1,False,0
session_007,candidate_02,pangram,key_26,alphanum,53701.6,53743.2,41.6,False,0
session_007,candidate_02,pangram,key_16,alphanum,54029.7,54081.5,51.8,False,0
session_007,candidate_02,pangram,key_01,alphanum,54332.6,54378.4,45.8,False,0
session_007,candidate_02,pangram,key_28,alphanum,54533.6,54590.2,56.6,False,0
session_007,candidate_02,pangram,key_07,alphanum,54759.3,54812,52.7,False,0
session_007,candidate_02,pangram,key_18,space,55041.8,55108.8,67,False,0
session_007,candidate_02,pangram,key_29,alphanum,55658.1,55719.3,61.2,False,0
session_007,candidate_02,pangram,key_23,alphanum,55900.9,55951.9,51,False,0
session_007,candidate_02,pangram,key_20,alphanum,56183.2,56240.2,57,False,0
session_007,candidate_02,pangram,key_09,alphanum,56441.7,56507.8,66.1,False,0
session_007,candidate_02,pangram,key_18,space,56799.1,56866.5,67.4,False,0
session_007,candidate_02,pangram,key_27,alphanum,57262.1,57324.9,62.8,False,0
session_007,candidate_02,pangram,key_23,alphanum,57495.6,57551.2,55.6,False,0
session_007,candidate_02,pangram,key_22,alphanum,57726.6,57788.7,62.1,False,0
session_007,candidate_02,pangram,key_02,alphanum,58065,58141.5,76.5,False,0
session_007,candidate_02,pangram,key_08,alphanum,58256,58308.4,52.4,False,0
session_007,candidate_02,pangram,key_30,alphanum,58504.5,58567.4,62.9,False,0
session_007,candidate_02,pangram,key_19,alphanum,59517.7,59584.1,66.4,False,0
session_007,candidate_02,pangram,key_07,alphanum,60973,61039.1,66.1,False,0
session_007,candidate_02,pangram,key_09,alphanum,61889.1,61952.4,63.3,False,0
session_007,candidate_02,pangram,key_15,alphanum,62284.2,62340.3,56.1,False,0
session_007,candidate_02,pangram,key_22,alphanum,62600.8,62667.8,67,False,0
session_007,candidate_02,pangram,key_03,alphanum,63140.2,63212.6,72.4,False,0
session_007,candidate_02,pangram,key_05,alphanum,63578.4,63634.5,56.1,False,0
session_007,candidate_02,pangram,key_18,space,63824.4,63882.2,57.8,False,0
session_007,candidate_02,pangram,key_24,alphanum,64348.8,64406.3,57.5,False,0
session_007,candidate_02,pangram,key_14,alphanum,64762.8,64816.4,53.6,False,0
session_007,candidate_02,pangram,key_18,space,64990,65051.6,61.6,False,0
session_007,candidate_02,pangram,key_12,alphanum,66454.4,66516.7,62.3,False,0
session_007,candidate_02,pangram,key_30,alphanum,66827.2,66889.8,62.6,False,0
session_007,candidate_02,pangram,key_16,alphanum,66984.9,67032.1,47.2,False,0
session_007,candidate_02,pangram,key_02,alphanum,67379.1,67425.3,46.2,False,0
session_007,candidate_02,pangram,key_08,alphanum,67634.7,67692,57.3,False,0
session_007,candidate_02,pangram,key_18,space,67957.5,68020,62.5,False,0
session_007,candidate_02,pangram,key_27,alphanum,68482.3,68544,61.7,False,0
session_007,candidate_02,pangram,key_23,alphanum,68753.5,68822,68.5,False,0
session_007,candidate_02,pangram,key_16,alphanum,68976.3,69038.1,61.8,False,0
session_007,candidate_02,pangram,key_01,alphanum,70538.1,70610,71.9,False,0
session_007,candidate_02,pangram,key_17,alphanum,70755,70821.6,66.6,False,0
session_007,candidate_02,pangram,key_26,alphanum,71401.2,71436.5,35.3,False,0
session_007,candidate_02,pangram,key_18,space,71682.1,71743.5,61.4,False,0
session_007,candidate_02,pangram,key_29,alphanum,72562.3,72630.7,68.4,False,0
session_007,candidate_02,pangram,key_23,alphanum,72767.2,72823.6,56.4,False,0
session_007,candidate_02,pangram,key_28,alphanum,73078.7,73151,72.3,False,0
session_007,candidate_02,pangram,key_11,alphanum,73310.4,73372.2,61.8,False,0
session_007,candidate_02,pangram,key_06,alphanum,73491.9,73560.2,68.3,False,0
session_007,candidate_02,pangram,key_18,space,73692.7,73766.2,73.5,False,0
session_007,candidate_02,pangram,key_20,alphanum,74202.1,74270.7,68.6,False,0
session_007,candidate_02,pangram,key_19,alphanum,74551.3,74598.6,47.3,False,0
session_007,candidate_02,pangram,key_18,space,74783.9,74844.8,60.9,False,0
session_007,candidate_02,pangram,key_25,alphanum,75050.3,75113,62.7,False,0
session_007,candidate_02,pangram,key_24,alphanum,75276.5,75338,61.5,False,0
session_007,candidate_02,pangram,key_10,alphanum,75643.7,75701,57.3,False,0
session_007,candidate_02,pangram,key_17,alphanum,76701.5,76723.5,22,False,0
session_007,candidate_02,pangram,key_15,alphanum,76923.4,76990.8,67.4,False,0
session_007,candidate_02,pangram,key_06,alphanum,77297,77348.7,51.7,False,0
session_007,candidate_02,pangram,key_18,space,77608.6,77665.5,56.9,False,0
session_007,candidate_02,pangram,key_27,alphanum,78479.4,78542.2,62.8,False,0
session_007,candidate_02,pangram,key_23,alphanum,78927.3,78980.3,53,False,0
session_007,candidate_02,pangram,key_22,alphanum,79140,79151.1,11.1,False,0
session_007,candidate_02,pangram,key_02,alphanum,80263.9,80332,68.1,False,0
session_007,candidate_02,pangram,key_08,alphanum,80586.3,80654.3,68,False,0
session_007,candidate_02,pangram,key_18,space,80840.2,80921.7,81.5,False,0
session_007,candidate_02,pangram,key_12,alphanum,81171.6,81219.3,47.7,False,0
session_007,candidate_02,pangram,key_01,alphanum,81484.8,81551.3,66.5,False,0
session_007,candidate_02,pangram,key_24,alphanum,81726.3,81793.6,67.3,False,0
session_007,candidate_02,pangram,key_10,alphanum,81989.7,82062.4,72.7,False,0
session_007,candidate_02,pangram,key_03,alphanum,82170.1,82230.4,60.3,False,0
session_007,candidate_02,pangram,key_18,space,82402,82469.7,67.7,False,0
session_007,candidate_02,pangram,key_14,alphanum,83148.1,83206.3,58.2,False,0
session_007,candidate_02,pangram,key_24,alphanum,83375.1,83436.5,61.4,False,0
session_007,candidate_02,pangram,key_05,alphanum,83684.2,83734.9,50.7,False,0
session_007,candidate_02,pangram,key_18,space,83850.6,83922.7,72.1,False,0
session_007,candidate_02,pangram,key_29,alphanum,84282.8,84360.5,77.7,False,0
session_007,candidate_02,pangram,key_23,alphanum,84480.7,84548.6,67.9,False,0
session_007,candidate_02,pangram,key_20,alphanum,84768,84825.7,57.7,False,0
session_007,candidate_02,pangram,key_09,alphanum,85022,85088.5,66.5,False,0
session_007,candidate_02,pangram,key_07,alphanum,85328.9,85385.2,56.3,False,0
session_007,candidate_02,pangram,key_18,space,85488.7,85562.7,74,False,0
session_007,candidate_02,pangram,key_24,alphanum,86069.7,86125.9,56.2,False,0
session_007,candidate_02,pangram,key_25,alphanum,86536.4,86600.7,64.3,False,0
session_007,candidate_02,pangram,key_06,alphanum,86709,86779.9,70.9,False,0
session_007,candidate_02,pangram,key_01,alphanum,86925.3,86988.3,63,False,0
session_007,candidate_02,pangram,key_18,space,87063.1,87153.9,90.8,False,0
session_007,candidate_02,pangram,key_17,alphanum,87429.1,87482.7,53.6,False,0
session_007,candidate_02,pangram,key_15,alphanum,87590.5,87658.1,67.6,False,0
session_007,candidate_02,pangram,key_06,alphanum,87786.9,87854.7,67.8,False,0
session_007,candidate_02,pangram,key_18,space,87964.3,88031.8,67.5,False,0
session_007,candidate_02,free,key_08,alphanum,161948,162031,83.7,False,0
session_007,candidate_02,free,key_06,alphanum,162331,162410,79.1,False,0
session_007,candidate_02,free,key_15,alphanum,162520,162596,76,False,0
session_007,candidate_02,free,key_17,alphanum,162709,162771,62.1,False,0
session_007,candidate_02,free,key_06,alphanum,162986,163051,65,False,0
session_007,candidate_02,free,key_18,space,163158,163241,83.1,False,0
session_007,candidate_02,free,key_15,alphanum,163807,163874,67.4,False,0
session_007,candidate_02,free,key_16,alphanum,163999,164052,52.7,False,0
session_007,candidate_02,free,key_22,alphanum,164221,164288,66.8,False,0
session_007,candidate_02,free,key_03,alphanum,164483,164555,72,False,0
session_007,candidate_02,free,key_16,alphanum,164690,164768,78,False,0
session_007,candidate_02,free,key_11,alphanum,164871,164928,57.1,False,0
session_007,candidate_02,free,key_16,alphanum,165002,165054,52.3,False,0
session_007,candidate_02,free,key_01,alphanum,165336,165381,45.4,False,0
session_007,candidate_02,free,key_13,backspace,165914,166002,87.6,False,0
session_007,candidate_02,free,key_13,backspace,166190,166252,62.3,False,0
session_007,candidate_02,free,key_13,backspace,166593,166655,62.8,False,0
session_007,candidate_02,free,key_16,alphanum,167053,167119,66,False,0
session_007,candidate_02,free,key_11,alphanum,167360,167431,71.3,False,0
session_007,candidate_02,free,key_16,alphanum,167585,167623,37.4,False,0
session_007,candidate_02,free,key_01,alphanum,168362,168418,55.6,False,0
session_007,candidate_02,free,key_18,space,168588,168650,62.2,False,0
session_007,candidate_02,free,key_08,alphanum,169112,169185,73.6,False,0
session_007,candidate_02,free,key_22,alphanum,169335,169398,62.4,False,0
session_007,candidate_02,free,key_07,alphanum,169572,169624,51.8,False,0
session_007,candidate_02,free,key_22,alphanum,169718,169778,60.7,False,0
session_007,candidate_02,free,key_18,space,170044,170107,63,False,0
session_007,candidate_02,free,key_02,alphanum,170503,170555,51.9,False,0
session_007,candidate_02,free,key_15,alphanum,170746,170818,71.8,False,0
session_007,candidate_02,free,key_06,alphanum,171018,171079,61.4,False,0
session_007,candidate_02,free,key_06,alphanum,171214,171267,53.2,False,0
session_007,candidate_02,free,key_26,alphanum,171884,171931,47.3,False,0
session_007,candidate_02,free,key_18,space,172140,172202,61.7,False,0
session_007,candidate_02,free,key_08,alphanum,172800,172852,51.9,False,0
session_007,candidate_02,free,key_24,alphanum,173032,173095,62.6,False,0
session_007,candidate_02,free,key_18,space,173403,173474,71.6,False,0
session_007,candidate_02,free,key_28,alphanum,174096,174164,68.2,False,0
session_007,candidate_02,free,key_30,alphanum,174756,174824,68.3,False,0
session_007,candidate_02,free,key_18,space,175100,175152,52.1,False,0
session_007,candidate_02,free,key_13,backspace,175704,175768,64,False,0
session_007,candidate_02,free,key_13,backspace,175875,175947,72.5,False,0
session_007,candidate_02,free,key_22,alphanum,176575,176627,52.3,False,0
session_007,candidate_02,free,key_30,alphanum,176807,176854,47.1,False,0
session_007,candidate_02,free,key_18,space,177485,177552,66.8,False,0
session_007,candidate_02,free,key_07,alphanum,177661,177729,68.4,False,0
session_007,candidate_02,free,key_06,alphanum,177882,177929,47.4,False,0
session_007,candidate_02,free,key_18,space,178118,178186,67.5,False,0
session_007,candidate_02,free,key_02,alphanum,178758,178820,62.1,False,0
session_007,candidate_02,free,key_15,alphanum,178970,179043,73.1,False,0
session_007,candidate_02,free,key_16,alphanum,179185,179235,50.2,False,0
session_007,candidate_02,free,key_15,alphanum,179375,179437,61.9,False,0
session_007,candidate_02,free,key_24,alphanum,179696,179764,67.9,False,0
session_007,candidate_02,free,key_18,space,180016,180087,71.4,False,0
session_007,candidate_02,free,key_17,alphanum,180221,180289,67.5,False,0
session_007,candidate_02,free,key_24,alphanum,180418,180491,72.9,False,0
session_007,candidate_02,free,key_15,alphanum,181170,181218,47.8,False,0
session_007,candidate_02,free,key_18,space,181446,181514,67.6,False,0
session_007,candidate_02,free,key_09,alphanum,181910,181979,69.3,False,0
session_007,candidate_02,free,key_24,alphanum,182144,182217,72.9,False,0
session_007,candidate_02,free,key_24,alphanum,182309,182381,72.5,False,0
session_007,candidate_02,free,key_01,alphanum,182518,182584,65.4,False,0
session_007,candidate_02,free,key_22,alphanum,182704,182760,55.3,False,0
session_007,candidate_02,free,key_18,space,183009,183086,77.4,False,0
session_007,candidate_02,free,key_08,alphanum,183620,183698,78.4,False,0
session_007,candidate_02,free,key_16,alphanum,183821,183894,72.5,False,0
session_007,candidate_02,free,key_19,alphanum,184158,184226,68.2,False,0
session_007,candidate_02,free,key_06,alphanum,184379,184436,57.1,False,0
session_007,candidate_02,free,key_03,alphanum,184568,184638,70.2,False,0
session_007,candidate_02,free,key_16,alphanum,184717,184779,62.3,False,0
session_007,candidate_02,free,key_17,alphanum,185165,185212,47.3,False,0
session_007,candidate_02,free,key_18,space,185474,185526,52.1,False,0
session_007,candidate_02,free,key_13,backspace,186053,186130,77.1,False,0
session_007,candidate_02,free,key_13,backspace,186252,186321,68.8,False,0
session_007,candidate_02,free,key_16,alphanum,187257,187299,41.3,False,0
session_007,candidate_02,free,key_17,alphanum,187725,187772,46.9,False,0
session_007,candidate_02,free,key_18,space,188128,188186,58.8,False,0
session_007,candidate_02,free,key_23,alphanum,188697,188760,63,False,0
session_007,candidate_02,free,key_07,alphanum,188937,189001,64.2,False,0
session_007,candidate_02,free,key_07,alphanum,189086,189152,65.7,False,0
session_007,candidate_02,free,key_06,alphanum,189337,189389,51.9,False,0
session_007,candidate_02,free,key_18,space,189569,189636,67,False,0
session_007,candidate_02,free,key_17,alphanum,190149,190210,61.6,False,0
session_007,candidate_02,free,key_23,alphanum,190360,190417,56.4,False,0
session_007,candidate_02,free,key_20,alphanum,190703,190770,67,False,0
session_007,candidate_02,free,key_07,alphanum,191066,191134,67.9,False,0
session_007,candidate_02,free,key_06,alphanum,191298,191360,62.6,False,0
session_007,candidate_02,free,key_18,space,191515,191571,55.8,False,0
session_007,candidate_02,free,key_20,alphanum,191970,192044,73.9,False,0
session_007,candidate_02,free,key_22,alphanum,192240,192303,62.1,False,0
session_007,candidate_02,free,key_30,alphanum,192478,192555,77.5,False,0
session_007,candidate_02,free,key_16,alphanum,192670,192737,67.2,False,0
session_007,candidate_02,free,key_03,alphanum,192872,192939,66.3,False,0
session_007,candidate_02,free,key_06,alphanum,193037,193110,73,False,0
session_007,candidate_02,free,key_18,space,193265,193322,57.3,False,0
session_007,candidate_02,free,key_08,alphanum,193819,193896,76.9,False,0
session_007,candidate_02,free,key_22,alphanum,194021,194084,62.5,False,0
session_007,candidate_02,free,key_18,space,194279,194353,73.6,False,0
session_007,candidate_02,free,key_08,alphanum,194526,194599,72.9,False,0
session_007,candidate_02,free,key_24,alphanum,194759,194827,67.7,False,0
session_007,candidate_02,free,key_07,alphanum,195071,195135,64.1,False,0
session_007,candidate_02,free,key_15,alphanum,195290,195341,50.9,False,0
session_007,candidate_02,free,key_22,alphanum,196361,196424,62.4,False,0
session_007,candidate_02,free,key_07,alphanum,196609,196676,66.9,False,0
session_007,candidate_02,free,key_15,alphanum,196820,196867,47.4,False,0
session_007,candidate_02,free,key_18,space,197187,197256,69,False,0
session_007,candidate_02,free,key_20,alphanum,197759,197836,77.5,False,0
session_007,candidate_02,free,key_06,alphanum,198001,198073,72.1,False,0
session_007,candidate_02,free,key_22,alphanum,198161,198228,66.9,False,0
session_007,candidate_02,free,key_03,alphanum,198436,198491,55.3,False,0
session_007,candidate_02,free,key_18,space,198669,198720,51.3,False,0
session_007,candidate_02,free,key_30,alphanum,199101,199137,36.1,False,0
session_007,candidate_02,free,key_16,alphanum,199469,199539,70.4,False,0
session_007,candidate_02,free,key_11,alphanum,199724,199782,57.7,False,0
session_007,candidate_02,free,key_18,space,200047,200111,63.3,False,0
session_007,candidate_02,free,key_15,alphanum,200844,200882,37.6,False,0
session_007,candidate_02,free,key_13,backspace,201484,201546,61.5,False,0
session_007,candidate_02,free,key_29,alphanum,202095,202137,42.2,False,0
session_007,candidate_02,free,key_16,alphanum,202290,202338,47.2,False,0
session_007,candidate_02,free,key_07,alphanum,202301,202328,26.7,False,0
session_007,candidate_02,free,key_16,alphanum,202453,202500,47.6,False,0
session_007,candidate_02,free,key_17,alphanum,202841,202903,62,False,0
session_007,candidate_02,free,key_22,alphanum,203021,203079,58.1,False,0
session_007,candidate_02,free,key_13,backspace,203708,203774,66,False,0
session_007,candidate_02,free,key_13,backspace,203934,203981,46.6,False,0
session_007,candidate_02,free,key_13,backspace,204442,204504,62.1,False,0
session_007,candidate_02,free,key_13,backspace,204751,204792,41.6,False,0
session_007,candidate_02,free,key_16,alphanum,206051,206096,45.6,False,0
session_007,candidate_02,free,key_17,alphanum,206725,206784,59.3,False,0
session_007,candidate_02,free,key_22,alphanum,206917,206974,57.5,False,0
session_007,candidate_02,free,key_18,space,207230,207303,73.2,False,0
session_007,candidate_02,free,key_15,alphanum,208066,208128,62.3,False,0
session_007,candidate_02,free,key_16,alphanum,208213,208274,61.2,False,0
session_007,candidate_02,free,key_22,alphanum,208388,208461,73,False,0
session_007,candidate_02,free,key_18,space,208720,208794,73.1,False,0
session_007,candidate_02,free,key_16,alphanum,209174,209226,52.3,False,0
session_007,candidate_02,free,key_16,alphanum,209341,209409,67.4,False,0
session_007,candidate_02,free,key_29,alphanum,209541,209610,69.1,False,0
session_007,candidate_02,free,key_18,space,209751,209828,77.3,False,0
session_007,candidate_02,free,key_16,alphanum,209987,210052,64.8,False,0
session_007,candidate_02,free,key_16,alphanum,210180,210236,56.2,False,0
session_007,candidate_02,free,key_09,alphanum,210355,210426,70.8,False,0
session_007,candidate_02,free,key_18,space,210662,210730,67.6,False,0
session_007,candidate_02,free,key_07,alphanum,211353,211404,51.2,False,0
session_007,candidate_02,free,key_16,alphanum,211620,211672,51.8,False,0
session_007,candidate_02,free,key_03,alphanum,211843,211899,56.6,False,0
session_007,candidate_02,free,key_13,backspace,212290,212384,94,False,0
session_007,candidate_02,free,key_12,alphanum,212830,212892,62,False,0
session_007,candidate_02,free,key_03,alphanum,213068,213138,70.4,False,0
session_007,candidate_02,free,key_06,alphanum,213228,213296,68.5,False,0
session_007,candidate_02,free,key_18,space,213430,213498,68.8,False,0
session_007,candidate_02,free,key_20,alphanum,213941,214003,62.3,False,0
session_007,candidate_02,free,key_23,alphanum,214220,214280,60.3,False,0
session_007,candidate_02,free,key_29,alphanum,214455,214522,66.7,False,0
session_007,candidate_02,free,key_15,alphanum,214686,214749,63.1,False,0
session_007,candidate_02,free,key_06,alphanum,214883,214952,69.3,False,0
session_007,candidate_02,free,key_18,space,215071,215132,60.3,False,0
session_007,candidate_02,free,key_20,alphanum,215551,215626,75.3,False,0
session_007,candidate_02,free,key_06,alphanum,215907,215984,77,False,0
session_007,candidate_02,free,key_01,alphanum,216119,216191,72.2,False,0
session_007,candidate_02,free,key_22,alphanum,216360,216424,63.6,False,0
session_007,candidate_02,free,key_18,space,216670,216737,67.1,False,0
session_007,candidate_02,free,key_02,alphanum,217294,217356,61.7,False,0
session_007,candidate_02,free,key_15,alphanum,217541,217609,67.6,False,0
session_007,candidate_02,free,key_16,alphanum,217803,217855,51.5,False,0
session_007,candidate_02,free,key_15,alphanum,218054,218112,57.2,False,0
session_007,candidate_02,free,key_16,alphanum,218288,218365,77.3,False,0
session_007,candidate_02,free,key_17,alphanum,218620,218671,51.4,False,0
session_007,candidate_02,free,key_18,space,218911,218980,68.6,False,0
session_007,candidate_02,free,key_07,alphanum,219369,219417,48.1,False,0
session_007,candidate_02,free,key_06,alphanum,219570,219628,57.6,False,0
session_007,candidate_02,free,key_18,space,219752,219815,63.4,False,0
session_007,candidate_02,free,key_20,alphanum,220402,220470,68,False,0
session_007,candidate_02,free,key_22,alphanum,220633,220679,45.6,False,0
session_007,candidate_02,free,key_30,alphanum,220870,220958,88,False,0
session_007,candidate_02,free,key_16,alphanum,221103,221179,75.9,False,0
session_007,candidate_02,free,key_18,space,221303,221376,73,False,0
session_007,candidate_02,free,key_28,alphanum,221753,221815,62.4,False,0
session_007,candidate_02,free,key_22,alphanum,222026,222092,66.1,False,0
session_007,candidate_02,free,key_19,alphanum,222287,222350,62.9,False,0
session_007,candidate_02,free,key_16,alphanum,222458,222516,57.8,False,0
session_007,candidate_02,free,key_18,space,222624,222706,81.4,False,0
session_007,candidate_02,free,key_16,alphanum,222932,223010,78.8,False,0
session_007,candidate_02,free,key_23,alphanum,223270,223326,55.6,False,0
session_007,candidate_02,free,key_01,alphanum,223558,223609,51.3,False,0
session_007,candidate_02,free,key_18,space,223763,223842,78.2,False,0
session_007,candidate_02,free,key_16,alphanum,224338,,,False,0
session_007,candidate_02,free,key_16,alphanum,227276,227353,77.1,False,0
session_007,candidate_02,free,key_23,alphanum,227486,227554,67.1,False,0
session_007,candidate_02,free,key_01,alphanum,227786,227836,50.1,False,0
session_007,candidate_02,free,key_18,space,227952,228022,70.1,False,0
session_007,candidate_02,free,key_13,backspace,228605,228694,88.7,False,0
session_007,candidate_02,free,key_13,backspace,228792,228874,82.8,False,0
session_007,candidate_02,free,key_16,alphanum,229620,229695,75.8,False,0
session_007,candidate_02,free,key_23,alphanum,229854,229922,67.7,False,0
session_007,candidate_02,free,key_01,alphanum,230113,230170,56.3,False,0
session_007,candidate_02,free,key_18,space,230286,230390,105,False,0
session_007,candidate_02,free,key_16,alphanum,231009,231061,51.7,False,0
session_007,candidate_02,free,key_16,alphanum,231215,231269,53.6,False,0
session_007,candidate_02,free,key_29,alphanum,231392,231455,62.6,False,0
session_007,candidate_02,free,key_18,space,231665,231737,71.4,False,0
session_007,candidate_02,free,key_22,alphanum,232340,232406,66.9,False,0
session_007,candidate_02,free,key_07,alphanum,232572,232630,58.3,False,0
session_007,candidate_02,free,key_18,space,232739,232817,78.2,False,0
session_007,candidate_02,free,key_12,alphanum,233097,233149,52,False,0
session_007,candidate_02,free,key_16,alphanum,233257,233304,47.7,False,0
session_007,candidate_02,free,key_16,alphanum,233413,233471,57.9,False,0
session_007,candidate_02,free,key_17,alphanum,233819,233863,44.5,False,0
session_007,candidate_02,free,key_18,space,234094,234161,66.6,False,0
session_007,candidate_02,free,key_08,alphanum,234902,234972,69.3,False,0
session_007,candidate_02,free,key_16,alphanum,235122,235204,82.3,False,0
session_007,candidate_02,free,key_18,space,235294,235367,72.7,False,0
session_007,candidate_02,free,key_12,alphanum,235549,235606,57,False,0
session_007,candidate_02,free,key_15,alphanum,235769,235828,58.6,False,0
session_007,candidate_02,free,key_22,alphanum,236013,236080,66.4,False,0
session_007,candidate_02,free,key_18,space,236347,236420,72.7,False,0
session_007,candidate_02,free,key_19,alphanum,237682,237749,67.1,False,0
session_007,candidate_02,free,key_16,alphanum,237920,237986,66,False,0
session_007,candidate_02,free,key_27,alphanum,239114,239202,88.4,False,0
session_007,candidate_02,free,key_06,alphanum,239730,239803,73,False,0
session_007,candidate_02,free,key_06,alphanum,239890,239969,79,False,0
session_007,candidate_02,free,key_03,alphanum,240057,240136,78.5,False,0
session_007,candidate_02,free,key_18,space,240320,240399,79.8,False,0
session_007,candidate_02,free,key_15,alphanum,240899,240959,60.1,False,0
session_007,candidate_02,free,key_24,alphanum,241204,241272,67.4,False,0
session_007,candidate_02,free,key_18,space,241503,241586,82.9,False,0
session_007,candidate_02,free,key_16,alphanum,241774,241832,57.6,False,0
session_007,candidate_02,free,key_11,alphanum,241922,241994,72.5,False,0
session_007,candidate_02,free,key_16,alphanum,242078,242136,57.9,False,0
session_007,candidate_02,free,key_19,alphanum,242163,242225,62.7,False,0
session_007,candidate_02,free,key_13,backspace,242749,242820,71.2,False,0
session_007,candidate_02,free,key_13,backspace,242934,243015,81.3,False,0
session_007,candidate_02,free,key_13,backspace,243105,243177,71.7,False,0
session_007,candidate_02,free,key_13,backspace,243458,243515,56.5,False,0
session_007,candidate_02,free,key_11,alphanum,243978,244039,61.7,False,0
session_007,candidate_02,free,key_16,alphanum,244336,244399,63.4,False,0
session_007,candidate_02,free,key_19,alphanum,244578,244636,58.4,False,0
session_007,candidate_02,free,key_16,alphanum,244734,244787,52.1,False,0
session_007,candidate_02,free,key_18,space,244940,245008,68.4,False,0
session_007,candidate_02,free,key_08,alphanum,245505,245572,67.2,False,0
session_007,candidate_02,free,key_22,alphanum,245692,245761,68.5,False,0
session_007,candidate_02,free,key_18,space,245965,246041,75.6,False,0
session_007,candidate_02,free,key_15,alphanum,246228,246286,57.9,False,0
session_007,candidate_02,free,key_23,alphanum,246526,246585,58.5,False,0
session_007,candidate_02,free,key_20,alphanum,246795,246864,68.6,False,0
session_007,candidate_02,free,key_16,alphanum,246991,247052,61.3,False,0
session_007,candidate_02,free,key_01,alphanum,247320,247371,51.3,False,0
session_007,candidate_02,free,key_22,alphanum,247537,247594,57,False,0
session_007,candidate_02,free,key_18,space,247873,247937,63.2,False,0
session_007,candidate_02,free,key_14,alphanum,248651,248702,51.6,False,0
session_007,candidate_02,free,key_22,alphanum,248917,248974,56.6,False,0
session_007,candidate_02,free,key_30,alphanum,249153,249226,72.5,False,0
session_007,candidate_02,free,key_20,alphanum,249447,249503,56.8,False,0
session_007,candidate_02,free,key_24,alphanum,249704,249762,57.6,False,0
session_007,candidate_02,free,key_03,alphanum,250069,250114,45.1,False,0
session_007,candidate_02,free,key_18,space,250344,250403,58.8,False,0
session_007,candidate_02,free,key_08,alphanum,251171,251236,65.9,False,0
session_007,candidate_02,free,key_22,alphanum,251394,251446,52.5,False,0
session_007,candidate_02,free,key_18,space,251984,252045,60.6,False,0
session_008,candidate_07,pangram,key_17,alphanum,0,105.2,105.2,False,0
session_008,candidate_07,pangram,key_15,alphanum,238.1,340.2,102.1,False,0
session_008,candidate_07,pangram,key_06,alphanum,442.3,555.2,112.9,False,0
session_008,candidate_07,pangram,key_18,space,663.3,758.6,95.3,False,0
session_008,candidate_07,pangram,key_27,alphanum,1356.5,1511.4,154.9,False,0
session_008,candidate_07,pangram,key_23,alphanum,1883.9,1979.1,95.2,False,0
session_008,candidate_07,pangram,key_22,alphanum,2061.5,2168.9,107.4,False,0
session_008,candidate_07,pangram,key_02,alphanum,2356.9,2432.9,76,False,0
session_008,candidate_07,pangram,key_08,alphanum,2768.7,2877,108.3,False,0
session_008,candidate_07,pangram,key_18,space,3059,3142.6,83.6,False,0
session_008,candidate_07,pangram,key_12,alphanum,3768.2,3863.9,95.7,False,0
session_008,candidate_07,pangram,key_01,alphanum,4037.8,4135,97.2,False,0
session_008,candidate_07,pangram,key_24,alphanum,4273.6,4372,98.4,False,0
session_008,candidate_07,pangram,key_10,alphanum,4536.7,4661.3,124.6,False,0
session_008,candidate_07,pangram,key_03,alphanum,4792.7,4915.5,122.8,False,0
session_008,candidate_07,pangram,key_18,space,5066.3,5151.3,85,False,0
session_008,candidate_07,pangram,key_14,alphanum,5721.1,5830.1,109,False,0
session_008,candidate_07,pangram,key_24,alphanum,6017.4,6121.4,104,False,0
session_008,candidate_07,pangram,key_05,alphanum,6493.3,6612.2,118.9,False,0
session_008,candidate_07,pangram,key_18,space,6710.7,6812.7,102,False,0
session_008,candidate_07,pangram,key_29,alphanum,7457.2,7555.7,98.5,False,0
session_008,candidate_07,pangram,key_23,alphanum,7639.1,7730.5,91.4,False,0
session_008,candidate_07,pangram,key_20,alphanum,7875.3,7965.4,90.1,False,0
session_008,candidate_07,pangram,key_09,alphanum,8226.3,8328,101.7,False,0
session_008,candidate_07,pangram,key_07,alphanum,8550.7,8690.8,140.1,False,0
session_008,candidate_07,pangram,key_18,space,9177.7,9276,98.3,False,0
session_008,candidate_07,pangram,key_24,alphanum,9583.7,9686.6,102.9,False,0
session_008,candidate_07,pangram,key_25,alphanum,9934.4,10021.5,87.1,False,0
session_008,candidate_07,pangram,key_06,alphanum,10195.9,10299.4,103.5,False,0
session_008,candidate_07,pangram,key_01,alphanum,10403.9,10505.3,101.4,False,0
session_008,candidate_07,pangram,key_18,space,10578,10666.7,88.7,False,0
session_008,candidate_07,pangram,key_17,alphanum,11227.2,11321.1,93.9,False,0
session_008,candidate_07,pangram,key_15,alphanum,11431.9,11546.8,114.9,False,0
session_008,candidate_07,pangram,key_06,alphanum,11619.3,11757.3,138,False,0
session_008,candidate_07,pangram,key_18,space,12017.1,12116.5,99.4,False,0
session_008,candidate_07,pangram,key_30,alphanum,12850.5,12941.1,90.6,False,0
session_008,candidate_07,pangram,key_16,alphanum,13122.4,13233.2,110.8,False,0
session_008,candidate_07,pangram,key_26,alphanum,13475.3,13597.3,122,False,0
session_008,candidate_07,pangram,key_19,alphanum,13751.9,13838.7,86.8,False,0
session_008,candidate_07,pangram,key_18,space,14049.9,14131.6,81.7,False,0
session_008,candidate_07,pangram,key_28,alphanum,14621.4,14704.2,82.8,False,0
session_008,candidate_07,pangram,key_24,alphanum,14966.3,15059.2,92.9,False,0
session_008,candidate_07,pangram,key_11,alphanum,15484,15612,128,False,0
session_008,candidate_07,pangram,key_09,alphanum,16870.4,16973,102.6,False,0
session_008,candidate_07,pangram,key_16,alphanum,17177.6,17337.4,159.8,False,0
session_008,candidate_07,pangram,key_02,alphanum,17409.8,17485.3,75.5,False,0
session_008,candidate_07,pangram,key_08,alphanum,17916.6,18012.2,95.6,False,0
session_008,candidate_07,pangram,key_18,space,18151.7,18213.6,61.9,False,0
session_008,candidate_07,pangram,key_20,alphanum,18374.1,18456.4,82.3,False,0
session_008,candidate_07,pangram,key_23,alphanum,18643.8,18690.2,46.4,False,0
session_008,candidate_07,pangram,key_13,backspace,19599.3,19706.1,106.8,False,0
session_008,candidate_07,pangram,key_19,alphanum,20372.3,20465.1,92.8,False,0
session_008,candidate_07,pangram,key_18,space,20738,20813.6,75.6,False,0
session_008,candidate_07,pangram,key_12,alphanum,21508.4,21598,89.6,False,0
session_008,candidate_07,pangram,key_24,alphanum,21898.8,21990.7,91.9,False,0
session_008,candidate_07,pangram,key_05,alphanum,22227.8,22353.1,125.3,False,0
session_008,candidate_07,pangram,key_18,space,22507.8,22600,92.2,False,0
session_008,candidate_07,pangram,key_10,alphanum,23045.7,23174.6,128.9,False,0
session_008,candidate_07,pangram,key_22,alphanum,23355.6,23457.7,102.1,False,0
session_008,candidate_07,pangram,key_17,alphanum,23640.6,23702.9,62.3,False,0
session_008,candidate_07,pangram,key_15,alphanum,23861.7,23947.1,85.4,False,0
session_008,candidate_07,pangram,key_18,space,24108.8,24168.5,59.7,False,0
session_008,candidate_07,pangram,key_14,alphanum,24738.7,24844.8,106.1,False,0
session_008,candidate_07,pangram,key_22,alphanum,25023.1,25108.1,85,False,0
session_008,candidate_07,pangram,key_25,alphanum,25311.9,25407.3,95.4,False,0
session_008,candidate_07,pangram,key_06,alphanum,25506.5,25633.7,127.2,False,0
session_008,candidate_07,pangram,key_18,space,25692.9,25768.8,75.9,False,0
session_008,candidate_07,pangram,key_28,alphanum,26377,26502.9,125.9,False,0
session_008,candidate_07,pangram,key_24,alphanum,26698.6,26800.8,102.2,False,0
session_008,candidate_07,pangram,key_26,alphanum,27057.5,27185.8,128.3,False,0
session_008,candidate_07,pangram,key_06,alphanum,27406,27553.4,147.4,False,0
session_008,candidate_07,pangram,key_03,alphanum,27846.6,27956.4,109.8,False,0
session_008,candidate_07,pangram,key_18,space,28298.1,28367.6,69.5,False,0
session_008,candidate_07,pangram,key_30,alphanum,28998.1,29077,78.9,False,0
session_008,candidate_07,pangram,key_22,alphanum,29195.2,29287.5,92.3,False,0
session_008,candidate_07,pangram,key_27,alphanum,29976.1,30119.4,143.3,False,0
session_008,candidate_07,pangram,key_23,alphanum,30968.2,31053.5,85.3,False,0
session_008,candidate_07,pangram,key_24,alphanum,31178.2,31287.1,108.9,False,0
session_008,candidate_07,pangram,key_01,alphanum,31509.7,31618.5,108.8,False,0
session_008,candidate_07,pangram,key_18,space,31763,31839.8,76.8,False,0
session_008,candidate_07,pangram,key_29,alphanum,32544.6,32627.9,83.3,False,0
session_008,candidate_07,pangram,key_23,alphanum,32777,32866.4,89.4,False,0
session_008,candidate_07,pangram,key_11,alphanum,33446.3,33568.5,122.2,False,0
session_008,candidate_07,pangram,key_07,alphanum,33706.3,33849.3,143,False,0
session_008,candidate_07,pangram,key_29,alphanum,35267,35338.1,71.1,False,0
session_008,candidate_07,pangram,key_13,backspace,35886.8,35989,102.2,False,0
session_008,candidate_07,pangram,key_15,alphanum,36252.4,36321.6,69.2,False,0
session_008,candidate_07,pangram,key_24,alphanum,36751.5,36847.4,95.9,False,0
session_008,candidate_07,pangram,key_10,alphanum,37218.9,37336.6,117.7,False,0
session_008,candidate_07,pangram,key_18,space,37523.8,37596.3,72.5,False,0
session_008,candidate_07,pangram,key_25,alphanum,38427,38509.5,82.5,False,0
session_008,candidate_07,pangram,key_06,alphanum,38685,38800.2,115.2,False,0
session_008,candidate_07,pangram,key_05,alphanum,39002.9,39141.7,138.8,False,0
session_008,candidate_07,pangram,key_22,alphanum,39338.4,39423.9,85.5,False,0
session_008,candidate_07,pangram,key_03,alphanum,40252.9,40328.8,75.9,False,0
session_008,candidate_07,pangram,key_11,alphanum,40571.9,40651.1,79.2,False,0
session_008,candidate_07,pangram,key_30,alphanum,41580.3,41686,105.7,False,0
session_008,candidate_07,pangram,key_19,alphanum,41870.4,41956,85.6,False,0
session_008,candidate_07,pangram,key_18,space,42301.3,42390.7,89.4,False,0
session_008,candidate_07,pangram,key_27,alphanum,43035.9,43176,140.1,False,0
session_008,candidate_07,pangram,key_23,alphanum,43496.2,43594.1,97.9,False,0
session_008,candidate_07,pangram,key_22,alphanum,43696.2,43805.5,109.3,False,0
session_008,candidate_07,pangram,key_02,alphanum,44769.9,44939.6,169.7,False,0
session_008,candidate_07,pangram,key_08,alphanum,45599.9,45699.8,99.9,False,0
session_008,candidate_07,pangram,key_18,space,45901.6,45983.4,81.8,False,0
session_008,candidate_07,pangram,key_28,alphanum,46589.8,46692.5,102.7,False,0
session_008,candidate_07,pangram,key_16,alphanum,46872.7,46988.1,115.4,False,0
session_008,candidate_07,pangram,key_14,alphanum,47088.3,47161.8,73.5,False,0
session_008,candidate_07,pangram,key_17,alphanum,47284.2,47379.9,95.7,False,0
session_008,candidate_07,pangram,key_18,space,47693.9,47789.3,95.4,False,0
session_008,candidate_07,pangram,key_26,alphanum,48467.7,48572.6,104.9,False,0
session_008,candidate_07,pangram,key_06,alphanum,48779.6,48885.4,105.8,False,0
session_008,candidate_07,pangram,key_12,alphanum,49289.2,49399.1,109.9,False,0
session_008,candidate_07,pangram,key_01,alphanum,49550,49625,75,False,0
session_008,candidate_07,pangram,key_16,alphanum,49736.8,49858.9,122.1,False,0
session_008,candidate_07,pangram,key_07,alphanum,49986.8,50098.2,111.4,False,0
session_008,candidate_07,pangram,key_18,space,50393.9,50498.6,104.7,False,0
session_008,candidate_07,pangram,key_15,alphanum,51086.8,51133.4,46.6,False,0
session_008,candidate_07,pangram,key_29,alphanum,51706.2,51791.8,85.6,False,0
session_008,candidate_07,pangram,key_13,backspace,52450.7,52554.7,104,False,0
session_008,candidate_07,pangram,key_13,backspace,52643.4,52725.8,82.4,False,0
session_008,candidate_07,pangram,key_29,alphanum,53376.2,53472.1,95.9,False,0
session_008,candidate_07,pangram,key_23,alphanum,53544.6,53636.6,92,False,0
session_008,candidate_07,pangram,key_20,alphanum,53786.5,53867.5,81,False,0
session_008,candidate_07,pangram,key_09,alphanum,54300.9,54392,91.1,False,0
session_008,candidate_07,pangram,key_17,alphanum,55642.1,55734.8,92.7,False,0
session_008,candidate_07,pangram,key_15,alphanum,55871.7,55963.9,92.2,False,0
session_008,candidate_07,pangram,key_06,alphanum,55980.5,56067.2,86.7,False,0
session_008,candidate_07,pangram,key_18,space,56181.2,56261.1,79.9,False,0
session_008,candidate_07,pangram,key_14,alphanum,56982.6,57058,75.4,False,0
session_008,candidate_07,pangram,key_22,alphanum,57387.4,57476.9,89.5,False,0
session_008,candidate_07,pangram,key_25,alphanum,57703.4,57799,95.6,False,0
session_008,candidate_07,pangram,key_06,alphanum,57893.3,58016.6,123.3,False,0
session_008,candidate_07,pangram,key_18,space,58068.9,58151.7,82.8,False,0
session_008,candidate_07,pangram,key_12,alphanum,58857.8,58933.8,76,False,0
session_008,candidate_07,pangram,key_24,alphanum,59222.7,59321.6,98.9,False,0
session_008,candidate_07,pangram,key_05,alphanum,59516.3,59660.9,144.6,False,0
session_008,candidate_07,pangram,key_22,alphanum,59750.5,59836.7,86.2,False,0
session_008,candidate_07,pangram,key_03,alphanum,60011.8,60098.4,86.6,False,0
session_008,candidate_07,pangram,key_11,alphanum,60242.7,60331.2,88.5,False,0
session_008,candidate_07,pangram,key_18,space,60554.5,60588,33.5,False,0
session_008,candidate_07,pangram,key_10,alphanum,61126.1,61248.8,122.7,False,0
session_008,candidate_07,pangram,key_23,alphanum,61413.3,61489.9,76.6,False,0
session_008,candidate_07,pangram,key_13,backspace,62452.3,62564.5,112.2,False,0
session_008,candidate_07,pangram,key_22,alphanum,63101.7,63215.9,114.2,False,0
session_008,candidate_07,pangram,key_26,alphanum,63284.7,63400.1,115.4,False,0
session_008,candidate_07,pangram,key_16,alphanum,63502.6,63625,122.4,False,0
session_008,candidate_07,pangram,key_01,alphanum,63753.2,63859,105.8,False,0
session_008,candidate_07,pangram,key_28,alphanum,64013.8,64132.2,118.4,False,0
session_008,candidate_07,pangram,key_07,alphanum,64235.1,64369.7,134.6,False,0
session_008,candidate_07,pangram,key_18,space,64629.9,64697.4,67.5,False,0
session_008,candidate_07,pangram,key_29,alphanum,65319.7,65401.9,82.2,False,0
session_008,candidate_07,pangram,key_23,alphanum,65497.5,65586.7,89.2,False,0
session_008,candidate_07,pangram,key_20,alphanum,65719.4,65798,78.6,False,0
session_008,candidate_07,pangram,key_09,alphanum,66217.3,66309.8,92.5,False,0
session_008,candidate_07,pangram,key_18,space,66617.9,66683.1,65.2,False,0
session_008,candidate_07,pangram,key_27,alphanum,67546.1,67643.7,97.6,False,0
session_008,candidate_07,pangram,key_23,alphanum,67827.9,67924.2,96.3,False,0
session_008,candidate_07,pangram,key_22,alphanum,68036.3,68147.2,110.9,False,0
session_008,candidate_07,pangram,key_02,alphanum,68573.3,68632.7,59.4,False,0
session_008,candidate_07,pangram,key_08,alphanum,69140.1,69222,81.9,False,0
session_008,candidate_07,pangram,key_30,alphanum,69328.2,69420.5,92.3,False,0
session_008,candidate_07,pangram,key_19,alphanum,69628.9,69705.4,76.5,False,0
session_008,candidate_07,pangram,key_07,alphanum,70757.5,70890.2,132.7,False,0
session_008,candidate_07,pangram,key_09,alphanum,71090.5,71192.3,101.8,False,0
session_008,candidate_07,pangram,key_22,alphanum,71576,71678.5,102.5,False,0
session_008,candidate_07,pangram,key_03,alphanum,71844.2,71933.2,89,False,0
session_008,candidate_07,pangram,key_05,alphanum,72158.8,72293.8,135,False,0
session_008,candidate_07,pangram,key_13,backspace,73191.4,73286.7,95.3,False,0
session_008,candidate_07,pangram,key_13,backspace,73382.6,73477,94.4,False,0
session_008,candidate_07,pangram,key_13,backspace,73542.8,73619.6,76.8,False,0
session_008,candidate_07,pangram,key_15,alphanum,74771.3,74873.5,102.2,False,0
session_008,candidate_07,pangram,key_22,alphanum,75009,75124,115,False,0
session_008,candidate_07,pangram,key_03,alphanum,75272.9,75362.9,90,False,0
session_008,candidate_07,pangram,key_05,alphanum,75433.6,75581.4,147.8,False,0
session_008,candidate_07,pangram,key_18,space,75873.8,75956.7,82.9,False,0
session_008,candidate_07,pangram,key_09,alphanum,76502.6,76607.5,104.9,False,0
session_008,candidate_07,pangram,key_14,alphanum,77131,77252.8,121.8,False,0
session_008,candidate_07,pangram,key_18,space,77388.9,77472.4,83.5,False,0
session_008,candidate_07,pangram,key_13,backspace,78069.8,78165.8,96,False,0
session_008,candidate_07,pangram,key_13,backspace,78268,78352.8,84.8,False,0
session_008,candidate_07,pangram,key_13,backspace,78421.7,78524.4,102.7,False,0
session_008,candidate_07,pangram,key_24,alphanum,79106.5,79205.8,99.3,False,0
session_008,candidate_07,pangram,key_14,alphanum,79438.2,79527.2,89,False,0
session_008,candidate_07,pangram,key_18,space,79702.8,79781.5,78.7,False,0
session_008,candidate_07,pangram,key_12,alphanum,80457,80537,80,False,0
session_008,candidate_07,pangram,key_30,alphanum,80865.1,80954.1,89,False,0
session_008,candidate_07,pangram,key_02,alphanum,81506.8,81632.9,126.1,False,0
session_008,candidate_07,pangram,key_08,alphanum,81809.6,81898.7,89.1,False,0
session_008,candidate_07,pangram,key_18,space,82156,82242.7,86.7,False,0
session_008,candidate_07,pangram,key_13,backspace,82806.2,82901.9,95.7,False,0
session_008,candidate_07,pangram,key_13,backspace,83007,83108.9,101.9,False,0
session_008,candidate_07,pangram,key_13,backspace,83219.9,83313.2,93.3,False,0
session_008,candidate_07,pangram,key_16,alphanum,84045.9,84174.7,128.8,False,0
session_008,candidate_07,pangram,key_02,alphanum,84486.2,84608.6,122.4,False,0
session_008,candidate_07,pangram,key_08,alphanum,84799.6,84854.7,55.1,False,0
session_008,candidate_07,pangram,key_18,space,85121,85221.9,100.9,False,0
session_008,candidate_07,pangram,key_27,alphanum,86005.7,86153.3,147.6,False,0
session_008,candidate_07,pangram,key_23,alphanum,86376.6,86472.9,96.3,False,0
session_008,candidate_07,pangram,key_16,alphanum,86535.9,86667.6,131.7,False,0
session_008,candidate_07,free,key_10,alphanum,112814,112949,135.5,False,0
session_008,candidate_07,free,key_06,alphanum,113038,113153,115.2,False,0
session_008,candidate_07,free,key_18,space,113278,113360,82.6,False,0
session_008,candidate_07,free,key_28,alphanum,114231,114373,141.9,False,0
session_008,candidate_07,free,key_24,alphanum,114449,114559,110.2,False,0
session_008,candidate_07,free,key_03,alphanum,114760,114866,106.4,False,0
session_008,candidate_07,free,key_17,alphanum,115040,115116,75.8,False,0
session_008,candidate_07,free,key_04,symbol,117180,117282,102.1,True,20
session_008,candidate_07,free,key_13,backspace,118087,118206,118.6,False,0
session_008,candidate_07,free,key_04,symbol,119810,119907,97.3,True,20
session_008,candidate_07,free,key_13,backspace,121445,121460,14.5,False,0
session_008,candidate_07,free,key_13,backspace,121619,121744,125.6,False,0
session_008,candidate_07,free,key_17,alphanum,122640,122741,100.9,False,0
session_008,candidate_07,free,key_17,alphanum,123797,123892,95.9,False,0
session_008,candidate_07,free,key_13,backspace,125006,125142,135.8,False,0
session_008,candidate_07,free,key_13,backspace,125230,125337,107.3,False,0
session_008,candidate_07,free,key_04,symbol,126694,126806,112,True,23
session_008,candidate_07,free,key_13,backspace,127633,127732,98.4,False,0
session_008,candidate_07,free,key_04,symbol,128720,128822,101.6,True,21
session_008,candidate_07,free,key_13,backspace,129577,129706,129,False,0
session_008,candidate_07,free,key_04,symbol,131908,132004,96.5,True,10
session_008,candidate_07,free,key_13,backspace,132823,132912,88.8,False,0
session_008,candidate_07,free,key_04,symbol,134983,135094,111.7,False,0
session_008,candidate_07,free,key_17,alphanum,136097,136196,99.2,False,0
session_008,candidate_07,free,key_18,space,136476,136544,67.9,False,0
session_008,candidate_07,free,key_01,alphanum,137350,137466,116,False,0
session_008,candidate_07,free,key_06,alphanum,137613,137715,102,False,0
session_008,candidate_07,free,key_16,alphanum,137918,138017,98.3,False,0
session_008,candidate_07,free,key_28,alphanum,138196,138318,122.2,False,0
session_008,candidate_07,free,key_18,space,138357,138455,97.8,False,0
session_008,candidate_07,free,key_16,alphanum,138801,138977,176.1,False,0
session_008,candidate_07,free,key_03,alphanum,139027,139122,95.9,False,0
session_008,candidate_07,free,key_28,alphanum,139242,139354,112,False,0
session_008,candidate_07,free,key_18,space,139387,139475,88.1,False,0
session_008,candidate_07,free,key_10,alphanum,139905,140027,121.5,False,0
session_008,candidate_07,free,key_01,alphanum,140238,140356,117.5,False,0
session_008,candidate_07,free,key_22,alphanum,140448,140547,98.9,False,0
session_008,candidate_07,free,key_17,alphanum,140765,140864,99.5,False,0
session_008,candidate_07,free,key_06,alphanum,141007,141123,116.3,False,0
session_008,candidate_07,free,key_18,space,141204,141256,52.5,False,0
session_008,candidate_07,free,key_09,alphanum,141832,141925,93.1,False,0
session_008,candidate_07,free,key_24,alphanum,142047,142133,86.6,False,0
session_008,candidate_07,free,key_06,alphanum,142392,142516,125,False,0
session_008,candidate_07,free,key_01,alphanum,142655,142759,103.5,False,0
session_008,candidate_07,free,key_17,alphanum,142930,143049,119.1,False,0
session_008,candidate_07,free,key_01,alphanum,143164,143198,33.8,False,0
session_008,candidate_07,free,key_19,alphanum,143295,143364,69.3,False,0
session_008,candidate_07,free,key_13,backspace,143916,143986,70.5,False,0
session_008,candidate_07,free,key_13,backspace,144089,144164,75.5,False,0
session_008,candidate_07,free,key_13,backspace,144230,144374,143.7,False,0
session_008,candidate_07,free,key_13,backspace,144542,144614,72.7,False,0
session_008,candidate_07,free,key_17,alphanum,145246,145331,85.3,False,0
session_008,candidate_07,free,key_01,alphanum,145410,145523,113.2,False,0
session_008,candidate_07,free,key_19,alphanum,145526,145609,82.3,False,0
session_008,candidate_07,free,key_18,space,146636,146714,77.9,False,0
session_008,candidate_07,free,key_12,alphanum,147314,147396,82.4,False,0
session_008,candidate_07,free,key_06,alphanum,147591,147704,113.1,False,0
session_008,candidate_07,free,key_02,alphanum,148066,148182,115.9,False,0
session_008,candidate_07,free,key_16,alphanum,148593,148707,114.5,False,0
session_008,candidate_07,free,key_23,alphanum,149121,149238,116.1,False,0
session_008,candidate_07,free,key_07,alphanum,149293,149437,143.4,False,0
session_008,candidate_07,free,key_06,alphanum,149553,149687,133.3,False,0
session_008,candidate_07,free,key_18,space,149759,149848,89.7,False,0
session_008,candidate_07,free,key_22,alphanum,150427,150517,89.5,False,0
session_008,candidate_07,free,key_17,alphanum,150693,150772,79.6,False,0
session_008,candidate_07,free,key_18,space,151012,151061,48.9,False,0
session_008,candidate_07,free,key_22,alphanum,151286,151378,91.6,False,0
session_008,candidate_07,free,key_07,alphanum,151467,151617,150.2,False,0
session_008,candidate_07,free,key_18,space,151660,151742,82.2,False,0
session_008,candidate_07,free,key_02,alphanum,151999,152134,135,False,0
session_008,candidate_07,free,key_23,alphanum,152295,152377,82,False,0
session_008,candidate_07,free,key_17,alphanum,152554,152629,74.9,False,0
session_008,candidate_07,free,key_06,alphanum,152726,152874,148.7,False,0
session_008,candidate_07,free,key_18,space,152944,153026,82.4,False,0
session_008,candidate_07,free,key_10,alphanum,153613,153742,128.9,False,0
session_008,candidate_07,free,key_06,alphanum,153838,153963,125.7,False,0
session_008,candidate_07,free,key_18,space,153999,154104,104.6,False,0
session_008,candidate_07,free,key_10,alphanum,154334,154466,132.4,False,0
session_008,candidate_07,free,key_01,alphanum,154655,154727,72.2,False,0
session_008,candidate_07,free,key_22,alphanum,155067,155169,101.9,False,0
session_008,candidate_07,free,key_17,alphanum,155333,155409,75.8,False,0
session_008,candidate_07,free,key_06,alphanum,155483,,,False,0
session_008,candidate_07,free,key_01,alphanum,158420,158548,128,False,0
session_008,candidate_07,free,key_06,alphanum,158638,158744,106,False,0
session_008,candidate_07,free,key_16,alphanum,159296,159417,120.6,False,0
session_008,candidate_07,free,key_28,alphanum,159570,159704,134.9,False,0
session_008,candidate_07,free,key_18,space,159787,159874,87.3,False,0
session_008,candidate_07,free,key_16,alphanum,159957,160108,151.3,False,0
session_008,candidate_07,free,key_03,alphanum,160146,160248,102.1,False,0
session_008,candidate_07,free,key_28,alphanum,160374,160566,192.2,False,0
session_008,candidate_07,free,key_18,space,160516,160611,95.2,False,0
session_008,candidate_07,free,key_10,alphanum,160897,161045,147.9,False,0
session_008,candidate_07,free,key_01,alphanum,161425,161544,119.3,False,0
session_008,candidate_07,free,key_22,alphanum,161658,161760,102,False,0
session_008,candidate_07,free,key_17,alphanum,161923,162006,82.6,False,0
session_008,candidate_07,free,key_06,alphanum,162039,162174,135.5,False,0
session_008,candidate_07,free,key_18,space,162284,162341,57,False,0
session_008,candidate_07,free,key_09,alphanum,162983,163065,82.7,False,0
session_008,candidate_07,free,key_24,alphanum,163180,163280,99.6,False,0
session_008,candidate_07,free,key_06,alphanum,163415,163558,142.5,False,0
session_008,candidate_07,free,key_17,alphanum,163654,163736,82.4,False,0
session_008,candidate_07,free,key_01,alphanum,163817,163949,131.6,False,0
session_008,candidate_07,free,key_19,alphanum,163954,164039,85.3,False,0
session_008,candidate_07,free,key_18,space,164306,164424,118.4,False,0
session_008,candidate_07,free,key_12,alphanum,165001,165097,96,False,0
session_008,candidate_07,free,key_06,alphanum,165256,165384,128.1,False,0
session_008,candidate_07,free,key_02,alphanum,165507,165593,86,False,0
session_008,candidate_07,free,key_16,alphanum,165698,165787,88.3,False,0
session_008,candidate_07,free,key_23,alphanum,166191,166304,112.7,False,0
session_008,candidate_07,free,key_07,alphanum,166326,166454,128.8,False,0
session_008,candidate_07,free,key_06,alphanum,166540,166656,115.9,False,0
session_008,candidate_07,free,key_18,space,166779,166861,82.4,False,0
session_008,candidate_07,free,key_10,alphanum,167389,167512,122.9,False,0
session_008,candidate_07,free,key_06,alphanum,167597,167691,93.4,False,0
session_008,candidate_07,free,key_18,space,167779,167878,98.9,False,0
session_008,candidate_07,free,key_16,alphanum,167901,168027,125.9,False,0
session_008,candidate_07,free,key_01,alphanum,168713,168835,122,False,0
session_008,candidate_07,free,key_06,alphanum,168987,169115,127.6,False,0
session_008,candidate_07,free,key_18,space,169342,169448,106.3,False,0
session_008,candidate_07,free,key_20,alphanum,169960,170056,95.9,False,0
session_008,candidate_07,free,key_06,alphanum,170221,170363,142,False,0
session_008,candidate_07,free,key_03,alphanum,170473,170542,68.8,False,0
session_008,candidate_07,free,key_13,backspace,171425,171503,77.9,False,0
session_008,candidate_07,free,key_20,alphanum,171830,171933,102.3,False,0
session_008,candidate_07,free,key_06,alphanum,172501,172623,121.9,False,0
session_008,candidate_07,free,key_01,alphanum,172748,172856,108.7,False,0
session_008,candidate_07,free,key_07,alphanum,173008,173164,156.4,False,0
session_008,candidate_07,free,key_18,space,173172,173271,99.5,False,0
session_008,candidate_07,free,key_13,backspace,173879,173981,102,False,0
session_008,candidate_07,free,key_13,backspace,174086,174168,81.4,False,0
session_008,candidate_07,free,key_13,backspace,174240,174323,82.4,False,0
session_008,candidate_07,free,key_13,backspace,174409,174481,72.2,False,0
session_008,candidate_07,free,key_12,alphanum,175092,175199,107.4,False,0
session_008,candidate_07,free,key_06,alphanum,175305,175405,100.3,False,0
session_008,candidate_07,free,key_01,alphanum,175552,175650,98.7,False,0
session_008,candidate_07,free,key_07,alphanum,175818,175960,141.9,False,0
session_008,candidate_07,free,key_18,space,175954,176038,84,False,0
session_008,candidate_07,free,key_24,alphanum,176661,176743,82.2,False,0
session_008,candidate_07,free,key_14,alphanum,176971,177091,120.2,False,0
session_008,candidate_07,free,key_18,space,177171,177250,79.6,False,0
session_008,candidate_07,free,key_17,alphanum,177421,177506,85.1,False,0
session_008,candidate_07,free,key_15,alphanum,177650,177792,141.7,False,0
session_008,candidate_07,free,key_06,alphanum,177738,177874,137,False,0
session_008,candidate_07,free,key_18,space,177949,178030,81.2,False,0
session_008,candidate_07,free,key_15,alphanum,179053,179150,96.1,False,0
session_008,candidate_07,free,key_23,alphanum,179377,179463,86,False,0
session_008,candidate_07,free,key_20,alphanum,179650,179739,89,False,0
session_008,candidate_07,free,key_03,alphanum,179972,180085,113.2,False,0
session_008,candidate_07,free,key_18,space,180240,180337,97.3,False,0
session_008,candidate_07,free,key_13,backspace,180980,181072,92.3,False,0
session_008,candidate_07,free,key_13,backspace,181155,181224,69.1,False,0
session_008,candidate_07,free,key_13,backspace,181316,181395,78.5,False,0
session_008,candidate_07,free,key_20,alphanum,182927,183006,79.3,False,0
session_008,candidate_07,free,key_16,alphanum,183070,183236,165.1,False,0
session_008,candidate_07,free,key_03,alphanum,183212,183297,85.7,False,0
session_008,candidate_07,free,key_18,space,183457,183538,80.3,False,0
session_008,candidate_07,free,key_01,alphanum,184189,184298,109.2,False,0
session_008,candidate_07,free,key_16,alphanum,184522,184673,151.5,False,0
session_008,candidate_07,free,key_02,alphanum,184713,184801,88.1,False,0
session_008,candidate_07,free,key_06,alphanum,184874,185000,126,False,0
session_008,candidate_07,free,key_18,space,185039,185122,83.3,False,0
session_008,candidate_07,free,key_16,alphanum,185657,185808,150.3,False,0
session_008,candidate_07,free,key_03,alphanum,185822,185907,85.2,False,0
session_008,candidate_07,free,key_28,alphanum,186189,186308,119.1,False,0
session_008,candidate_07,free,key_18,space,186351,186434,82.7,False,0
session_008,candidate_07,free,key_15,alphanum,186758,186830,72.4,False,0
session_008,candidate_07,free,key_23,alphanum,187015,187105,90,False,0
session_008,candidate_07,free,key_20,alphanum,187301,187388,86.2,False,0
session_008,candidate_07,free,key_16,alphanum,187527,,,False,0
session_008,candidate_07,free,key_03,alphanum,187579,,,False,0
session_008,candidate_07,free,key_17,alphanum,189717,189800,82.2,False,0
session_008,candidate_07,free,key_15,alphanum,189938,190064,125.9,False,0
session_008,candidate_07,free,key_06,alphanum,190133,190251,117.6,False,0
session_008,candidate_07,free,key_18,space,190313,190390,77,False,0
session_008,candidate_07,free,key_15,alphanum,191136,191214,78.2,False,0
session_008,candidate_07,free,key_16,alphanum,191340,191484,144.5,False,0
session_008,candidate_07,free,key_23,alphanum,191599,191673,74.1,False,0
session_008,candidate_07,free,key_20,alphanum,191835,191921,85.9,False,0
session_008,candidate_07,free,key_16,alphanum,192038,,,False,0
session_008,candidate_07,free,key_03,alphanum,192172,,,False,0
session_008,candidate_07,free,key_23,alphanum,194197,194282,85.4,False,0
session_008,candidate_07,free,key_20,alphanum,194500,194590,89.7,False,0
session_008,candidate_07,free,key_16,alphanum,195187,195328,140.8,False,0
session_008,candidate_07,free,key_03,alphanum,195364,195457,92.2,False,0
session_008,candidate_07,free,key_18,space,195856,195949,92.8,False,0
session_008,candidate_07,free,key_01,alphanum,196543,196656,112.9,False,0
session_008,candidate_07,free,key_16,alphanum,196845,196988,143.3,False,0
session_008,candidate_07,free,key_02,alphanum,197027,197119,92.2,False,0
session_008,candidate_07,free,key_06,alphanum,197181,197331,149.3,False,0
session_008,candidate_07,free,key_18,space,197367,197447,79.6,False,0
session_008,candidate_07,free,key_22,alphanum,198231,198310,79.4,False,0
session_008,candidate_07,free,key_07,alphanum,198426,198562,136.1,False,0
session_008,candidate_07,free,key_18,space,198635,198705,69.7,False,0
session_008,candidate_07,free,key_14,alphanum,198870,199004,134,False,0
session_008,candidate_07,free,key_22,alphanum,199205,199264,58.6,False,0
session_008,candidate_07,free,key_30,alphanum,199447,199524,76.9,False,0
session_008,candidate_07,free,key_30,alphanum,199629,199712,83.1,False,0
session_008,candidate_07,free,key_06,alphanum,200070,200175,104.9,False,0
session_008,candidate_07,free,key_28,alphanum,200512,200641,128.4,False,0
session_008,candidate_07,free,key_18,space,200755,200833,78.2,False,0
session_008,candidate_07,free,key_10,alphanum,201756,201890,133.6,False,0
session_008,candidate_07,free,key_22,alphanum,202009,202098,88.9,False,0
session_008,candidate_07,free,key_17,alphanum,202290,202380,90,False,0
session_008,candidate_07,free,key_15,alphanum,202509,202605,96.4,False,0
session_008,candidate_07,free,key_18,space,202802,202878,75.3,False,0
session_008,candidate_07,free,key_09,alphanum,203181,203263,81.8,False,0
session_008,candidate_07,free,key_16,alphanum,203376,203421,45,False,0
session_008,candidate_07,free,key_07,alphanum,203867,203992,125,False,0
session_008,candidate_07,free,key_07,alphanum,204114,204232,118.5,False,0
session_008,candidate_07,free,key_22,alphanum,204662,204751,88.8,False,0
session_008,candidate_07,free,key_22,alphanum,204893,204938,44.3,False,0
